,Estimate,CSEM,Score,Max score,p,Infit MS,Infit Z,Outfit MS,Outfit Z
Person_1,0.008,0.389,20,38,0.526,0.639,-0.743,0.633,-0.778
Person_2,-2.598,0.529,4,38,0.105,0.465,-0.959,0.331,-0.978
Person_3,1.784,0.478,30,38,0.789,0.581,-0.802,1.212,0.516
Person_4,1.358,0.45,28,38,0.737,1.643,1.229,3.301,2.555
Person_5,-2.896,0.588,3,38,0.079,0.821,-0.082,0.587,-0.276
Person_6,-1.769,0.419,8,38,0.211,0.593,-0.903,0.548,-0.853
Person_7,-0.287,0.384,18,38,0.474,0.689,-0.593,0.625,-0.837
Person_8,-0.866,0.382,14,38,0.368,0.596,-0.905,0.688,-0.657
Person_9,0.63,0.409,24,38,0.632,1.069,0.301,1.215,0.563
Person_10,-1.45,0.398,10,38,0.263,0.795,-0.364,0.797,-0.296
Person_11,1.784,0.478,30,38,0.789,0.795,-0.263,0.613,-0.387
Person_12,1.358,0.45,28,38,0.737,1.287,0.686,2.929,2.276
Person_13,-0.433,0.383,17,38,0.447,0.858,-0.164,0.787,-0.379
Person_14,1.784,0.478,30,38,0.789,0.723,-0.432,0.559,-0.493
Person_15,1.784,0.478,30,38,0.789,0.794,-0.264,1.577,0.923
Person_16,-1.45,0.398,10,38,0.263,1.178,0.532,1.102,0.366
Person_17,1.358,0.45,28,38,0.737,0.936,0.042,0.663,-0.407
Person_18,-0.866,0.382,14,38,0.368,1.173,0.514,1.32,0.811
Person_19,1.358,0.45,28,38,0.737,1.115,0.387,0.899,0.042
Person_20,-0.578,0.382,16,38,0.421,0.705,-0.555,0.761,-0.453
Person_21,0.158,0.392,21,38,0.553,0.457,-1.333,0.49,-1.206
Person_22,-1.769,0.419,8,38,0.211,0.712,-0.554,0.563,-0.81
Person_23,2.857,0.588,34,38,0.895,0.434,-1.128,0.324,-0.473
Person_24,-0.578,0.382,16,38,0.421,0.671,-0.649,0.7,-0.626
Person_25,0.008,0.389,20,38,0.526,1.567,1.2,1.297,0.747
Person_26,-0.723,0.382,15,38,0.395,0.811,-0.289,0.724,-0.556
Person_27,0.467,0.402,23,38,0.605,1.541,1.144,1.375,0.846
Person_28,0.008,0.389,20,38,0.526,1.066,0.294,1.026,0.208
Person_29,1.162,0.438,27,38,0.711,1.48,0.996,1.151,0.441
Person_30,1.162,0.438,27,38,0.711,0.992,0.152,0.783,-0.203
Person_31,3.22,0.646,35,38,0.921,0.714,-0.34,1.011,0.447
Person_32,-0.723,0.382,15,38,0.395,1.975,1.819,1.958,1.873
Person_33,-0.578,0.382,16,38,0.421,1.656,1.337,1.83,1.681
Person_34,-1.45,0.398,10,38,0.263,1.09,0.345,0.908,-0.039
Person_35,0.467,0.402,23,38,0.605,0.985,0.125,0.886,-0.076
Person_36,2.269,0.519,32,38,0.842,0.802,-0.237,0.55,-0.337
Person_37,0.158,0.392,21,38,0.553,1.714,1.429,1.857,1.631
Person_38,-1.605,0.407,9,38,0.237,1.048,0.255,1.278,0.678
Person_39,-1.154,0.387,12,38,0.316,1.075,0.314,0.968,0.078
Person_40,1.162,0.438,27,38,0.711,0.708,-0.476,0.577,-0.657
Person_41,1.358,0.45,28,38,0.737,1.214,0.563,2.885,2.241
Person_42,1.162,0.438,27,38,0.711,1.423,0.908,1.496,0.928
Person_43,-1.605,0.407,9,38,0.237,0.274,-2.239,0.283,-1.888
Person_44,0.467,0.402,23,38,0.605,0.898,-0.067,0.756,-0.377
Person_45,0.008,0.389,20,38,0.526,1.087,0.337,1.16,0.486
Person_46,0.63,0.409,24,38,0.632,0.582,-0.871,0.464,-1.155
Person_47,1.565,0.463,29,38,0.763,0.34,-1.603,0.281,-1.326
Person_48,0.976,0.427,26,38,0.684,0.433,-1.295,0.601,-0.653
Person_49,0.467,0.402,23,38,0.605,0.919,-0.019,0.853,-0.15
Person_50,0.158,0.392,21,38,0.553,1.008,0.171,0.773,-0.374
Person_51,0.008,0.389,20,38,0.526,1.778,1.523,1.728,1.468
Person_52,1.358,0.45,28,38,0.737,1.34,0.774,1.708,1.146
Person_53,-2.598,0.529,4,38,0.105,0.805,-0.162,0.593,-0.386
Person_54,-0.578,0.382,16,38,0.421,1.402,0.924,1.28,0.736
Person_55,-0.578,0.382,16,38,0.421,1.854,1.63,2.123,2.109
Person_56,-0.723,0.382,15,38,0.395,0.702,-0.574,0.694,-0.645
Person_57,-0.578,0.382,16,38,0.421,1.566,1.196,1.562,1.249
Person_58,2.546,0.549,33,38,0.868,0.681,-0.501,0.461,-0.38
Person_59,-1.301,0.391,11,38,0.289,0.78,-0.408,0.986,0.124
Person_60,1.162,0.438,27,38,0.711,0.811,-0.23,0.61,-0.579
Person_61,-3.273,0.679,2,38,0.053,0.902,0.104,1.257,0.575
Person_62,-0.14,0.386,19,38,0.5,0.575,-0.929,0.531,-1.125
Person_63,-0.287,0.384,18,38,0.474,0.88,-0.111,0.987,0.118
Person_64,0.63,0.409,24,38,0.632,0.939,0.029,1.238,0.603
Person_65,1.565,0.463,29,38,0.763,0.932,0.034,0.679,-0.32
Person_66,1.565,0.463,29,38,0.763,1.523,1.055,1.65,1.038
Person_67,-0.578,0.382,16,38,0.421,0.853,-0.177,0.842,-0.238
Person_68,-1.154,0.387,12,38,0.316,0.466,-1.401,0.668,-0.689
Person_69,1.162,0.438,27,38,0.711,0.722,-0.441,1.186,0.494
Person_70,-0.14,0.386,19,38,0.5,2.157,2.036,1.941,1.805
Person_71,-2.35,0.488,5,38,0.132,0.407,-1.257,0.319,-1.187
Person_72,-1.605,0.407,9,38,0.237,0.96,0.054,0.933,0.029
Person_73,-1.605,0.407,9,38,0.237,0.762,-0.442,0.66,-0.609
Person_74,0.976,0.427,26,38,0.684,0.669,-0.586,0.569,-0.733
Person_75,0.158,0.392,21,38,0.553,0.665,-0.67,0.562,-0.971
Person_76,0.799,0.417,25,38,0.658,0.894,-0.06,0.984,0.147
Person_77,0.467,0.402,23,38,0.605,1.475,1.038,1.631,1.242
Person_78,0.008,0.389,20,38,0.526,0.919,-0.025,0.812,-0.29
Person_79,0.158,0.392,21,38,0.553,1.314,0.771,1.435,0.979
Person_80,-1.01,0.384,13,38,0.342,0.783,-0.384,0.946,0.022
Person_81,0.158,0.392,21,38,0.553,1.008,0.171,0.773,-0.374
Person_82,-0.866,0.382,14,38,0.368,0.714,-0.555,0.804,-0.334
Person_83,0.467,0.402,23,38,0.605,0.896,-0.071,1.051,0.267
Person_84,-0.287,0.384,18,38,0.474,0.974,0.099,1.427,1.002
Person_85,-1.605,0.407,9,38,0.237,0.392,-1.676,0.348,-1.608
Person_86,1.565,0.463,29,38,0.763,0.682,-0.533,0.563,-0.559
Person_87,-0.433,0.383,17,38,0.447,1.031,0.221,1.19,0.555
Person_88,-0.14,0.386,19,38,0.5,1.815,1.57,2.069,1.985
Person_89,-0.14,0.386,19,38,0.5,0.915,-0.032,0.881,-0.128
Person_90,0.467,0.402,23,38,0.605,0.541,-1.022,0.555,-0.919
Person_91,1.162,0.438,27,38,0.711,0.851,-0.141,0.954,0.116
Person_92,-0.433,0.383,17,38,0.447,1.204,0.564,1.445,1.04
Person_93,-0.723,0.382,15,38,0.395,1.382,0.897,1.449,1.052
Person_94,0.311,0.397,22,38,0.579,0.83,-0.233,0.838,-0.2
Person_95,-2.135,0.458,6,38,0.158,1.221,0.578,0.902,0.038
Person_96,-1.944,0.436,7,38,0.184,0.413,-1.448,0.872,-0.048
Person_97,-1.944,0.436,7,38,0.184,1.303,0.74,1.015,0.215
Person_98,-1.154,0.387,12,38,0.316,1.511,1.162,1.879,1.708
Person_99,0.311,0.397,22,38,0.579,1.311,0.765,1.348,0.816
Person_100,-1.605,0.407,9,38,0.237,1.129,0.428,1.174,0.496
Person_101,-0.723,0.382,15,38,0.395,1.433,0.986,1.682,1.448
Person_102,2.546,0.549,33,38,0.868,0.807,-0.212,0.606,-0.151
Person_103,-0.14,0.386,19,38,0.5,0.972,0.095,0.82,-0.278
Person_104,0.467,0.402,23,38,0.605,1.044,0.248,1.429,0.933
Person_105,-0.578,0.382,16,38,0.421,1.775,1.515,1.332,0.834
Person_106,0.158,0.392,21,38,0.553,0.828,-0.24,1.484,1.061
Person_107,-1.944,0.436,7,38,0.184,0.32,-1.832,0.273,-1.673
Person_108,-0.866,0.382,14,38,0.368,1.592,1.265,1.814,1.65
Person_109,1.565,0.463,29,38,0.763,0.991,0.152,0.803,-0.093
Person_110,-2.598,0.529,4,38,0.105,0.295,-1.517,0.259,-1.194
Person_111,0.008,0.389,20,38,0.526,0.858,-0.168,0.847,-0.203
Person_112,0.63,0.409,24,38,0.632,0.812,-0.26,0.807,-0.235
Person_113,-0.723,0.382,15,38,0.395,0.953,0.05,1.05,0.257
Person_114,-2.135,0.458,6,38,0.158,1.089,0.34,1.25,0.583
Person_115,0.008,0.389,20,38,0.526,1.323,0.787,1.56,1.203
Person_116,-0.433,0.383,17,38,0.447,0.747,-0.438,0.738,-0.512
Person_117,0.311,0.397,22,38,0.579,1.249,0.651,1.028,0.217
Person_118,0.467,0.402,23,38,0.605,0.541,-1.022,0.555,-0.919
Person_119,1.784,0.478,30,38,0.789,0.948,0.066,0.741,-0.155
Person_120,-0.433,0.383,17,38,0.447,1.028,0.216,0.897,-0.098
Person_121,-1.45,0.398,10,38,0.263,0.997,0.138,0.916,-0.021
Person_122,0.008,0.389,20,38,0.526,0.772,-0.381,0.712,-0.551
Person_123,0.467,0.402,23,38,0.605,0.789,-0.328,0.746,-0.402
Person_124,2.017,0.496,31,38,0.816,1.773,1.401,1.155,0.45
Person_125,2.269,0.519,32,38,0.842,1.427,0.9,0.948,0.228
Person_126,0.63,0.409,24,38,0.632,1.692,1.357,1.611,1.182
Person_127,2.857,0.588,34,38,0.895,1.012,0.206,0.695,0.064
Person_128,-1.301,0.391,11,38,0.289,1.873,1.76,1.724,1.445
Person_129,-1.301,0.391,11,38,0.289,0.796,-0.365,0.949,0.042
Person_130,-1.45,0.398,10,38,0.263,0.221,-2.592,0.252,-2.149
Person_131,-0.433,0.383,17,38,0.447,0.653,-0.692,0.697,-0.631
Person_132,-1.605,0.407,9,38,0.237,1.526,1.176,1.596,1.177
Person_133,1.162,0.438,27,38,0.711,1.675,1.281,1.273,0.623
Person_134,-0.578,0.382,16,38,0.421,0.616,-0.809,0.684,-0.672
Person_135,-1.769,0.419,8,38,0.211,0.405,-1.561,0.348,-1.506
Person_136,-1.769,0.419,8,38,0.211,1.097,0.357,0.825,-0.176
Person_137,0.467,0.402,23,38,0.605,0.731,-0.474,0.681,-0.568
Person_138,1.565,0.463,29,38,0.763,0.793,-0.267,0.647,-0.383
Person_139,2.857,0.588,34,38,0.895,0.509,-0.904,0.362,-0.403
Person_140,3.664,0.736,36,38,0.947,0.883,0.037,0.554,0.211
Person_141,1.162,0.438,27,38,0.711,0.952,0.072,0.874,-0.027
Person_142,-1.45,0.398,10,38,0.263,1.266,0.71,1.041,0.244
Person_143,-3.273,0.679,2,38,0.053,0.952,0.176,3.015,1.634
Person_144,0.311,0.397,22,38,0.579,0.571,-0.942,0.532,-1.029
Person_145,-0.723,0.382,15,38,0.395,1.092,0.348,0.902,-0.088
Person_146,-1.45,0.398,10,38,0.263,0.666,-0.733,0.497,-1.143
Person_147,-0.866,0.382,14,38,0.368,1.599,1.277,1.454,1.056
Person_148,-0.287,0.384,18,38,0.474,0.676,-0.629,0.695,-0.629
Person_149,2.269,0.519,32,38,0.842,1.287,0.679,0.862,0.121
Person_150,0.63,0.409,24,38,0.632,1.213,0.575,1.353,0.793
Person_151,-0.723,0.382,15,38,0.395,0.933,0.005,1.456,1.064
Person_152,-1.01,0.384,13,38,0.342,1.16,0.491,0.96,0.056
Person_153,-2.135,0.458,6,38,0.158,0.797,-0.265,0.695,-0.356
Person_154,-0.433,0.383,17,38,0.447,0.918,-0.025,0.757,-0.46
Person_155,-0.287,0.384,18,38,0.474,0.654,-0.69,0.618,-0.858
Person_156,2.857,0.588,34,38,0.895,0.733,-0.347,0.471,-0.227
Person_157,0.008,0.389,20,38,0.526,0.314,-1.917,0.412,-1.531
Person_158,0.799,0.417,25,38,0.658,0.654,-0.645,0.521,-0.924
Person_159,-1.01,0.384,13,38,0.342,0.952,0.037,0.848,-0.215
Person_160,-1.769,0.419,8,38,0.211,1.041,0.241,0.86,-0.102
Person_161,-1.769,0.419,8,38,0.211,0.395,-1.603,0.388,-1.358
Person_162,-1.45,0.398,10,38,0.263,0.697,-0.641,0.645,-0.691
Person_163,2.857,0.588,34,38,0.895,0.594,-0.678,0.395,-0.347
Person_164,-1.154,0.387,12,38,0.316,1.016,0.181,1.006,0.164
Person_165,0.799,0.417,25,38,0.658,1.283,0.694,1.819,1.42
Person_166,-1.01,0.384,13,38,0.342,0.981,0.104,1.65,1.379
Person_167,1.784,0.478,30,38,0.789,0.64,-0.643,0.46,-0.708
Person_168,1.162,0.438,27,38,0.711,1.092,0.346,1.429,0.839
Person_169,-0.578,0.382,16,38,0.421,0.914,-0.036,0.822,-0.291
Person_170,-0.287,0.384,18,38,0.474,1.643,1.309,1.202,0.576
Person_171,-0.578,0.382,16,38,0.421,0.776,-0.368,0.741,-0.509
Person_172,0.799,0.417,25,38,0.658,0.759,-0.373,0.769,-0.294
Person_173,-1.01,0.384,13,38,0.342,0.531,-1.142,0.58,-0.977
Person_174,-1.301,0.391,11,38,0.289,0.581,-1.005,0.86,-0.163
Person_175,-1.45,0.398,10,38,0.263,1.125,0.421,0.907,-0.041
Person_176,-0.433,0.383,17,38,0.447,0.844,-0.196,0.779,-0.402
Person_177,2.269,0.519,32,38,0.842,0.453,-1.167,0.319,-0.808
Person_178,0.467,0.402,23,38,0.605,0.354,-1.704,0.524,-1.016
Person_179,-0.287,0.384,18,38,0.474,0.714,-0.525,0.642,-0.783
Person_180,0.976,0.427,26,38,0.684,0.364,-1.55,0.599,-0.658
Person_181,3.664,0.736,36,38,0.947,0.425,-0.904,0.275,-0.106
Person_182,0.799,0.417,25,38,0.658,1.447,0.966,2.083,1.738
Person_183,-0.866,0.382,14,38,0.368,1.99,1.867,1.519,1.17
Person_184,0.976,0.427,26,38,0.684,1.711,1.344,1.601,1.099
Person_185,0.976,0.427,26,38,0.684,1.094,0.349,1.108,0.373
Person_186,2.269,0.519,32,38,0.842,0.314,-1.677,0.244,-1.01
Person_187,0.467,0.402,23,38,0.605,1.319,0.773,1.626,1.235
Person_188,-2.135,0.458,6,38,0.158,0.696,-0.509,0.655,-0.441
Person_189,-1.301,0.391,11,38,0.289,0.489,-1.328,0.483,-1.242
Person_190,3.22,0.646,35,38,0.921,0.611,-0.568,0.44,-0.109
Person_191,2.269,0.519,32,38,0.842,0.679,-0.528,0.471,-0.481
Person_192,0.008,0.389,20,38,0.526,0.864,-0.152,0.883,-0.115
Person_193,-0.866,0.382,14,38,0.368,0.946,0.029,1.041,0.238
Person_194,2.017,0.496,31,38,0.816,0.572,-0.824,0.412,-0.717
Person_195,-1.45,0.398,10,38,0.263,1.187,0.552,1.044,0.251
Person_196,-1.01,0.384,13,38,0.342,0.745,-0.487,0.776,-0.401
Person_197,0.467,0.402,23,38,0.605,0.907,-0.047,0.721,-0.464
Person_198,-1.301,0.391,11,38,0.289,0.662,-0.749,0.743,-0.457
Person_199,-0.14,0.386,19,38,0.5,0.372,-1.653,0.412,-1.563
Person_200,-0.14,0.386,19,38,0.5,0.895,-0.079,0.999,0.147
Person_201,0.467,0.402,23,38,0.605,0.978,0.111,0.815,-0.237
Person_202,1.565,0.463,29,38,0.763,1.031,0.23,0.855,-0.006
Person_203,0.311,0.397,22,38,0.579,1.338,0.813,1.221,0.592
Person_204,0.976,0.427,26,38,0.684,0.666,-0.596,0.65,-0.533
Person_205,-2.896,0.588,3,38,0.079,0.396,-1.022,0.309,-0.834
Person_206,0.311,0.397,22,38,0.579,0.587,-0.894,0.687,-0.577
Person_207,-1.605,0.407,9,38,0.237,1.784,1.596,1.988,1.709
Person_208,-1.944,0.436,7,38,0.184,1.629,1.271,4.014,3.314
Person_209,-0.866,0.382,14,38,0.368,1.09,0.344,1.131,0.433
Person_210,-0.723,0.382,15,38,0.395,0.606,-0.854,0.652,-0.77
Person_211,0.976,0.427,26,38,0.684,1.371,0.832,1.102,0.363
Person_212,-1.605,0.407,9,38,0.237,1.144,0.459,1.159,0.469
Person_213,-0.433,0.383,17,38,0.447,0.447,-1.353,0.55,-1.091
Person_214,-0.723,0.382,15,38,0.395,1.588,1.242,1.318,0.808
Person_215,-0.14,0.386,19,38,0.5,0.419,-1.465,0.488,-1.276
Person_216,1.784,0.478,30,38,0.789,0.718,-0.445,0.598,-0.416
Person_217,0.976,0.427,26,38,0.684,1.442,0.946,1.478,0.934
Person_218,2.017,0.496,31,38,0.816,0.44,-1.23,0.297,-1.012
Person_219,0.467,0.402,23,38,0.605,1.452,1.0,1.325,0.762
Person_220,-1.01,0.384,13,38,0.342,1.162,0.495,1.067,0.295
Person_221,-0.287,0.384,18,38,0.474,0.586,-0.89,0.732,-0.521
Person_222,0.63,0.409,24,38,0.632,0.389,-1.526,0.373,-1.473
Person_223,0.008,0.389,20,38,0.526,1.026,0.21,1.125,0.416
Person_224,-1.01,0.384,13,38,0.342,1.321,0.808,1.112,0.391
Person_225,0.799,0.417,25,38,0.658,1.084,0.331,1.198,0.527
Person_226,0.008,0.389,20,38,0.526,0.588,-0.896,0.661,-0.695
Person_227,4.236,0.893,37,38,0.974,0.865,0.09,0.615,0.505
Person_228,3.664,0.736,36,38,0.947,0.882,0.034,0.559,0.215
Person_229,-1.45,0.398,10,38,0.263,0.286,-2.215,0.29,-1.96
Person_230,-0.14,0.386,19,38,0.5,0.534,-1.058,0.673,-0.677
Person_231,-2.135,0.458,6,38,0.158,1.895,1.581,1.43,0.824
Person_232,-1.154,0.387,12,38,0.316,1.176,0.528,1.263,0.689
Person_233,0.799,0.417,25,38,0.658,1.469,1.001,1.186,0.507
Person_234,2.017,0.496,31,38,0.816,1.171,0.486,0.857,0.069
Person_235,-0.866,0.382,14,38,0.368,0.828,-0.257,0.787,-0.379
Person_236,-1.301,0.391,11,38,0.289,1.545,1.227,1.368,0.868
Person_237,-2.135,0.458,6,38,0.158,0.521,-0.992,0.401,-1.083
Person_238,-0.578,0.382,16,38,0.421,0.652,-0.704,0.65,-0.774
Person_239,-1.769,0.419,8,38,0.211,2.098,1.998,1.986,1.633
Person_240,-1.01,0.384,13,38,0.342,0.613,-0.875,0.587,-0.955
Person_241,-2.35,0.488,5,38,0.132,1.216,0.554,1.084,0.346
Person_242,-0.287,0.384,18,38,0.474,1.134,0.431,1.491,1.114
Person_243,-2.35,0.488,5,38,0.132,1.129,0.409,0.77,-0.147
Person_244,-3.273,0.679,2,38,0.053,0.757,-0.123,0.507,-0.243
Person_245,2.017,0.496,31,38,0.816,0.364,-1.501,0.295,-1.016
Person_246,-1.605,0.407,9,38,0.237,0.877,-0.145,1.315,0.739
Person_247,-1.944,0.436,7,38,0.184,0.745,-0.43,0.638,-0.549
Person_248,2.269,0.519,32,38,0.842,0.5,-1.02,1.803,1.041
Person_249,4.497,,38,38,1.0,,,,
Person_250,-2.35,0.488,5,38,0.132,0.93,0.047,1.523,0.896
Person_251,-0.433,0.383,17,38,0.447,0.63,-0.759,0.65,-0.771
Person_252,0.008,0.389,20,38,0.526,0.587,-0.897,0.68,-0.643
Person_253,2.857,0.588,34,38,0.895,2.938,2.523,2.198,1.18
Person_254,-0.866,0.382,14,38,0.368,1.175,0.518,0.842,-0.236
Person_255,-0.433,0.383,17,38,0.447,0.647,-0.712,0.697,-0.63
Person_256,1.162,0.438,27,38,0.711,1.206,0.551,0.928,0.071
Person_257,0.976,0.427,26,38,0.684,1.446,0.952,1.84,1.397
Person_258,0.311,0.397,22,38,0.579,0.473,-1.27,0.521,-1.065
Person_259,0.311,0.397,22,38,0.579,0.641,-0.732,0.887,-0.087
Person_260,-1.605,0.407,9,38,0.237,0.264,-2.294,0.273,-1.94
Person_261,-0.14,0.386,19,38,0.5,1.007,0.171,1.092,0.348
Person_262,0.008,0.389,20,38,0.526,1.034,0.228,1.253,0.666
Person_263,0.467,0.402,23,38,0.605,0.376,-1.616,0.399,-1.44
Person_264,-1.01,0.384,13,38,0.342,1.83,1.661,1.671,1.413
Person_265,0.008,0.389,20,38,0.526,0.198,-2.543,0.292,-2.063
Person_266,0.467,0.402,23,38,0.605,0.517,-1.1,0.491,-1.12
Person_267,0.008,0.389,20,38,0.526,1.129,0.422,1.058,0.278
Person_268,1.162,0.438,27,38,0.711,0.745,-0.385,0.906,0.032
Person_269,-0.14,0.386,19,38,0.5,0.562,-0.969,0.749,-0.465
Person_270,0.158,0.392,21,38,0.553,1.299,0.744,1.065,0.293
Person_271,-1.45,0.398,10,38,0.263,0.824,-0.288,1.005,0.17
Person_272,0.63,0.409,24,38,0.632,0.749,-0.414,0.708,-0.467
Person_273,0.158,0.392,21,38,0.553,0.989,0.131,0.898,-0.071
Person_274,3.664,0.736,36,38,0.947,0.76,-0.176,0.432,0.089
Person_275,2.546,0.549,33,38,0.868,1.091,0.344,0.699,-0.024
Person_276,0.799,0.417,25,38,0.658,0.833,-0.198,0.794,-0.24
Person_277,-1.01,0.384,13,38,0.342,0.547,-1.087,0.587,-0.954
Person_278,-2.135,0.458,6,38,0.158,0.56,-0.876,0.434,-0.987
Person_279,2.857,0.588,34,38,0.895,1.075,0.317,0.741,0.115
Person_280,0.799,0.417,25,38,0.658,0.836,-0.191,0.575,-0.772
Person_281,0.467,0.402,23,38,0.605,3.568,3.519,2.423,2.252
Person_282,-2.896,0.588,3,38,0.079,1.38,0.743,1.24,0.547
Person_283,1.565,0.463,29,38,0.763,1.007,0.184,0.787,-0.122
Person_284,0.467,0.402,23,38,0.605,0.348,-1.731,0.499,-1.093
Person_285,-1.769,0.419,8,38,0.211,0.294,-2.056,0.262,-1.867
Person_286,-1.01,0.384,13,38,0.342,0.681,-0.669,0.647,-0.767
Person_287,1.784,0.478,30,38,0.789,0.366,-1.502,0.31,-1.107
Person_288,-0.14,0.386,19,38,0.5,0.645,-0.721,0.59,-0.93
Person_289,-0.578,0.382,16,38,0.421,1.651,1.33,1.42,0.998
Person_290,0.63,0.409,24,38,0.632,0.494,-1.148,0.461,-1.164
Person_291,0.467,0.402,23,38,0.605,0.498,-1.165,0.7,-0.517
Person_292,0.467,0.402,23,38,0.605,1.206,0.568,1.713,1.36
Person_293,3.664,0.736,36,38,0.947,0.664,-0.359,0.539,0.197
Person_294,-3.273,0.679,2,38,0.053,0.579,-0.442,0.35,-0.512
Person_295,0.311,0.397,22,38,0.579,0.626,-0.776,0.543,-0.996
Person_296,-0.14,0.386,19,38,0.5,0.463,-1.303,0.518,-1.17
Person_297,0.467,0.402,23,38,0.605,0.907,-0.046,0.861,-0.132
Person_298,-0.578,0.382,16,38,0.421,0.658,-0.686,0.694,-0.644
Person_299,-2.598,0.529,4,38,0.105,0.59,-0.631,0.418,-0.754
Person_300,0.976,0.427,26,38,0.684,0.675,-0.57,0.818,-0.162
Person_301,4.236,0.893,37,38,0.974,0.715,-0.129,0.396,0.342
Person_302,-3.273,0.679,2,38,0.053,1.501,0.839,0.874,0.217
Person_303,1.565,0.463,29,38,0.763,0.548,-0.898,0.437,-0.86
Person_304,-0.578,0.382,16,38,0.421,1.09,0.344,0.963,0.06
Person_305,-0.433,0.383,17,38,0.447,0.376,-1.628,0.43,-1.531
Person_306,-1.944,0.436,7,38,0.184,0.508,-1.114,0.406,-1.186
Person_307,-0.723,0.382,15,38,0.395,0.816,-0.275,0.721,-0.566
Person_308,3.22,0.646,35,38,0.921,0.475,-0.914,0.343,-0.247
Person_309,1.162,0.438,27,38,0.711,1.053,0.271,1.387,0.784
Person_310,2.546,0.549,33,38,0.868,1.548,1.061,3.386,1.873
Person_311,1.565,0.463,29,38,0.763,0.915,-0.001,1.237,0.553
Person_312,0.799,0.417,25,38,0.658,0.975,0.111,0.694,-0.467
Person_313,2.857,0.588,34,38,0.895,0.869,-0.063,0.56,-0.103
Person_314,0.976,0.427,26,38,0.684,0.623,-0.709,0.54,-0.813
Person_315,1.784,0.478,30,38,0.789,1.148,0.447,1.627,0.973
Person_316,-0.287,0.384,18,38,0.474,0.975,0.103,1.008,0.164
Person_317,0.311,0.397,22,38,0.579,1.085,0.333,0.87,-0.124
Person_318,-0.578,0.382,16,38,0.421,0.845,-0.198,0.827,-0.277
Person_319,1.358,0.45,28,38,0.737,1.587,1.15,1.693,1.129
Person_320,-2.598,0.529,4,38,0.105,0.42,-1.09,0.346,-0.935
Person_321,1.784,0.478,30,38,0.789,1.193,0.527,1.621,0.967
Person_322,-0.287,0.384,18,38,0.474,2.646,2.612,2.716,2.829
Person_323,1.358,0.45,28,38,0.737,0.336,-1.625,0.861,-0.024
Person_324,1.162,0.438,27,38,0.711,0.756,-0.359,0.976,0.155
Person_325,2.017,0.496,31,38,0.816,0.63,-0.665,0.481,-0.565
Person_326,1.784,0.478,30,38,0.789,2.281,2.029,1.684,1.03
Person_327,-1.605,0.407,9,38,0.237,1.099,0.364,0.834,-0.185
Person_328,-0.578,0.382,16,38,0.421,1.106,0.376,1.306,0.786
Person_329,-2.35,0.488,5,38,0.132,0.724,-0.386,0.735,-0.21
Person_330,-0.578,0.382,16,38,0.421,0.665,-0.666,0.641,-0.804
Person_331,3.664,0.736,36,38,0.947,0.425,-0.904,0.275,-0.106
Person_332,0.976,0.427,26,38,0.684,0.521,-1.007,0.43,-1.131
Person_333,-0.866,0.382,14,38,0.368,0.69,-0.623,0.736,-0.518
Person_334,-1.769,0.419,8,38,0.211,1.0,0.151,1.344,0.763
Person_335,0.799,0.417,25,38,0.658,0.549,-0.944,0.525,-0.911
Person_336,-1.301,0.391,11,38,0.289,0.38,-1.769,0.495,-1.2
Person_337,-0.866,0.382,14,38,0.368,0.663,-0.703,0.835,-0.254
Person_338,0.63,0.409,24,38,0.632,1.68,1.339,1.607,1.176
Person_339,2.017,0.496,31,38,0.816,0.546,-0.897,0.434,-0.667
Person_340,0.799,0.417,25,38,0.658,1.775,1.454,2.378,2.063
Person_341,-3.273,0.679,2,38,0.053,0.902,0.104,1.257,0.575
Person_342,0.008,0.389,20,38,0.526,1.237,0.629,1.485,1.079
Person_343,0.799,0.417,25,38,0.658,1.047,0.257,1.13,0.412
Person_344,0.976,0.427,26,38,0.684,0.442,-1.265,0.695,-0.427
Person_345,4.236,0.893,37,38,0.974,0.715,-0.129,0.396,0.342
Person_346,-3.775,0.835,1,38,0.026,0.603,-0.243,0.342,-0.248
Person_347,-0.578,0.382,16,38,0.421,1.581,1.22,2.224,2.246
Person_348,1.565,0.463,29,38,0.763,1.167,0.48,0.907,0.078
Person_349,-2.135,0.458,6,38,0.158,1.33,0.762,0.96,0.137
Person_350,2.017,0.496,31,38,0.816,0.572,-0.824,0.412,-0.717
Person_351,0.311,0.397,22,38,0.579,1.136,0.435,1.147,0.453
Person_352,0.799,0.417,25,38,0.658,0.856,-0.145,0.828,-0.166
Person_353,-0.866,0.382,14,38,0.368,2.082,1.994,2.021,1.957
Person_354,0.976,0.427,26,38,0.684,0.446,-1.251,0.478,-0.987
Person_355,2.269,0.519,32,38,0.842,0.921,0.017,0.672,-0.142
Person_356,0.467,0.402,23,38,0.605,0.792,-0.319,0.572,-0.87
Person_357,0.976,0.427,26,38,0.684,0.884,-0.075,0.925,0.048
Person_358,0.158,0.392,21,38,0.553,1.864,1.65,1.496,1.081
Person_359,-1.45,0.398,10,38,0.263,1.212,0.603,1.063,0.288
Person_360,0.158,0.392,21,38,0.553,0.612,-0.823,0.511,-1.135
Person_361,0.311,0.397,22,38,0.579,1.104,0.371,1.161,0.479
Person_362,0.467,0.402,23,38,0.605,1.511,1.096,1.107,0.375
Person_363,1.162,0.438,27,38,0.711,0.798,-0.262,0.595,-0.613
Person_364,-1.301,0.391,11,38,0.289,0.72,-0.575,0.647,-0.723
Person_365,0.008,0.389,20,38,0.526,0.859,-0.164,0.675,-0.655
Person_366,2.269,0.519,32,38,0.842,0.796,-0.251,0.59,-0.27
Person_367,-1.154,0.387,12,38,0.316,1.3,0.775,1.389,0.92
Person_368,-0.723,0.382,15,38,0.395,0.732,-0.492,0.767,-0.437
Person_369,-0.287,0.384,18,38,0.474,0.632,-0.754,0.745,-0.486
Person_370,1.358,0.45,28,38,0.737,0.294,-1.801,0.258,-1.535
Person_371,0.63,0.409,24,38,0.632,0.739,-0.441,0.782,-0.291
Person_372,1.565,0.463,29,38,0.763,1.031,0.23,0.878,0.032
Person_373,1.358,0.45,28,38,0.737,1.011,0.191,0.716,-0.297
Person_374,0.976,0.427,26,38,0.684,0.247,-2.069,0.255,-1.779
Person_375,1.162,0.438,27,38,0.711,1.132,0.418,0.875,-0.025
Person_376,3.664,0.736,36,38,0.947,0.447,-0.846,0.284,-0.093
Person_377,0.158,0.392,21,38,0.553,0.656,-0.697,0.657,-0.685
Person_378,-3.273,0.679,2,38,0.053,0.757,-0.123,0.507,-0.243
Person_379,2.857,0.588,34,38,0.895,1.545,1.028,1.083,0.444
Person_380,-0.578,0.382,16,38,0.421,0.572,-0.942,0.596,-0.944
Person_381,0.311,0.397,22,38,0.579,0.118,-3.133,0.191,-2.498
Person_382,2.269,0.519,32,38,0.842,1.811,1.438,1.311,0.616
Person_383,-2.598,0.529,4,38,0.105,0.61,-0.584,0.419,-0.751
Person_384,-2.135,0.458,6,38,0.158,0.813,-0.228,1.299,0.651
Person_385,-2.896,0.588,3,38,0.079,0.897,0.048,0.567,-0.309
Person_386,-1.301,0.391,11,38,0.289,0.515,-1.236,0.61,-0.831
Person_387,1.162,0.438,27,38,0.711,1.241,0.611,0.953,0.116
Person_388,0.467,0.402,23,38,0.605,1.021,0.201,0.753,-0.384
Person_389,0.63,0.409,24,38,0.632,1.477,1.027,1.12,0.397
Person_390,-1.154,0.387,12,38,0.316,0.847,-0.225,0.808,-0.306
Person_391,-3.273,0.679,2,38,0.053,0.36,-0.945,0.249,-0.731
Person_392,0.799,0.417,25,38,0.658,1.337,0.785,1.592,1.122
Person_393,-0.433,0.383,17,38,0.447,0.376,-1.63,0.478,-1.348
Person_394,1.358,0.45,28,38,0.737,0.326,-1.666,0.287,-1.425
Person_395,0.63,0.409,24,38,0.632,0.691,-0.566,0.735,-0.403
Person_396,0.799,0.417,25,38,0.658,1.253,0.641,1.081,0.326
Person_397,1.162,0.438,27,38,0.711,0.334,-1.647,0.619,-0.557
Person_398,0.008,0.389,20,38,0.526,1.933,1.744,1.674,1.385
Person_399,1.784,0.478,30,38,0.789,1.234,0.596,1.087,0.357
Person_400,-1.301,0.391,11,38,0.289,0.771,-0.432,0.778,-0.366
Person_401,-0.433,0.383,17,38,0.447,1.251,0.652,1.025,0.203
Person_402,0.158,0.392,21,38,0.553,1.249,0.654,0.959,0.067
Person_403,0.799,0.417,25,38,0.658,0.836,-0.191,0.575,-0.772
Person_404,-0.578,0.382,16,38,0.421,0.617,-0.805,0.621,-0.866
Person_405,0.63,0.409,24,38,0.632,1.026,0.214,0.784,-0.288
Person_406,-0.14,0.386,19,38,0.5,0.878,-0.118,1.013,0.177
Person_407,-0.14,0.386,19,38,0.5,1.115,0.393,1.021,0.196
Person_408,1.162,0.438,27,38,0.711,1.041,0.249,1.168,0.467
Person_409,-2.35,0.488,5,38,0.132,1.203,0.533,0.89,0.054
Person_410,-2.598,0.529,4,38,0.105,0.766,-0.241,0.543,-0.482
Person_411,-1.154,0.387,12,38,0.316,0.679,-0.689,0.673,-0.672
Person_412,-2.896,0.588,3,38,0.079,0.565,-0.593,0.432,-0.558
Person_413,-1.605,0.407,9,38,0.237,1.01,0.17,1.057,0.278
Person_414,2.269,0.519,32,38,0.842,1.335,0.758,4.094,2.367
Person_415,-0.14,0.386,19,38,0.5,0.683,-0.612,0.627,-0.814
Person_416,0.467,0.402,23,38,0.605,0.708,-0.537,0.676,-0.58
Person_417,2.017,0.496,31,38,0.816,0.364,-1.501,0.295,-1.016
Person_418,2.269,0.519,32,38,0.842,0.523,-0.948,0.379,-0.67
Person_419,-0.433,0.383,17,38,0.447,0.382,-1.605,0.477,-1.35
Person_420,1.784,0.478,30,38,0.789,0.723,-0.432,0.559,-0.493
Person_421,-0.578,0.382,16,38,0.421,0.683,-0.616,0.844,-0.234
Person_422,-1.301,0.391,11,38,0.289,0.742,-0.514,0.607,-0.841
Person_423,-1.154,0.387,12,38,0.316,1.1,0.368,1.017,0.188
Person_424,-1.769,0.419,8,38,0.211,1.232,0.626,0.929,0.039
Person_425,-1.301,0.391,11,38,0.289,1.139,0.452,1.195,0.551
Person_426,-0.14,0.386,19,38,0.5,0.918,-0.025,0.965,0.071
Person_427,2.017,0.496,31,38,0.816,0.854,-0.128,0.689,-0.185
Person_428,2.546,0.549,33,38,0.868,1.057,0.283,0.711,-0.009
Person_429,-2.35,0.488,5,38,0.132,0.598,-0.695,1.128,0.407
Person_430,-0.287,0.384,18,38,0.474,0.625,-0.774,0.846,-0.22
Person_431,-1.944,0.436,7,38,0.184,0.54,-1.009,0.42,-1.142
Person_432,0.976,0.427,26,38,0.684,0.832,-0.19,1.094,0.349
Person_433,0.311,0.397,22,38,0.579,0.417,-1.474,0.6,-0.824
Person_434,-2.896,0.588,3,38,0.079,0.245,-1.527,0.203,-1.142
Person_435,2.017,0.496,31,38,0.816,0.731,-0.409,1.631,0.939
Person_436,-1.605,0.407,9,38,0.237,1.775,1.581,2.12,1.872
Person_437,-0.866,0.382,14,38,0.368,0.851,-0.198,0.866,-0.175
Person_438,-1.769,0.419,8,38,0.211,1.422,0.973,3.103,2.776
Person_439,-0.578,0.382,16,38,0.421,1.329,0.798,1.116,0.402
Person_440,0.976,0.427,26,38,0.684,0.645,-0.649,0.882,-0.034
Person_441,0.63,0.409,24,38,0.632,1.568,1.17,1.458,0.957
Person_442,0.158,0.392,21,38,0.553,0.744,-0.454,0.599,-0.855
Person_443,0.63,0.409,24,38,0.632,1.023,0.207,0.779,-0.298
Person_444,2.269,0.519,32,38,0.842,0.663,-0.568,0.565,-0.312
Person_445,-0.14,0.386,19,38,0.5,1.723,1.435,1.439,1.013
Person_446,-2.598,0.529,4,38,0.105,0.385,-1.199,0.301,-1.062
Person_447,1.784,0.478,30,38,0.789,1.48,0.99,0.982,0.214
Person_448,-0.433,0.383,17,38,0.447,1.3,0.742,1.385,0.931
Person_449,1.784,0.478,30,38,0.789,1.061,0.287,0.813,-0.038
Person_450,0.976,0.427,26,38,0.684,1.677,1.296,1.316,0.7
Person_451,-0.723,0.382,15,38,0.395,1.601,1.264,1.304,0.782
Person_452,0.158,0.392,21,38,0.553,0.381,-1.629,0.426,-1.438
Person_453,3.664,0.736,36,38,0.947,0.882,0.034,0.559,0.215
Person_454,2.857,0.588,34,38,0.895,0.721,-0.374,0.478,-0.217
Person_455,0.467,0.402,23,38,0.605,0.612,-0.804,0.661,-0.62
Person_456,0.63,0.409,24,38,0.632,0.744,-0.426,0.706,-0.472
Person_457,2.017,0.496,31,38,0.816,0.424,-1.284,0.331,-0.917
Person_458,-1.01,0.384,13,38,0.342,0.475,-1.345,0.506,-1.23
Person_459,0.976,0.427,26,38,0.684,0.981,0.127,1.075,0.317
Person_460,-0.287,0.384,18,38,0.474,1.316,0.771,1.19,0.553
Person_461,0.311,0.397,22,38,0.579,0.685,-0.608,0.715,-0.504
Person_462,-0.723,0.382,15,38,0.395,1.049,0.258,0.915,-0.055
Person_463,-2.135,0.458,6,38,0.158,1.127,0.41,1.176,0.476
Person_464,-3.273,0.679,2,38,0.053,1.501,0.839,0.874,0.217
Person_465,-1.154,0.387,12,38,0.316,1.467,1.084,1.454,1.035
Person_466,-1.154,0.387,12,38,0.316,0.686,-0.667,0.866,-0.162
Person_467,-1.154,0.387,12,38,0.316,0.657,-0.755,0.643,-0.761
Person_468,2.857,0.588,34,38,0.895,1.274,0.64,0.798,0.175
Person_469,2.546,0.549,33,38,0.868,1.309,0.707,0.909,0.226
Person_470,-1.605,0.407,9,38,0.237,0.229,-2.492,0.244,-2.078
Person_471,0.976,0.427,26,38,0.684,1.43,0.927,1.195,0.516
Person_472,-1.154,0.387,12,38,0.316,0.871,-0.165,0.862,-0.171
Person_473,-0.723,0.382,15,38,0.395,0.869,-0.146,0.869,-0.17
Person_474,0.158,0.392,21,38,0.553,0.503,-1.172,0.642,-0.729
Person_475,0.799,0.417,25,38,0.658,0.239,-2.161,0.254,-1.886
Person_476,-0.14,0.386,19,38,0.5,0.365,-1.682,0.473,-1.329
Person_477,2.017,0.496,31,38,0.816,0.467,-1.139,0.398,-0.749
Person_478,-1.605,0.407,9,38,0.237,1.231,0.635,0.982,0.13
Person_479,0.799,0.417,25,38,0.658,0.999,0.162,0.83,-0.162
Person_480,3.664,0.736,36,38,0.947,0.425,-0.904,0.275,-0.106
Person_481,0.799,0.417,25,38,0.658,0.637,-0.692,0.921,0.026
Person_482,2.017,0.496,31,38,0.816,1.365,0.81,0.94,0.183
Person_483,0.63,0.409,24,38,0.632,1.565,1.166,1.415,0.891
Person_484,0.799,0.417,25,38,0.658,0.561,-0.909,0.549,-0.843
Person_485,0.311,0.397,22,38,0.579,1.052,0.264,1.227,0.602
Person_486,-0.14,0.386,19,38,0.5,1.069,0.299,1.325,0.808
Person_487,-1.154,0.387,12,38,0.316,0.414,-1.61,0.445,-1.424
Person_488,0.976,0.427,26,38,0.684,0.85,-0.151,0.619,-0.608
Person_489,-0.723,0.382,15,38,0.395,0.998,0.149,1.006,0.158
Person_490,1.565,0.463,29,38,0.763,0.527,-0.961,0.434,-0.866
Person_491,0.976,0.427,26,38,0.684,1.255,0.639,0.959,0.112
Person_492,0.799,0.417,25,38,0.658,0.713,-0.489,1.018,0.211
Person_493,-1.154,0.387,12,38,0.316,0.669,-0.719,0.664,-0.699
Person_494,0.311,0.397,22,38,0.579,1.004,0.164,0.89,-0.079
Person_495,-0.287,0.384,18,38,0.474,1.157,0.476,1.083,0.33
Person_496,1.162,0.438,27,38,0.711,0.615,-0.718,0.849,-0.075
Person_497,-2.598,0.529,4,38,0.105,0.969,0.142,1.846,1.154
Person_498,-0.433,0.383,17,38,0.447,0.625,-0.775,0.645,-0.784
Person_499,-2.35,0.488,5,38,0.132,0.964,0.113,0.741,-0.201
Person_500,-1.605,0.407,9,38,0.237,0.756,-0.459,1.04,0.245
Person_501,2.269,0.519,32,38,0.842,0.768,-0.313,0.619,-0.223
Person_502,2.269,0.519,32,38,0.842,1.049,0.265,0.784,0.018
Person_503,-1.154,0.387,12,38,0.316,1.015,0.18,1.044,0.247
Person_504,-1.944,0.436,7,38,0.184,0.666,-0.639,1.052,0.279
Person_505,-3.775,0.835,1,38,0.026,0.944,0.224,2.751,1.354
Person_506,0.008,0.389,20,38,0.526,0.524,-1.1,0.527,-1.113
Person_507,4.236,0.893,37,38,0.974,0.715,-0.129,0.396,0.342
Person_508,0.311,0.397,22,38,0.579,0.296,-1.994,0.36,-1.652
Person_509,-0.433,0.383,17,38,0.447,0.421,-1.452,0.541,-1.121
Person_510,0.158,0.392,21,38,0.553,0.366,-1.692,0.349,-1.752
Person_511,-2.598,0.529,4,38,0.105,0.805,-0.162,1.707,1.029
Person_512,-0.433,0.383,17,38,0.447,0.385,-1.591,0.463,-1.406
Person_513,0.467,0.402,23,38,0.605,0.741,-0.449,0.659,-0.625
Person_514,0.467,0.402,23,38,0.605,0.982,0.118,0.983,0.13
Person_515,1.784,0.478,30,38,0.789,0.224,-2.136,0.208,-1.455
Person_516,0.63,0.409,24,38,0.632,0.484,-1.184,0.632,-0.663
Person_517,1.565,0.463,29,38,0.763,0.72,-0.439,1.179,0.476
Person_518,-1.301,0.391,11,38,0.289,1.689,1.47,1.407,0.937
Person_519,1.162,0.438,27,38,0.711,0.951,0.07,0.778,-0.212
Person_520,3.22,0.646,35,38,0.921,1.019,0.229,0.61,0.091
Person_521,-1.154,0.387,12,38,0.316,1.259,0.696,1.109,0.383
Person_522,-1.944,0.436,7,38,0.184,1.111,0.384,1.397,0.814
Person_523,1.358,0.45,28,38,0.737,1.389,0.851,0.95,0.126
Person_524,-0.578,0.382,16,38,0.421,1.231,0.618,1.3,0.774
Person_525,2.546,0.549,33,38,0.868,0.22,-2.058,0.173,-1.044
Person_526,-0.723,0.382,15,38,0.395,0.539,-1.065,0.527,-1.178
Person_527,2.017,0.496,31,38,0.816,0.904,-0.023,0.654,-0.243
Person_528,-0.287,0.384,18,38,0.474,0.957,0.062,0.847,-0.219
Person_529,0.467,0.402,23,38,0.605,0.155,-2.792,0.231,-2.185
Person_530,2.269,0.519,32,38,0.842,1.707,1.301,2.948,1.792
Person_531,-0.578,0.382,16,38,0.421,0.824,-0.248,0.803,-0.341
Person_532,-1.301,0.391,11,38,0.289,1.379,0.928,1.423,0.964
Person_533,-0.578,0.382,16,38,0.421,0.903,-0.061,0.881,-0.14
Person_534,1.358,0.45,28,38,0.737,1.256,0.634,1.002,0.212
Person_535,-2.598,0.529,4,38,0.105,0.44,-1.032,0.347,-0.932
Person_536,1.784,0.478,30,38,0.789,0.867,-0.103,0.636,-0.344
Person_537,-1.301,0.391,11,38,0.289,0.741,-0.516,0.714,-0.535
Person_538,2.269,0.519,32,38,0.842,0.657,-0.583,0.469,-0.484
Person_539,-4.0,,0,38,0.0,,,,
Person_540,-2.35,0.488,5,38,0.132,1.26,0.624,1.037,0.279
Person_541,-2.35,0.488,5,38,0.132,1.066,0.3,0.779,-0.132
Person_542,-1.944,0.436,7,38,0.184,1.169,0.496,0.866,-0.06
Person_543,0.63,0.409,24,38,0.632,1.237,0.619,0.961,0.093
Person_544,-0.433,0.383,17,38,0.447,1.068,0.297,0.942,0.012
Person_545,-0.14,0.386,19,38,0.5,0.822,-0.251,0.664,-0.703
Person_546,-0.14,0.386,19,38,0.5,1.701,1.402,1.669,1.396
Person_547,0.976,0.427,26,38,0.684,1.246,0.623,1.373,0.786
Person_548,-1.769,0.419,8,38,0.211,1.115,0.394,0.806,-0.218
Person_549,1.565,0.463,29,38,0.763,0.68,-0.539,1.104,0.373
Person_550,0.311,0.397,22,38,0.579,0.425,-1.443,0.442,-1.335
Person_551,-0.14,0.386,19,38,0.5,0.839,-0.211,0.947,0.029
Person_552,1.162,0.438,27,38,0.711,0.926,0.02,1.422,0.831
Person_553,0.63,0.409,24,38,0.632,3.557,3.45,2.313,2.063
Person_554,4.236,0.893,37,38,0.974,0.715,-0.129,0.396,0.342
Person_555,0.008,0.389,20,38,0.526,1.917,1.721,1.226,0.615
Person_556,-0.287,0.384,18,38,0.474,1.845,1.608,1.518,1.16
Person_557,-1.154,0.387,12,38,0.316,0.808,-0.328,0.916,-0.042
Person_558,-1.154,0.387,12,38,0.316,1.547,1.224,1.325,0.806
Person_559,-2.35,0.488,5,38,0.132,0.658,-0.542,0.489,-0.723
Person_560,-1.45,0.398,10,38,0.263,0.268,-2.312,0.287,-1.97
Person_561,-0.14,0.386,19,38,0.5,0.878,-0.117,0.946,0.026
Person_562,0.467,0.402,23,38,0.605,1.144,0.449,1.077,0.317
Person_563,0.008,0.389,20,38,0.526,0.77,-0.385,1.146,0.457
Person_564,-0.287,0.384,18,38,0.474,0.384,-1.596,0.416,-1.572
Person_565,1.358,0.45,28,38,0.737,0.338,-1.616,0.315,-1.323
Person_566,2.017,0.496,31,38,0.816,0.891,-0.049,0.634,-0.278
Person_567,-0.433,0.383,17,38,0.447,2.08,1.929,1.563,1.246
Person_568,0.008,0.389,20,38,0.526,0.843,-0.203,0.973,0.091
Person_569,0.976,0.427,26,38,0.684,1.801,1.468,1.959,1.536
Person_570,0.311,0.397,22,38,0.579,0.312,-1.919,0.362,-1.642
Person_571,-2.35,0.488,5,38,0.132,0.215,-2.043,0.2,-1.627
Person_572,-0.14,0.386,19,38,0.5,0.658,-0.682,0.629,-0.809
Person_573,0.467,0.402,23,38,0.605,0.426,-1.42,0.514,-1.045
Person_574,-1.944,0.436,7,38,0.184,0.902,-0.054,1.311,0.69
Person_575,0.311,0.397,22,38,0.579,0.751,-0.432,0.791,-0.313
Person_576,-1.944,0.436,7,38,0.184,1.443,0.978,1.1,0.359
Person_577,1.358,0.45,28,38,0.737,1.798,1.441,1.896,1.349
Person_578,1.784,0.478,30,38,0.789,1.367,0.815,0.914,0.117
Person_579,0.311,0.397,22,38,0.579,0.447,-1.362,0.409,-1.456
Person_580,0.976,0.427,26,38,0.684,0.151,-2.638,0.167,-2.226
Person_581,-3.775,0.835,1,38,0.026,0.795,0.037,0.637,0.12
Person_582,-1.944,0.436,7,38,0.184,0.857,-0.157,0.689,-0.43
Person_583,-0.287,0.384,18,38,0.474,0.978,0.108,0.956,0.047
Person_584,-2.896,0.588,3,38,0.079,0.73,-0.249,0.955,0.236
Person_585,0.799,0.417,25,38,0.658,0.239,-2.161,0.254,-1.886
Person_586,2.857,0.588,34,38,0.895,0.979,0.147,0.637,-0.005
Person_587,-2.135,0.458,6,38,0.158,1.08,0.323,0.775,-0.195
Person_588,-1.605,0.407,9,38,0.237,0.505,-1.239,0.49,-1.1
Person_589,0.467,0.402,23,38,0.605,0.39,-1.557,0.473,-1.178
Person_590,2.546,0.549,33,38,0.868,0.275,-1.795,0.217,-0.91
Person_591,-1.605,0.407,9,38,0.237,1.025,0.202,0.716,-0.465
Person_592,0.799,0.417,25,38,0.658,0.894,-0.061,1.001,0.179
Person_593,2.269,0.519,32,38,0.842,0.123,-2.729,0.11,-1.516
Person_594,-1.769,0.419,8,38,0.211,1.491,1.091,1.152,0.45
Person_595,-1.45,0.398,10,38,0.263,1.049,0.255,0.865,-0.135
Person_596,0.158,0.392,21,38,0.553,1.469,1.041,1.626,1.288
Person_597,-0.578,0.382,16,38,0.421,0.901,-0.065,0.956,0.043
Person_598,0.799,0.417,25,38,0.658,1.978,1.725,1.515,1.014
Person_599,1.162,0.438,27,38,0.711,1.217,0.57,1.007,0.208
Person_600,-2.896,0.588,3,38,0.079,0.561,-0.601,0.833,0.083
Person_601,0.158,0.392,21,38,0.553,1.327,0.795,1.53,1.135
Person_602,-0.866,0.382,14,38,0.368,1.084,0.331,1.113,0.394
Person_603,3.22,0.646,35,38,0.921,0.878,-0.017,0.507,-0.025
Person_604,-0.433,0.383,17,38,0.447,0.619,-0.793,0.559,-1.061
Person_605,-1.301,0.391,11,38,0.289,1.34,0.855,1.934,1.75
Person_606,0.467,0.402,23,38,0.605,1.828,1.574,1.644,1.261
Person_607,1.565,0.463,29,38,0.763,0.47,-1.137,0.411,-0.929
Person_608,0.467,0.402,23,38,0.605,1.351,0.829,1.967,1.703
Person_609,-3.273,0.679,2,38,0.053,0.359,-0.947,0.245,-0.74
Person_610,0.799,0.417,25,38,0.658,1.357,0.819,1.22,0.563
Person_611,-1.769,0.419,8,38,0.211,2.488,2.491,1.673,1.237
Person_612,1.162,0.438,27,38,0.711,0.364,-1.528,0.32,-1.412
Person_613,-2.135,0.458,6,38,0.158,1.273,0.667,0.925,0.079
Person_614,0.467,0.402,23,38,0.605,0.923,-0.012,0.649,-0.652
Person_615,-1.01,0.384,13,38,0.342,0.751,-0.469,0.859,-0.187
Person_616,-1.301,0.391,11,38,0.289,0.793,-0.373,0.636,-0.755
Person_617,1.162,0.438,27,38,0.711,0.28,-1.88,0.272,-1.598
Person_618,-0.287,0.384,18,38,0.474,0.961,0.071,0.765,-0.431
Person_619,-1.01,0.384,13,38,0.342,1.119,0.405,0.888,-0.115
Person_620,2.546,0.549,33,38,0.868,2.03,1.678,1.346,0.645
Person_621,-0.723,0.382,15,38,0.395,0.53,-1.094,0.554,-1.084
Person_622,-0.14,0.386,19,38,0.5,1.091,0.344,0.834,-0.243
Person_623,0.008,0.389,20,38,0.526,0.996,0.145,0.886,-0.108
Person_624,-0.578,0.382,16,38,0.421,0.497,-1.189,0.57,-1.029
Person_625,0.976,0.427,26,38,0.684,2.019,1.752,2.748,2.339
Person_626,-0.866,0.382,14,38,0.368,1.284,0.728,1.218,0.612
Person_627,-1.01,0.384,13,38,0.342,0.593,-0.937,0.695,-0.627
Person_628,3.22,0.646,35,38,0.921,1.218,0.541,5.57,2.202
Person_629,-1.769,0.419,8,38,0.211,0.3,-2.027,0.303,-1.684
Person_630,-3.775,0.835,1,38,0.026,0.849,0.107,0.879,0.343
Person_631,3.22,0.646,35,38,0.921,1.331,0.703,4.972,2.052
Person_632,4.236,0.893,37,38,0.974,0.86,0.083,0.612,0.503
Person_633,-1.301,0.391,11,38,0.289,1.153,0.481,1.199,0.558
Person_634,-2.598,0.529,4,38,0.105,1.431,0.845,1.089,0.366
Person_635,-0.433,0.383,17,38,0.447,0.836,-0.216,0.833,-0.259
Person_636,-1.01,0.384,13,38,0.342,0.994,0.134,0.808,-0.318
Person_637,0.467,0.402,23,38,0.605,1.267,0.68,1.25,0.634
Person_638,-1.605,0.407,9,38,0.237,0.938,0.003,0.746,-0.391
Person_639,0.467,0.402,23,38,0.605,0.675,-0.624,0.537,-0.973
Person_640,0.799,0.417,25,38,0.658,1.678,1.317,1.236,0.59
Person_641,-2.35,0.488,5,38,0.132,0.168,-2.309,0.164,-1.795
Person_642,0.976,0.427,26,38,0.684,1.651,1.26,1.481,0.937
Person_643,3.22,0.646,35,38,0.921,1.281,0.633,1.34,0.672
Person_644,0.008,0.389,20,38,0.526,0.571,-0.947,0.603,-0.868
Person_645,-0.287,0.384,18,38,0.474,0.853,-0.174,1.055,0.27
Person_646,0.63,0.409,24,38,0.632,0.537,-1.009,0.603,-0.74
Person_647,0.976,0.427,26,38,0.684,1.58,1.156,1.472,0.925
Person_648,-1.944,0.436,7,38,0.184,0.791,-0.315,0.893,-0.009
Person_649,0.008,0.389,20,38,0.526,0.681,-0.622,0.696,-0.595
Person_650,-0.723,0.382,15,38,0.395,1.217,0.596,1.084,0.333
Person_651,2.546,0.549,33,38,0.868,0.978,0.135,0.737,0.025
Person_652,-0.866,0.382,14,38,0.368,1.1,0.366,1.109,0.387
Person_653,1.565,0.463,29,38,0.763,1.316,0.733,0.947,0.142
Person_654,-2.135,0.458,6,38,0.158,1.419,0.903,1.079,0.329
Person_655,1.162,0.438,27,38,0.711,0.32,-1.702,0.3,-1.487
Person_656,0.311,0.397,22,38,0.579,0.778,-0.362,0.875,-0.114
Person_657,-1.154,0.387,12,38,0.316,1.604,1.32,1.352,0.854
Person_658,0.63,0.409,24,38,0.632,0.899,-0.057,0.754,-0.357
Person_659,1.784,0.478,30,38,0.789,1.766,1.397,1.275,0.591
Person_660,-0.578,0.382,16,38,0.421,0.832,-0.23,0.928,-0.023
Person_661,-3.273,0.679,2,38,0.053,0.538,-0.526,0.406,-0.408
Person_662,0.311,0.397,22,38,0.579,1.579,1.216,1.176,0.507
Person_663,-1.01,0.384,13,38,0.342,0.516,-1.195,0.621,-0.848
Person_664,-0.578,0.382,16,38,0.421,0.367,-1.677,0.474,-1.369
Person_665,0.158,0.392,21,38,0.553,0.415,-1.491,0.486,-1.22
Person_666,-2.896,0.588,3,38,0.079,0.407,-0.99,0.312,-0.827
Person_667,-2.896,0.588,3,38,0.079,1.133,0.412,0.696,-0.105
Person_668,0.158,0.392,21,38,0.553,0.516,-1.13,0.628,-0.769
Person_669,-0.866,0.382,14,38,0.368,1.308,0.774,1.101,0.37
Person_670,-2.896,0.588,3,38,0.079,1.38,0.743,1.24,0.547
Person_671,0.799,0.417,25,38,0.658,0.752,-0.391,0.747,-0.345
Person_672,0.311,0.397,22,38,0.579,0.65,-0.707,0.607,-0.802
Person_673,-1.154,0.387,12,38,0.316,0.369,-1.803,0.577,-0.964
Person_674,-2.598,0.529,4,38,0.105,0.604,-0.597,1.055,0.323
Person_675,1.358,0.45,28,38,0.737,0.631,-0.667,0.927,0.089
Person_676,0.158,0.392,21,38,0.553,1.532,1.145,1.282,0.711
Person_677,3.664,0.736,36,38,0.947,0.664,-0.359,0.539,0.197
Person_678,0.799,0.417,25,38,0.658,0.645,-0.668,0.528,-0.902
Person_679,1.162,0.438,27,38,0.711,0.778,-0.308,0.98,0.163
Person_680,0.311,0.397,22,38,0.579,1.218,0.593,1.194,0.541
Person_681,1.565,0.463,29,38,0.763,1.568,1.121,1.847,1.241
Person_682,0.976,0.427,26,38,0.684,0.772,-0.331,0.636,-0.567
Person_683,2.017,0.496,31,38,0.816,0.766,-0.326,2.891,1.884
Person_684,-1.01,0.384,13,38,0.342,1.044,0.245,0.982,0.106
Person_685,-1.45,0.398,10,38,0.263,0.934,-0.011,1.066,0.294
Person_686,-0.433,0.383,17,38,0.447,0.637,-0.74,0.643,-0.793
Person_687,2.017,0.496,31,38,0.816,0.56,-0.857,0.427,-0.682
Person_688,2.017,0.496,31,38,0.816,0.663,-0.578,0.53,-0.467
Person_689,-0.287,0.384,18,38,0.474,1.102,0.367,0.932,-0.009
Person_690,-0.723,0.382,15,38,0.395,1.155,0.474,1.41,0.98
Person_691,-0.287,0.384,18,38,0.474,1.587,1.222,1.359,0.878
Person_692,-1.154,0.387,12,38,0.316,0.709,-0.602,0.631,-0.798
Person_693,1.162,0.438,27,38,0.711,0.793,-0.271,0.698,-0.379
Person_694,-3.775,0.835,1,38,0.026,0.919,0.195,1.832,0.949
Person_695,-0.866,0.382,14,38,0.368,2.078,1.988,1.712,1.491
Person_696,-1.45,0.398,10,38,0.263,0.73,-0.546,0.634,-0.722
Person_697,-2.896,0.588,3,38,0.079,1.459,0.84,1.099,0.399
Person_698,-2.35,0.488,5,38,0.132,0.862,-0.087,0.681,-0.312
Person_699,-1.944,0.436,7,38,0.184,0.381,-1.573,0.347,-1.389
Person_700,-0.14,0.386,19,38,0.5,1.029,0.218,0.891,-0.103
Person_701,1.358,0.45,28,38,0.737,1.8,1.444,1.883,1.335
Person_702,0.158,0.392,21,38,0.553,1.155,0.474,1.084,0.332
Person_703,-1.301,0.391,11,38,0.289,1.407,0.981,1.219,0.596
Person_704,-0.287,0.384,18,38,0.474,0.816,-0.264,0.983,0.109
Person_705,1.565,0.463,29,38,0.763,0.357,-1.537,0.329,-1.168
Person_706,-1.769,0.419,8,38,0.211,0.702,-0.582,0.587,-0.747
Person_707,-1.301,0.391,11,38,0.289,0.615,-0.896,0.577,-0.931
Person_708,0.976,0.427,26,38,0.684,0.46,-1.202,0.687,-0.446
Person_709,-0.866,0.382,14,38,0.368,1.352,0.853,1.232,0.639
Person_710,0.63,0.409,24,38,0.632,0.686,-0.577,0.619,-0.697
Person_711,0.311,0.397,22,38,0.579,0.996,0.146,0.792,-0.309
Person_712,1.358,0.45,28,38,0.737,0.694,-0.506,0.548,-0.664
Person_713,-1.45,0.398,10,38,0.263,0.589,-0.974,0.907,-0.041
Person_714,0.008,0.389,20,38,0.526,0.576,-0.931,0.6,-0.877
Person_715,-0.14,0.386,19,38,0.5,0.606,-0.833,0.661,-0.712
Person_716,-2.35,0.488,5,38,0.132,1.567,1.077,1.126,0.404
Person_717,-2.598,0.529,4,38,0.105,1.632,1.103,2.367,1.576
Person_718,1.565,0.463,29,38,0.763,1.81,1.456,1.577,0.959
Person_719,-0.433,0.383,17,38,0.447,0.81,-0.278,0.986,0.115
Person_720,-2.35,0.488,5,38,0.132,1.085,0.334,1.453,0.816
Person_721,-0.287,0.384,18,38,0.474,0.562,-0.963,0.701,-0.611
Person_722,1.565,0.463,29,38,0.763,0.832,-0.178,1.228,0.541
Person_723,-2.135,0.458,6,38,0.158,1.274,0.668,1.028,0.25
Person_724,-2.135,0.458,6,38,0.158,1.408,0.887,1.025,0.245
Person_725,-1.45,0.398,10,38,0.263,1.15,0.474,1.243,0.631
Person_726,2.017,0.496,31,38,0.816,0.992,0.156,0.731,-0.117
Person_727,0.63,0.409,24,38,0.632,0.447,-1.31,0.453,-1.192
Person_728,0.976,0.427,26,38,0.684,1.204,0.549,1.11,0.376
Person_729,-1.769,0.419,8,38,0.211,0.775,-0.386,0.871,-0.079
Person_730,-1.605,0.407,9,38,0.237,0.508,-1.229,0.578,-0.834
Person_731,0.467,0.402,23,38,0.605,0.269,-2.099,0.3,-1.846
Person_732,0.158,0.392,21,38,0.553,0.791,-0.333,0.779,-0.358
Person_733,0.63,0.409,24,38,0.632,0.962,0.08,1.501,1.021
Person_734,-1.154,0.387,12,38,0.316,0.597,-0.942,0.642,-0.765
Person_735,0.63,0.409,24,38,0.632,1.082,0.327,1.048,0.262
Person_736,0.158,0.392,21,38,0.553,2.179,2.076,2.465,2.415
Person_737,1.162,0.438,27,38,0.711,0.479,-1.12,0.762,-0.244
Person_738,1.358,0.45,28,38,0.737,1.619,1.196,1.234,0.557
Person_739,-2.598,0.529,4,38,0.105,1.207,0.527,0.971,0.212
Person_740,-3.775,0.835,1,38,0.026,0.363,-0.696,0.195,-0.519
Person_741,2.546,0.549,33,38,0.868,1.538,1.047,1.004,0.328
Person_742,1.162,0.438,27,38,0.711,0.696,-0.507,0.539,-0.753
Person_743,-1.301,0.391,11,38,0.289,1.292,0.763,2.087,1.957
Person_744,-3.273,0.679,2,38,0.053,0.36,-0.945,0.249,-0.731
Person_745,-0.287,0.384,18,38,0.474,1.14,0.442,1.529,1.179
Person_746,1.565,0.463,29,38,0.763,0.812,-0.225,0.652,-0.374
Person_747,3.664,0.736,36,38,0.947,1.195,0.498,0.579,0.232
Person_748,0.467,0.402,23,38,0.605,0.923,-0.012,0.649,-0.652
Person_749,-0.723,0.382,15,38,0.395,0.646,-0.735,0.682,-0.678
Person_750,-1.605,0.407,9,38,0.237,0.796,-0.351,0.651,-0.631
Person_751,0.008,0.389,20,38,0.526,1.012,0.181,0.807,-0.302
Person_752,-0.14,0.386,19,38,0.5,1.876,1.658,1.546,1.196
Person_753,-1.605,0.407,9,38,0.237,0.572,-1.01,0.703,-0.496
Person_754,3.22,0.646,35,38,0.921,1.016,0.224,0.604,0.085
Person_755,2.269,0.519,32,38,0.842,1.046,0.261,0.665,-0.152
Person_756,2.017,0.496,31,38,0.816,0.426,-1.279,0.353,-0.86
Person_757,-1.01,0.384,13,38,0.342,0.84,-0.236,1.33,0.824
Person_758,0.976,0.427,26,38,0.684,0.852,-0.145,1.022,0.225
Person_759,1.565,0.463,29,38,0.763,1.134,0.422,4.197,2.974
Person_760,0.63,0.409,24,38,0.632,2.088,1.899,2.813,2.586
Person_761,2.017,0.496,31,38,0.816,0.676,-0.545,0.488,-0.552
Person_762,1.162,0.438,27,38,0.711,0.406,-1.369,0.329,-1.379
Person_763,2.017,0.496,31,38,0.816,0.217,-2.166,0.214,-1.274
Person_764,1.565,0.463,29,38,0.763,0.261,-1.953,0.213,-1.584
Person_765,1.358,0.45,28,38,0.737,1.292,0.695,0.969,0.159
Person_766,-2.598,0.529,4,38,0.105,0.641,-0.512,0.456,-0.666
Person_767,0.467,0.402,23,38,0.605,1.441,0.982,1.347,0.799
Person_768,-1.45,0.398,10,38,0.263,0.389,-1.725,0.362,-1.641
Person_769,-1.45,0.398,10,38,0.263,0.379,-1.768,0.549,-0.974
Person_770,2.546,0.549,33,38,0.868,1.32,0.723,2.899,1.64
Person_771,3.22,0.646,35,38,0.921,0.878,-0.017,0.507,-0.025
Person_772,1.784,0.478,30,38,0.789,0.912,-0.008,0.689,-0.246
Person_773,0.63,0.409,24,38,0.632,0.686,-0.579,0.554,-0.879
Person_774,1.358,0.45,28,38,0.737,1.377,0.832,1.093,0.352
Person_775,-0.723,0.382,15,38,0.395,0.595,-0.888,0.647,-0.784
Person_776,-0.433,0.383,17,38,0.447,0.836,-0.216,1.2,0.575
Person_777,-1.154,0.387,12,38,0.316,0.775,-0.416,0.774,-0.395
Person_778,0.158,0.392,21,38,0.553,0.513,-1.138,0.662,-0.673
Person_779,0.008,0.389,20,38,0.526,0.728,-0.495,0.89,-0.098
Person_780,-1.45,0.398,10,38,0.263,0.518,-1.219,0.514,-1.085
Person_781,0.008,0.389,20,38,0.526,1.072,0.306,0.807,-0.301
Person_782,0.467,0.402,23,38,0.605,1.591,1.223,1.669,1.297
Person_783,3.664,0.736,36,38,0.947,0.57,-0.553,0.407,0.061
Person_784,1.565,0.463,29,38,0.763,0.56,-0.864,0.507,-0.688
Person_785,0.008,0.389,20,38,0.526,0.347,-1.77,0.48,-1.276
Person_786,0.467,0.402,23,38,0.605,0.944,0.036,1.296,0.714
Person_787,-0.287,0.384,18,38,0.474,1.271,0.689,1.28,0.729
Person_788,0.008,0.389,20,38,0.526,0.69,-0.598,0.632,-0.78
Person_789,-1.769,0.419,8,38,0.211,0.618,-0.827,0.531,-0.902
Person_790,-0.14,0.386,19,38,0.5,0.8,-0.307,0.944,0.022
Person_791,-1.01,0.384,13,38,0.342,1.327,0.817,1.19,0.553
Person_792,-1.769,0.419,8,38,0.211,1.118,0.401,0.872,-0.077
Person_793,0.467,0.402,23,38,0.605,0.793,-0.315,0.806,-0.258
Person_794,1.565,0.463,29,38,0.763,1.339,0.771,1.798,1.192
Person_795,-3.775,0.835,1,38,0.026,0.592,-0.262,0.341,-0.25
Person_796,-0.14,0.386,19,38,0.5,0.611,-0.82,0.811,-0.302
Person_797,2.269,0.519,32,38,0.842,1.583,1.129,1.06,0.357
Person_798,2.269,0.519,32,38,0.842,0.655,-0.588,1.92,1.13
Person_799,0.63,0.409,24,38,0.632,0.776,-0.347,1.305,0.715
Person_800,0.311,0.397,22,38,0.579,0.339,-1.795,0.335,-1.756
Person_801,-1.154,0.387,12,38,0.316,0.923,-0.037,0.818,-0.281
Person_802,-1.01,0.384,13,38,0.342,1.259,0.688,1.108,0.384
Person_803,0.799,0.417,25,38,0.658,0.586,-0.835,0.545,-0.855
Person_804,0.467,0.402,23,38,0.605,0.6,-0.839,0.683,-0.563
Person_805,1.784,0.478,30,38,0.789,1.066,0.297,0.861,0.038
Person_806,1.784,0.478,30,38,0.789,0.817,-0.212,0.618,-0.376
Person_807,0.158,0.392,21,38,0.553,1.049,0.259,0.781,-0.354
Person_808,-1.769,0.419,8,38,0.211,0.719,-0.535,0.777,-0.281
Person_809,-0.723,0.382,15,38,0.395,0.715,-0.539,0.75,-0.485
Person_810,0.63,0.409,24,38,0.632,0.311,-1.857,0.296,-1.788
Person_811,-0.287,0.384,18,38,0.474,2.099,1.953,1.985,1.889
Person_812,-1.769,0.419,8,38,0.211,0.457,-1.362,0.696,-0.468
Person_813,0.976,0.427,26,38,0.684,0.562,-0.883,0.494,-0.94
Person_814,-0.578,0.382,16,38,0.421,1.023,0.205,0.849,-0.219
Person_815,-1.01,0.384,13,38,0.342,3.254,3.415,2.593,2.681
Person_816,0.008,0.389,20,38,0.526,2.245,2.156,1.998,1.86
Person_817,-0.433,0.383,17,38,0.447,0.597,-0.858,0.62,-0.862
Person_818,0.63,0.409,24,38,0.632,0.346,-1.702,0.402,-1.366
Person_819,0.158,0.392,21,38,0.553,0.817,-0.268,0.764,-0.397
Person_820,-2.598,0.529,4,38,0.105,1.648,1.124,2.334,1.551
Person_821,-0.578,0.382,16,38,0.421,0.964,0.076,0.88,-0.142
Person_822,2.546,0.549,33,38,0.868,1.434,0.897,1.023,0.347
Person_823,-1.45,0.398,10,38,0.263,0.689,-0.664,0.744,-0.427
Person_824,-2.598,0.529,4,38,0.105,0.939,0.089,0.75,-0.113
Person_825,-2.598,0.529,4,38,0.105,0.624,-0.55,0.43,-0.725
Person_826,0.311,0.397,22,38,0.579,0.502,-1.167,0.508,-1.11
Person_827,0.311,0.397,22,38,0.579,1.591,1.235,1.55,1.146
Person_828,0.008,0.389,20,38,0.526,0.555,-0.999,0.71,-0.558
Person_829,1.784,0.478,30,38,0.789,1.472,0.978,1.136,0.421
Person_830,-4.0,,0,38,0.0,,,,
Person_831,0.158,0.392,21,38,0.553,2.269,2.189,2.101,1.963
Person_832,2.017,0.496,31,38,0.816,0.63,-0.665,0.481,-0.565
Person_833,-2.35,0.488,5,38,0.132,0.644,-0.576,0.668,-0.337
Person_834,-0.433,0.383,17,38,0.447,0.34,-1.78,0.446,-1.47
Person_835,-1.301,0.391,11,38,0.289,1.043,0.243,1.914,1.721
Person_836,-1.301,0.391,11,38,0.289,0.901,-0.093,0.808,-0.291
Person_837,-0.723,0.382,15,38,0.395,0.224,-2.417,0.287,-2.198
Person_838,2.857,0.588,34,38,0.895,1.274,0.639,0.903,0.28
Person_839,2.857,0.588,34,38,0.895,1.051,0.275,0.689,0.056
Person_840,-0.287,0.384,18,38,0.474,1.461,1.02,1.176,0.524
Person_841,2.017,0.496,31,38,0.816,1.719,1.329,2.495,1.623
Person_842,-0.578,0.382,16,38,0.421,0.9,-0.067,0.894,-0.107
Person_843,2.857,0.588,34,38,0.895,0.98,0.149,3.477,1.759
Person_844,0.008,0.389,20,38,0.526,0.615,-0.813,0.769,-0.399
Person_845,0.158,0.392,21,38,0.553,0.85,-0.187,0.904,-0.058
Person_846,0.467,0.402,23,38,0.605,0.563,-0.951,0.617,-0.739
Person_847,3.664,0.736,36,38,0.947,1.122,0.398,0.819,0.421
Person_848,1.358,0.45,28,38,0.737,1.036,0.239,0.759,-0.213
Person_849,-0.287,0.384,18,38,0.474,0.854,-0.173,0.889,-0.113
Person_850,1.784,0.478,30,38,0.789,0.468,-1.144,0.343,-1.009
Person_851,0.008,0.389,20,38,0.526,1.119,0.403,0.973,0.091
Person_852,-1.301,0.391,11,38,0.289,0.827,-0.282,0.957,0.059
Person_853,1.784,0.478,30,38,0.789,0.18,-2.39,0.168,-1.627
Person_854,-0.287,0.384,18,38,0.474,1.33,0.795,1.223,0.619
Person_855,1.358,0.45,28,38,0.737,0.982,0.134,1.409,0.789
Person_856,-0.433,0.383,17,38,0.447,0.611,-0.814,0.734,-0.524
Person_857,0.63,0.409,24,38,0.632,1.11,0.38,1.259,0.639
Person_858,0.311,0.397,22,38,0.579,1.234,0.623,0.915,-0.024
Person_859,-2.896,0.588,3,38,0.079,0.947,0.132,0.662,-0.157
Person_860,0.008,0.389,20,38,0.526,1.558,1.184,1.524,1.143
Person_861,-1.605,0.407,9,38,0.237,1.344,0.852,1.286,0.69
Person_862,-1.605,0.407,9,38,0.237,1.566,1.244,1.305,0.724
Person_863,0.63,0.409,24,38,0.632,1.0,0.16,1.914,1.588
Person_864,0.008,0.389,20,38,0.526,1.225,0.608,1.221,0.604
Person_865,-0.433,0.383,17,38,0.447,2.046,1.884,1.883,1.754
Person_866,0.976,0.427,26,38,0.684,0.741,-0.405,1.047,0.269
Person_867,-1.45,0.398,10,38,0.263,1.031,0.216,0.797,-0.297
Person_868,-1.301,0.391,11,38,0.289,0.492,-1.317,0.593,-0.882
Person_869,-0.287,0.384,18,38,0.474,1.252,0.655,1.245,0.661
Person_870,0.008,0.389,20,38,0.526,0.506,-1.16,0.751,-0.446
Person_871,0.799,0.417,25,38,0.658,0.722,-0.466,0.695,-0.465
Person_872,-1.01,0.384,13,38,0.342,0.391,-1.674,0.472,-1.353
Person_873,2.546,0.549,33,38,0.868,0.937,0.057,0.689,-0.037
Person_874,0.008,0.389,20,38,0.526,0.652,-0.706,0.629,-0.792
Person_875,-1.605,0.407,9,38,0.237,0.954,0.041,0.832,-0.189
Person_876,-3.273,0.679,2,38,0.053,0.817,-0.025,0.639,-0.057
Person_877,0.008,0.389,20,38,0.526,1.147,0.457,1.064,0.29
Person_878,0.158,0.392,21,38,0.553,0.61,-0.83,0.751,-0.432
Person_879,0.63,0.409,24,38,0.632,0.482,-1.189,0.553,-0.882
Person_880,0.467,0.402,23,38,0.605,2.395,2.309,2.038,1.794
Person_881,0.799,0.417,25,38,0.658,0.564,-0.9,0.678,-0.508
Person_882,1.358,0.45,28,38,0.737,0.374,-1.475,0.338,-1.246
Person_883,-2.598,0.529,4,38,0.105,0.366,-1.264,0.3,-1.066
Person_884,-2.135,0.458,6,38,0.158,0.725,-0.437,1.237,0.564
Person_885,-1.45,0.398,10,38,0.263,0.658,-0.757,0.606,-0.802
Person_886,0.799,0.417,25,38,0.658,1.954,1.695,1.76,1.346
Person_887,2.017,0.496,31,38,0.816,1.056,0.279,0.792,-0.024
Person_888,-0.287,0.384,18,38,0.474,1.219,0.593,1.386,0.928
Person_889,-3.273,0.679,2,38,0.053,0.36,-0.945,0.249,-0.731
Person_890,-1.944,0.436,7,38,0.184,1.904,1.667,1.378,0.787
Person_891,-1.01,0.384,13,38,0.342,1.797,1.611,2.318,2.34
Person_892,-1.01,0.384,13,38,0.342,1.25,0.67,1.259,0.688
Person_893,0.008,0.389,20,38,0.526,0.427,-1.443,0.463,-1.339
Person_894,0.63,0.409,24,38,0.632,1.272,0.682,1.621,1.195
Person_895,-0.287,0.384,18,38,0.474,1.178,0.517,1.078,0.32
Person_896,1.162,0.438,27,38,0.711,1.256,0.636,0.952,0.113
Person_897,-1.605,0.407,9,38,0.237,1.724,1.501,3.248,3.048
Person_898,-1.01,0.384,13,38,0.342,1.615,1.322,2.769,2.887
Person_899,0.799,0.417,25,38,0.658,1.298,0.72,1.217,0.559
Person_900,-2.135,0.458,6,38,0.158,0.752,-0.371,1.052,0.288
Person_901,0.799,0.417,25,38,0.658,0.761,-0.368,0.543,-0.859
Person_902,-0.287,0.384,18,38,0.474,0.836,-0.216,0.906,-0.073
Person_903,-0.866,0.382,14,38,0.368,1.273,0.707,1.224,0.623
Person_904,3.22,0.646,35,38,0.921,0.878,-0.017,0.507,-0.025
Person_905,-0.578,0.382,16,38,0.421,1.59,1.234,1.329,0.83
Person_906,4.236,0.893,37,38,0.974,0.961,0.217,0.903,0.667
Person_907,0.008,0.389,20,38,0.526,1.838,1.611,2.103,2.003
Person_908,-1.154,0.387,12,38,0.316,1.239,0.655,1.004,0.159
Person_909,0.311,0.397,22,38,0.579,0.311,-1.924,0.41,-1.455
Person_910,-2.598,0.529,4,38,0.105,1.303,0.667,1.593,0.919
Person_911,-1.01,0.384,13,38,0.342,0.586,-0.958,0.566,-1.024
Person_912,1.565,0.463,29,38,0.763,1.052,0.27,0.705,-0.27
Person_913,0.976,0.427,26,38,0.684,0.805,-0.254,0.709,-0.396
Person_914,-0.287,0.384,18,38,0.474,0.999,0.153,1.102,0.371
Person_915,0.976,0.427,26,38,0.684,0.151,-2.638,0.167,-2.226
Person_916,1.565,0.463,29,38,0.763,0.211,-2.209,0.2,-1.642
Person_917,2.546,0.549,33,38,0.868,0.963,0.106,0.868,0.181
Person_918,0.467,0.402,23,38,0.605,1.267,0.68,1.25,0.634
Person_919,1.565,0.463,29,38,0.763,0.915,-0.001,0.725,-0.233
Person_920,-2.896,0.588,3,38,0.079,0.414,-0.971,0.325,-0.795
Person_921,-0.433,0.383,17,38,0.447,0.394,-1.557,0.486,-1.319
Person_922,-1.769,0.419,8,38,0.211,1.151,0.469,1.096,0.351
Person_923,0.467,0.402,23,38,0.605,0.741,-0.449,0.659,-0.625
Person_924,-0.578,0.382,16,38,0.421,0.782,-0.352,1.111,0.392
Person_925,-0.866,0.382,14,38,0.368,0.592,-0.918,0.662,-0.734
Person_926,3.22,0.646,35,38,0.921,0.475,-0.914,0.343,-0.247
Person_927,-0.287,0.384,18,38,0.474,2.306,2.215,1.899,1.765
Person_928,0.467,0.402,23,38,0.605,0.646,-0.706,0.646,-0.66
Person_929,-0.866,0.382,14,38,0.368,0.167,-2.838,0.272,-2.267
Person_930,0.63,0.409,24,38,0.632,1.177,0.51,1.0,0.169
Person_931,0.158,0.392,21,38,0.553,1.054,0.268,1.05,0.26
Person_932,0.63,0.409,24,38,0.632,0.586,-0.861,0.604,-0.738
Person_933,2.017,0.496,31,38,0.816,1.055,0.277,0.757,-0.078
Person_934,3.664,0.736,36,38,0.947,0.425,-0.904,0.275,-0.106
Person_935,0.799,0.417,25,38,0.658,0.657,-0.636,0.613,-0.67
Person_936,1.565,0.463,29,38,0.763,0.614,-0.712,0.442,-0.846
Person_937,-2.896,0.588,3,38,0.079,1.614,1.021,1.137,0.44
Person_938,-0.14,0.386,19,38,0.5,0.644,-0.723,0.646,-0.759
Person_939,1.358,0.45,28,38,0.737,1.066,0.297,0.766,-0.2
Person_940,1.784,0.478,30,38,0.789,0.34,-1.605,0.313,-1.095
Person_941,0.311,0.397,22,38,0.579,0.876,-0.124,0.974,0.104
Person_942,1.162,0.438,27,38,0.711,1.135,0.425,2.946,2.405
Person_943,0.976,0.427,26,38,0.684,1.432,0.931,1.063,0.297
Person_944,1.358,0.45,28,38,0.737,0.248,-2.016,0.227,-1.663
Person_945,0.311,0.397,22,38,0.579,1.193,0.546,1.099,0.361
Person_946,-0.578,0.382,16,38,0.421,1.516,1.116,1.575,1.27
Person_947,0.467,0.402,23,38,0.605,0.861,-0.153,0.818,-0.229
Person_948,-4.0,,0,38,0.0,,,,
Person_949,0.158,0.392,21,38,0.553,1.17,0.502,1.05,0.261
Person_950,-4.0,,0,38,0.0,,,,
Person_951,-2.598,0.529,4,38,0.105,0.445,-1.017,0.955,0.191
Person_952,0.63,0.409,24,38,0.632,1.511,1.083,1.948,1.632
Person_953,0.63,0.409,24,38,0.632,0.687,-0.576,0.872,-0.092
Person_954,-2.35,0.488,5,38,0.132,1.011,0.201,0.77,-0.147
Person_955,-1.605,0.407,9,38,0.237,1.125,0.419,1.18,0.506
Person_956,2.269,0.519,32,38,0.842,0.681,-0.522,2.204,1.333
Person_957,-1.154,0.387,12,38,0.316,1.529,1.193,1.125,0.416
Person_958,3.664,0.736,36,38,0.947,1.195,0.498,0.579,0.232
Person_959,-0.14,0.386,19,38,0.5,0.948,0.043,1.188,0.545
Person_960,1.162,0.438,27,38,0.711,1.016,0.2,0.829,-0.113
Person_961,2.269,0.519,32,38,0.842,0.698,-0.48,0.56,-0.321
Person_962,-0.433,0.383,17,38,0.447,0.321,-1.866,0.425,-1.553
Person_963,-1.605,0.407,9,38,0.237,1.516,1.159,1.158,0.467
Person_964,-0.433,0.383,17,38,0.447,0.907,-0.049,0.785,-0.385
Person_965,0.311,0.397,22,38,0.579,0.533,-1.066,0.414,-1.438
Person_966,-2.598,0.529,4,38,0.105,0.793,-0.185,1.762,1.078
Person_967,-0.287,0.384,18,38,0.474,0.617,-0.797,0.612,-0.878
Person_968,-1.154,0.387,12,38,0.316,0.362,-1.832,0.537,-1.096
Person_969,1.358,0.45,28,38,0.737,0.999,0.168,1.152,0.441
Person_970,0.008,0.389,20,38,0.526,0.672,-0.648,0.795,-0.333
Person_971,-0.433,0.383,17,38,0.447,0.897,-0.072,0.758,-0.459
Person_972,-0.578,0.382,16,38,0.421,1.171,0.504,0.974,0.086
Person_973,0.63,0.409,24,38,0.632,1.899,1.649,1.571,1.124
Person_974,0.976,0.427,26,38,0.684,0.829,-0.198,0.736,-0.335
Person_975,-1.01,0.384,13,38,0.342,0.719,-0.56,0.73,-0.526
Person_976,-1.605,0.407,9,38,0.237,0.359,-1.819,0.581,-0.826
Person_977,1.784,0.478,30,38,0.789,0.598,-0.754,0.47,-0.686
Person_978,-1.154,0.387,12,38,0.316,0.856,-0.203,0.755,-0.444
Person_979,-2.598,0.529,4,38,0.105,0.659,-0.47,0.475,-0.624
Person_980,0.976,0.427,26,38,0.684,0.64,-0.664,0.97,0.132
Person_981,0.467,0.402,23,38,0.605,1.716,1.413,1.205,0.554
Person_982,-2.896,0.588,3,38,0.079,1.016,0.239,1.556,0.839
Person_983,0.467,0.402,23,38,0.605,0.743,-0.444,0.853,-0.15
Person_984,1.162,0.438,27,38,0.711,0.94,0.048,0.865,-0.044
Person_985,0.311,0.397,22,38,0.579,1.258,0.667,1.507,1.078
Person_986,1.162,0.438,27,38,0.711,0.663,-0.59,1.167,0.466
Person_987,-2.135,0.458,6,38,0.158,0.598,-0.767,0.456,-0.925
Person_988,0.008,0.389,20,38,0.526,1.014,0.184,1.043,0.245
Person_989,-1.605,0.407,9,38,0.237,0.689,-0.646,1.141,0.437
Person_990,-1.154,0.387,12,38,0.316,0.722,-0.565,0.719,-0.543
Person_991,1.565,0.463,29,38,0.763,0.167,-2.474,0.162,-1.817
Person_992,2.017,0.496,31,38,0.816,1.693,1.293,5.742,3.284
Person_993,2.857,0.588,34,38,0.895,1.457,0.908,0.9,0.278
Person_994,1.162,0.438,27,38,0.711,0.645,-0.637,0.562,-0.693
Person_995,-0.433,0.383,17,38,0.447,1.055,0.271,1.189,0.554
Person_996,0.467,0.402,23,38,0.605,1.576,1.2,2.448,2.28
Person_997,0.63,0.409,24,38,0.632,0.509,-1.098,0.455,-1.186
Person_998,0.311,0.397,22,38,0.579,0.837,-0.217,0.893,-0.074
Person_999,0.63,0.409,24,38,0.632,0.321,-1.811,0.495,-1.055
Person_1000,1.565,0.463,29,38,0.763,1.179,0.502,0.815,-0.073
