,PC 1,PC 2,PC 3,PC 4,PC 5,PC 6,PC 7,PC 8,PC 9,PC 10,PC 11,PC 12,PC 13,PC 14,PC 15,PC 16,PC 17,PC 18,PC 19,PC 20,PC 21,PC 22,PC 23,PC 24,PC 25,PC 26,PC 27,PC 28,PC 29,PC 30,PC 31,PC 32,PC 33,PC 34,PC 35,PC 36,PC 37,PC 38,PC 39,PC 40,PC 41,PC 42,PC 43,PC 44,PC 45,PC 46,PC 47,PC 48,PC 49
Item_1,0.07670420590237337,-0.010875805557393585,0.019643111774762623,-0.02654603512773293,0.02714599782606133,0.029376560465892633,0.023954879594844568,0.023381377570090713,0.05960737484719328,0.007146531033985472,-0.03136377905544416,0.007868593069902402,0.013325477969558436,-0.020522684852429675,0.05906153678674848,0.005256453747793836,-0.0019404341411403813,0.0077023377861931705,0.022315170520139333,0.015658090614974533,-0.009043061999024701,0.007562362613393423,-0.009622085345492777,-0.008807586297255095,-0.03667168108131058,0.002052866326974647,0.02733647042424914,0.017070163729494485,0.0033685265736169956,0.013574457857048071,0.0076362352915580415,0.011485428655667604,-0.002731500616112207,-0.021942735747510957,0.012188629446841884,0.01609393180203756,-0.02747876733456058,0.0001754231826237023,-0.009796332384266868,0.00641158115031102,-0.002067064484403454,0.002589721341259127,-0.004192189921622972,0.006547132077113838,-0.006975339387983512,-0.017487012392010177,-0.016123533908518145,-0.001495311830506028,-0.015296351281100505
Item_2,-0.008022271259199966,0.010203522181690312,-0.05068284170065831,-0.0018214024301208929,-0.012970263049334243,-0.036898012102018346,-0.0009792647386579999,0.03866493689483912,0.018141653810570042,-0.011465615677102308,-0.038544313711403745,-0.007886672828785928,-0.0013974515766042828,0.022995441154207874,-0.0031239495542145458,-0.009168936105346694,-0.05338485830981388,-0.0059641495083743255,-0.016356303111992893,0.006285888999461307,-0.03289109389729194,-0.002203664278708572,0.006307826809268662,-0.01883334070169178,0.07112464611524316,-0.0029963726605533123,0.051013938738523876,0.009037574539997232,-0.014648253622123297,-0.010609185448094765,0.012737107527434245,0.0061922970793608055,-0.008754507432222258,-0.027291733040925015,-0.01091208808744933,0.00043895981721566834,0.004076235611070504,0.00831874843511074,0.006339435598213895,-0.003612117491856859,0.004749296506339846,-0.002235253959847178,0.0067197796872900985,-0.004112160774265741,0.011788471163638695,0.0023384569745986167,-0.015775501646054436,-0.011742131158467933,0.004670576533694147
Item_3,-0.024194729775993785,-0.04632026117043714,-0.0017108747271998934,0.028245875661949135,-0.012417264753192169,0.05773525443473582,-0.01937790340257653,-0.04890982764132662,-0.0014479779854239534,-0.015604038770679531,-0.02359106356662796,0.044637833377462424,0.005387878093977777,0.026228014807445247,-0.008278003973480028,0.03718692837329302,0.004549063577118656,-0.02386031474352733,0.025698314426737166,0.010018201236650386,-0.016592077999736197,0.00945913729940821,-0.002147503989561302,0.0065058890798391136,0.0011071638838788696,-0.008748604932265078,-0.014490824725444083,-0.0204816288594937,0.05256380989414955,-0.018040032914797482,0.014733756575117425,0.014496202244789692,-0.006980604338952389,0.0009774569193602258,-0.017431246133055227,0.025764753848561524,0.0014432928563533497,0.02646672786854609,-0.008054968142866704,-0.02385081421559236,-0.0037252617416419207,-0.007972920263884747,0.012799795410270034,-0.01223034878540589,0.005334334820091271,-0.013718151740970831,-0.003111724096279179,-0.005381175618856506,0.004438692514560951
Item_4,-0.03261647737898622,0.007091400092067941,-0.08629924539509655,0.008600784580920458,-0.03911113005272411,0.01152507197866989,0.021359540095887034,-0.034501476180155984,-0.024490633883527964,-0.005172037609962613,-0.016392532703155785,-0.038421356846964204,0.044676257945009484,0.011760327964906015,0.017832411434704334,0.011121883347785957,0.013541959670990733,-0.008285981893842572,-0.026724609327030763,-0.004696737533368521,-0.0012053229796446356,0.03697671952616086,-0.01743337946068743,0.013758434521528183,-0.021910817938034493,-0.0114708641611482,0.001174043033594022,0.017128562089231518,-0.016055563426724092,0.005856756206710108,-0.010846801462977786,-0.01232652201134182,-0.027691649867022553,0.012886754109801252,0.02398203204823804,0.0057108319850561855,-0.0032539281363686136,0.02027668086178146,0.011101781773208927,-0.0013295433026389487,-0.011338249712365786,0.009274555888032743,0.003235445553899196,0.019418193567656675,0.02737894839480796,0.0028774460897510123,0.002928928075621052,0.0011634472848206844,-0.009749957875171366
Item_5,0.03900973721714887,0.037078259695481924,0.035322001919471796,-0.03225146256469409,0.00392377645063266,-0.04898246838658517,-0.022963748896150587,-0.014384526610088539,0.013071752491266879,-0.0012577925656793655,-0.03722300981099942,-0.06578871447752246,-0.013952499616758395,0.030150242548353173,-0.0006623883469304013,0.032483499044742986,-0.024058636235297935,0.0014657641157953029,0.03437278626059638,0.01998034107483163,-0.0047147866133774655,-0.026340007206214103,-0.022156397260892927,0.016429435238211602,-0.006086281765596485,-0.01456089872353712,0.0036030686310177264,0.023490904632240423,0.015600132655072759,-0.026483347303218868,0.0025066239752166305,0.013074899106142072,-0.013296365859969492,0.017854519216540497,0.016778108688625358,0.0026454843679170215,-0.0003842212077607129,-0.01562370552413173,-0.004440853474917701,0.0018592993308313946,0.000971184065491338,0.0012276856503106053,-0.014137144121829268,-0.017399054569642133,0.017951628844152537,-0.00529561312775803,0.018459698387594,0.011472365497776915,0.008395403350230713
Item_6,0.007505765671703363,0.010368401173409248,-0.003114168006884146,0.003751458398047756,0.014881219049219926,0.01869508825579483,0.011330045151422401,0.033260677704534405,-0.03563215117545755,0.030802592408007735,0.046895301493720544,-0.004240106305985057,0.02314674932050155,0.03407528877463636,0.05192541147474844,-0.011986738702555615,-0.0019236046761170068,0.0017370367486837692,0.00764801795794669,-0.04067466447240588,0.012933202299319798,-0.017603736792465904,-0.023636086382114604,0.0376671808225355,0.027434117132415427,0.05017034684467587,-0.004985423282703577,-0.0108854583188553,0.0014426428279339292,0.013446113568477382,0.044695832480788095,-0.010863555504724271,0.008146445383400074,-0.012210821765395164,0.003135063232174996,-0.009364603046435823,-0.002833122648470917,0.0011335223391850783,-0.022382289941321045,-0.018539298170600627,-0.013320497936565583,0.009456805734344865,-0.007228358644714916,-0.004809910625125657,0.011198778619846922,-0.0057048681368637305,0.007791480696936251,-8.804470307583452e-05,0.002013907988288317
Item_7,0.05174916738288518,-0.030386399015885746,-0.01126519249204504,-0.06069859035793548,0.0007535101985099791,0.028631997450474518,0.026218930055129746,-0.019505418670017666,-0.044123474379795,-0.02420995864608372,0.022176319240181527,0.01868362184905469,0.02336463582902781,0.008184425868813672,0.01916626705326282,0.0072554848456101205,-0.0215856889463558,0.01493934276106141,-0.01777166836770384,0.0016978697607837661,-0.007231632198736721,-0.040131297312743286,-0.03371012381054603,-0.030394780960070512,-0.018483143844483168,-0.004361611996346102,-0.02773318054038388,-0.005533611049060404,-0.018238969985865668,-0.0008268990516802878,-0.016077150290788125,-0.015081728242839593,-0.02757338206848488,-0.033422541982491845,-0.018894083330658437,0.004416774099260833,0.004212084443865874,0.008831187035803755,0.007159058090803959,0.02201326648152881,0.002049779383049605,-0.02102146847765101,-0.0065639593854817345,-0.003157592244258043,0.00027017050085138036,0.0031805598595646203,0.006581637838793012,-0.002768461048632853,0.015452832745722823
Item_8,0.016979006389611563,0.0018362580913843297,-0.024268895578331447,-0.019723086716680372,0.0003154503606554371,0.016458785381025628,-0.0403447082471815,-0.04889847658788017,0.017969937818163688,-0.020057027907824876,0.028334447222107796,0.0053203385530448885,-0.02682453824108262,-0.05304779690648205,0.010230955504972383,-0.01012767237323789,0.05068623612822374,0.007253398313504873,-0.03157125413363388,-0.00015870325899329735,-0.018396052736255986,-0.01899807544267662,-0.01615438727112183,0.014204197541284401,0.023041227894243302,0.01646726188442244,0.0315071619846498,-0.01108833662696795,-0.0023427567745731345,0.023923266346063378,0.00906572085235937,0.05573602307319625,-0.0055203303878226615,0.025810928153290596,-0.001100530903161903,0.0012634359484026793,0.005225444419814039,-0.004077400975467336,-0.008393190661206494,0.010678215561817212,0.0033503867796813285,-0.022314434400793115,-0.009165715026299249,0.0022855173111056954,0.009092974675996013,0.008206408165248189,0.0037987067652503533,-0.005793527296921026,-0.0012848359136884303
Item_9,-0.0065451053860660835,-0.052397483293257684,-0.044175074083484075,0.025682459209059077,0.07011824350526977,-0.01574460184735945,0.012608697718069871,-0.005772311121890274,-0.05303260745597069,-0.001956073302618508,0.003304075836051923,0.0058318083682221975,-0.01623837682165491,0.037764796503943245,-0.01895391640822402,0.06288242452917026,0.005080836831178427,-0.0017800391795334135,-0.0165980910371591,0.025416138759927976,-0.0018007092383013088,-0.012494531019278927,-0.015788382757281998,-0.011475539771194785,0.012121654952320786,0.006800901272749321,0.00661852732614689,0.013337353658730683,-0.015790748105994856,-0.026030374678708973,0.009597005401624023,0.004777228580685359,0.012815426638287004,0.0016906074018116929,-0.004200477451626996,-0.004579945721669956,-0.011223860283832376,-0.020455025330563915,-0.01077546285882596,-0.010835789138834134,0.013750053588058204,-0.011127716609709355,-0.0005711552590702116,0.024490057566008284,-0.015439125500818256,0.0015828384209287572,0.003824551499035665,0.0115269835581206,-0.013885143387595271
Item_10,0.042690419074770065,-0.05184837751511351,0.019676297018377076,-0.009384277561580584,0.0020197325084519453,-0.018706971892684117,-0.06639224154277093,0.00019920627007565222,0.046880911562960224,-0.025411663837288642,-0.047769748387266615,0.02009312561734166,0.039116710008379026,0.0039609411580564195,-0.010775177263741548,-0.022649092858561315,-0.014634086577508908,0.002296786320501991,-0.007664581003447583,-0.015890247379053604,0.014276639690705835,-0.019173105124170458,-0.014132181048704411,-0.008102394298660677,0.025794208107179535,0.014971485262143902,-0.01231821304820022,-0.0215357444453106,-0.025921048240761302,-0.0026647669624682434,0.0020397967193103717,-0.015407111228069453,0.003547097213273984,0.029747461481116635,0.015534375138890106,-0.0026596926269067595,0.0031229506752507965,0.032350874497429176,-0.003988782244508454,0.00546325695790623,-0.01228230605017031,0.006964343764390758,0.012139636682632977,0.009976688562731742,-0.014339735256506841,0.0014495703796886105,0.0045445330096569895,0.01948838088955455,-0.00027051945936643003
Item_11,-0.04944216834969035,-0.030097457754651964,-0.0053254072649958455,0.011320909574845514,-0.06290545353228891,0.020554679007847746,0.00988790962220445,0.0034830621825383727,-0.007416290406952053,0.016817484300949623,0.014391303691883224,0.010338767737684416,-0.02274977046729228,-0.02456096106193698,0.02648526221499547,-0.02535420663754873,-0.020024231780793957,0.040966285316053376,0.0008276283685703036,0.004584301828549976,0.04611211051749208,0.000733122037862299,-0.03723571373838239,-0.022569898454530495,0.007982941031826741,0.016216019443016937,0.029234883134008027,0.018593403747543844,0.011286448110143475,-0.030571912452762747,0.00140903453349154,-0.008491060935757473,-0.003864673045087153,0.03351081818826896,-0.020744662677588902,0.013834892351107502,-0.018967680719132483,-0.016645962806575914,0.01299958626712346,0.010955497200842304,0.009330915493141244,0.01283253255317024,0.014881966784584564,0.0024479788722897157,-0.003967566682351953,-0.01561078013327808,0.006994665934180865,-0.0016437275162660286,0.006156778965452009
Item_12,-0.003597376762798187,-0.016505332371605508,0.04059321802900954,0.03482128716476221,0.028552541462207835,0.01903157426507433,0.04689513622514149,-0.00666710056627336,-0.0009476874378444812,0.01744740713814271,0.0025339076276545704,0.02791408716170989,0.02489847815072637,-0.0360450945704693,0.016353854161142316,-0.01975046031288782,-0.0005608118701972256,0.032060610621473466,0.020860329793974213,0.049990657474546354,-0.017188037220564476,-0.00531835611336788,0.020090041106476383,-0.011366923699767007,0.0404765970592135,-0.0258140984760625,-0.03790459679980718,-0.002118450302099157,-0.012747640101821797,0.004024685281066184,0.017965733513881282,0.01288171219081462,-0.030368653580564682,0.007849165086138078,0.024732622566205533,-0.004721650081771287,0.01843424573047328,-0.004614703721712925,0.005691699456017964,-0.012725684333265626,0.021206959613851287,0.02162374230146026,-0.009332373176310827,0.01281803405456604,0.005767349058133195,-0.0011070665895298016,0.006347875589390771,-0.0025315210204413085,0.004178256040914956
Item_13,-0.03233491114490652,0.017974581004620387,-0.01937921838192965,-0.05442034206119207,0.00448957783141463,-0.0020916529631874307,0.008119641290532017,0.015507294920790185,-0.028374719889570087,0.027114804162749983,0.009493142086800143,-0.027541402060956413,0.03396813444242156,0.0004427760770381722,0.04132729114417607,-0.03891368293806356,0.0016707997108683158,-0.03029752294060257,-0.0029350210715568424,-0.03640570172615614,0.0006030340021445415,0.009980037849181089,0.0342618691420621,-0.019766575881401596,0.010760410286986552,-0.049643722878997924,-0.012281298032881994,0.004829177258121686,0.021197254140582107,-0.038866874527525984,0.011021823703348074,0.03163816568503157,0.01631730779715728,0.007689078917867399,-0.008884867827480984,-0.0015754678199765698,0.013179633435760526,0.013250623337164905,-0.003918238529527155,0.01657536679695061,0.002281725578646088,-0.010893307796480194,-0.00933925545964258,0.0030340512304361943,-0.01562577407602702,-0.008000049546331576,0.006184882557897475,0.006623021857817086,-0.006420987053405991
Item_14,-0.02490641961620157,-0.012013221113680639,0.06602615837464898,-0.0015033747278150277,-0.0032449826869264693,0.0674997682437892,-0.047675883674780525,0.005478458824606336,-0.02615643435121188,-0.00017824313237926518,-0.007029367565290017,-0.006243405486583371,0.032766994398149105,0.007286515230566013,-0.011367621948273189,0.018391969486327688,-0.03448915467050713,0.03701667002950963,-0.031899228517354855,-0.005154711056046237,-0.00531423164923498,-0.004786086819751954,0.031385722073047274,0.029423262771634717,0.012227815665989534,-0.013131478500585528,-0.012155569407656606,-0.001300953879969023,-0.01348378901907534,-0.017572072836974203,-0.007016776529807719,-0.002432312441915068,0.003398342817712483,0.007036842888636616,0.02468981782625502,-0.013158139747054303,-0.01998425295979009,-0.026088215031885353,0.004151464916148858,0.013184104706570058,-0.02023183675731691,-0.018203866411327253,0.00716786213543033,-0.006952454927234945,0.0031306292376973937,-0.005258879463752179,-0.005100541716881193,-0.018702247576128626,-0.008279830847622004
Item_15,-0.031385164662242504,0.05369178872963243,-0.02873513637242368,-0.008198453998435475,-0.0013018185906050433,0.031796015895030394,-0.04264523807029162,0.04392221293764686,0.022069520844470784,-0.031781475738957454,-0.008662339431179519,-0.009956381891393766,0.0031726230841404163,0.013033997913061753,-0.03176611977506941,0.00506447182597673,0.012689290333966612,0.05127199051410983,0.016163462765970957,-0.00675609948295317,0.013956027629978936,0.023006777763194614,-0.02021486122297006,-0.041596182949012975,-0.015439267382352205,-0.0015729299732245231,-0.014603569005828978,-0.007101769277474025,0.005682352770302835,0.012764940663231748,0.02255826051212881,-0.008269685520916349,-0.025992016248360204,0.0034393056324971056,-0.0183535550183491,-0.0172767738292798,0.039557703719760716,-0.02014301689118592,-0.006692670945944868,-0.007483690595095269,-0.009481958265721917,-0.009166376867001728,-0.013271559305651116,0.0029149439743142358,-0.0002724234160630753,-0.010920012263953548,-0.011338912480142875,0.005022909231033092,-0.005880782869544356
Item_16,-0.04131331832212272,0.021583578046072995,0.05735779891368289,-0.0315494073451561,0.012899231113066945,0.018122422226483456,-0.02763476352736897,-0.05742871253812384,0.03448757968009212,0.002166901168571809,0.04014346497750251,0.00805011583774678,-0.018952460454034637,0.0012978571463307291,-0.012489923837053635,0.004601443836182364,0.02810587446520993,0.02116989255657213,-0.003041216111534176,-0.003944457020472995,-0.0193125259557304,0.0330618181143039,0.004700841153554943,-0.02238453642391897,0.010244577397520903,-0.01810831242809464,0.020831391291647714,0.011615794205741367,-0.023129334844489105,-0.020566244614245242,0.027332531020087467,-0.03221525117477491,0.010273333569460643,-0.032832217826826285,-0.008158988662513996,0.019190966013336367,-0.010874142254341298,0.0064191527195287925,-0.0011695623013476396,0.002902227525743152,-0.00965855962112972,0.017033675065243125,-0.005766297447542729,-0.0066017267630618355,0.002660071661945389,0.016422528928739286,0.01497042489029498,0.006701882854174973,-0.004694829163538313
Item_17,-0.011619288874048882,-0.0030983988806137608,-0.0308106207612904,-0.02766972425707563,-0.0005375582701771268,-0.031881871517616574,0.02605302438162476,0.03597709330032753,0.03518188740255903,-0.010570954798631724,-0.014236999459468526,0.028134970055111185,-0.02553971577342416,-0.031519898130609465,-0.0010591953275831496,0.053887948390768596,-0.01993442725344881,0.031955471944354615,-0.008711642607312385,-0.04948104698324708,0.00015838343924498013,-0.004129386243647964,0.003974041582247294,0.03786632330872055,-0.02680205069929673,-0.014250786489903097,-0.02972936322630004,0.008079795620615782,-0.03561596546830856,-0.01164132292802488,0.005575252515127681,0.020902822061669366,0.01235777378747741,0.003999576458075918,-0.012829023025057184,0.01816638695849561,0.022403101540275725,0.0028703646116624766,-0.012416954912147787,-0.0032257174695349286,0.0050147638142255665,0.018325270209616527,0.013502963828228616,-0.0014115209181606225,-0.001062433102243364,0.002929338986861324,0.008963229643445992,-0.01524850592895207,0.000538054552684595
Item_18,0.0011065176001140802,0.07536689327988877,-0.011320248529665827,0.049272882726171904,-0.016237390421441806,-0.009094555630196798,0.028799219653196078,-0.0061359530504879614,-0.022032261439986607,-0.04661847619059992,-0.015119393646334637,0.034288297816959856,0.025045973841089066,-0.002646346402992476,-0.03228049001885738,-0.042041810826538475,-0.04275603233709018,-0.007492163815409489,-0.0037516215738099654,0.006220921836320461,-0.01939607576758484,-0.019079060623314114,0.002340210595761899,0.012002157525639084,-0.002246236924440642,-0.012242916131244492,0.0036495542386586863,0.005697928817657006,0.0016965752104842523,0.04172930434226518,0.001906536077793506,-0.016004735650171634,0.012460324568091046,0.011273522464628033,-0.01609357596626093,0.030379659662044287,-0.011080033823253042,-0.007980629644011512,-0.004778557841642295,-0.0016134484425343893,0.0017249037009347678,-0.007454449809625172,-0.012922722040954493,-0.006652255501067551,-0.008553140956768257,-0.006728297462595741,0.021730012606631884,-1.2749076225288333e-05,-0.013325549077711048
Item_19,-0.047130267018004164,-0.009228670521425467,-0.03917158348526522,-0.03547931794064308,-0.018181129171279196,-0.055220440671492795,-0.04484583291892,-0.016450936111702587,-0.010533320916438011,0.027333451695364143,0.016473365678917596,0.04713455263073322,0.009357025249444083,-0.007905372717682706,-0.02148749258402707,-0.02258467821208604,0.003043129502982508,-0.0051960627574015395,0.03978691415516497,-0.00960317457100939,-0.02377367980920446,0.032153508043313316,-0.02792650201372695,0.00783083273763958,0.004086768589914395,-0.004183732946314084,-0.014823313140201935,0.011740151291847967,-0.020310173823246822,0.01064765684578931,-0.024246335340867703,0.012743118524072434,0.011810810498616748,-0.019611997483061677,0.03296908442068118,0.00572026147581149,-0.014553284623228751,-0.019292124918588786,-0.0016539057921082067,-0.011837914747598918,-0.0072504646406102565,-0.00850369586447997,-0.007374294417211889,0.006410435699651259,-0.008395514840134611,-0.01917254378429959,-0.0036356557066539725,0.00022127459334468007,0.014843788776266046
Item_20,-0.03426160320081895,-0.030084988194247115,0.020808259994150334,0.01165146562384654,-0.04768162696079997,-0.02980516694914458,-0.011459515425575951,0.024419386659308987,-0.026762693676432314,-0.009879440217181545,-0.017355766568464288,0.05079815260852034,-0.0019446820759153004,0.0464521876964145,0.018832366766336595,-0.019957218549354738,-0.008472282341945858,0.02991949110142904,-0.008072615178220029,0.029677218127184622,-0.030127282779305417,0.005458049867685825,-0.010840304330416281,-0.011208131759403604,-0.04305460110076405,0.027574257679935193,0.006846309097413153,-0.004688256543630348,0.027369384654201443,-0.007492930762771746,0.0002817090034267982,0.02194613668791971,0.03203928340099187,-0.006608547919934098,0.019888486389065745,-0.018356239811209672,0.018483965562200607,0.008343234440166715,0.003102029478990377,0.01667929272733929,0.005146924488890735,0.012056837630694388,-0.012846341519894711,-0.0033387843186253544,0.005262063541553405,0.019743303149378444,0.0030698474854512544,-0.003572524688270265,-0.005714458078722194
Item_21,-0.029035817777392926,0.016433410342636814,0.004615066444233484,-0.006335564136542469,0.043685750115592815,-0.03156307270051169,-0.038787999515355345,0.007396356035172898,0.030332870789157557,0.06271932183207335,0.04476731561271279,-0.006989611556213984,-0.01264052666866426,0.024886142194298598,0.001911790479721992,-0.02066338044908878,-0.007400546369061461,-0.007749431516036362,-0.029037675873626635,0.0444183696201692,-0.0043930426761847165,-0.03822499633870866,-0.008034445094591815,0.031390708189169184,-0.019977086671076703,-0.010474663486574417,0.005457747384572612,-0.015110172871170956,0.0065551980686344834,-0.008781551413206459,-0.028846311154489292,-0.015695977135465645,-0.018943847617141088,0.010669541316749591,-0.021948658590748408,0.010375248640734209,0.012090523068035928,0.014188366972324857,0.0076850028454451096,-0.010830052369197408,-0.015466345619555484,0.011604834662941417,-0.013328610599215576,0.011115843787579266,-0.008782909452899255,-0.004776451301778924,-0.00803082289432358,-0.013554262166742893,-0.003240482326568004
Item_22,-0.029134128445655983,-0.040015397999934955,0.02037588708828659,0.033872023629758795,-0.0072577260565354716,-0.014795813063131083,0.002493462402923338,0.008916158714139581,-0.027178527320041525,-0.043686584334037194,0.0012804023558707503,-0.03592585347084826,-0.01925271391965611,0.0044582587939608394,0.019495169041546783,-0.008416066800413185,0.009934524732253413,-0.030600682833427692,0.047438636904761376,-0.033267543596700325,-0.04631369918639183,-0.017834152405083882,0.033744553771042074,-0.012086290734955159,-0.03418262532183758,0.013434563328975913,0.024133878086676427,-0.019708626777880864,-0.02083605629768263,-0.0008810133133737892,0.020379031733338302,-0.00027322564861731463,-0.034888944038603875,0.01244364120451533,0.0011970845753377238,0.005357980211100866,-0.0033449967848408206,-0.01592123229198195,0.014356918860333865,-0.001862398142728381,-0.018569932471249738,0.005337368855804324,0.0032292233012476686,0.008501668210955972,-0.01637310031628864,0.006863116685834838,0.0012750740357468854,-0.006276759802123807,0.00731476013434878
Item_23,-0.06002140430840047,-0.014710451014555667,0.01099230960763128,-0.045187250108671376,0.026153340876510063,0.046139479961212745,-0.05972107415443441,0.017039918039612686,-0.0339079630472967,0.005710657051173814,-0.006650773657603384,-0.044409191810139116,0.023439239496237267,-0.02724899497550622,-0.0029981297714600703,0.007047997555113788,-0.03344962360290141,-0.009927058133454314,0.006204494050081651,-0.005162840496093235,0.0035634737117215846,-0.0017582688148514687,0.014965492798171238,0.005459921822182026,-0.005947951887088597,0.020728447772360954,0.0050891751343997114,0.004001513927535645,0.016976906374954817,0.03746270435433199,-0.024686748543539836,-0.0010136301914693091,-0.00143956876013476,-0.008576911765763789,-0.0025032620178148854,0.025190515480589575,0.004111554769529839,-0.005843522206507911,-0.012440597224027539,-0.003181563349077878,0.03910714586069679,0.01584118744068278,0.0063823020126358545,0.001430235236160351,0.0003328968421720385,0.01621564074328724,-0.006888210302542105,0.010397864563985847,0.0030301211272628016
Item_24,0.025664897456046908,-0.016702324296988643,-0.0006781228446901188,-0.015952797772775206,-0.017841894818223823,0.01661270214894211,0.03845106278366194,0.030670563878637865,0.010359684599633339,-0.0002661941110155659,0.02997667056353963,0.007510728709364065,-0.05144631296948906,0.07737214408394677,-0.005337879967213065,-0.015210828512805124,0.01134657958712895,0.02476769218867898,-0.02128075760023077,-0.00045393293338354763,-0.0030655286371903605,0.04697757611450816,0.025314883093065423,0.03556427857059724,0.01180110227804588,0.0012851758553351822,0.002163609091074015,-2.322317650499902e-05,-0.007045266993776386,0.014122517683621313,-0.014977565070778987,0.0035945824273071517,-0.03789296261629694,0.011409663262619326,0.016326748576786145,0.011278939227755249,-0.0007643568262839465,0.007143352651721444,-0.0037451266568302457,0.006100228607156146,0.01628447681279167,-0.009333874334955196,0.00424800115093286,-0.018524048735722665,-0.016292472839354803,-0.0019772434267005035,0.00013160049542923822,0.013433262975267974,0.0015457348917881572
Item_25,0.04526994555325425,-0.006562408221421882,-0.01485458720073354,0.03854840159211185,0.06780579310941084,-0.004855032270033256,0.008949519723409283,0.03561231157242425,-0.03822491974498379,-0.009486103941866133,0.009972238158029204,-0.019849753473776703,0.0004701092270741265,-0.030475094864229283,-0.030432176036081175,-0.005600404420053283,-0.008632223142324166,0.02675024587321691,0.03439644130478103,0.017639152391385617,-0.008559048790332733,0.05743861496146986,-0.004382641865404928,0.023950164180675287,0.0020679047280955836,-0.009182175739092566,0.006704235961526147,-0.025552775949020657,0.008105301074935775,-0.008590092509213436,-0.0037471544234307244,-0.005583566835205563,0.017095419120104368,0.013587404484578151,-0.021426587214939764,0.0005521612044439884,-0.013619283123998892,0.015469039359272881,-0.012463670456275392,0.03304890081407108,-0.013568894487009705,0.002453087304522252,-0.006562851978458026,0.00864125503893421,0.010108234182663,0.004334523972531552,-0.003970379991973042,-0.0013974936616996134,0.013403318895385494
Item_26,0.0333200884143783,-0.04856061462330909,0.016668234096762064,0.0328122417291154,0.026530471387633595,-0.00044704553072686765,-0.024703116020623916,-0.019355231427368197,0.007809557488434464,-0.04905335591441083,0.026396996349016565,-0.038792619165343004,-0.016811025882531187,0.025509690699968193,-0.013749622368550088,-0.04378365654845528,-0.020733724134686677,-0.022358899624178426,-0.01868245787325819,-0.011753193365830892,0.046939753155462276,0.022691902748457806,-0.00775676840900194,-0.028912033794350558,-0.02394638811015998,-0.019417477044960687,-0.011821147699645833,0.008619374123372712,-0.022732475936136275,0.006192182155983079,0.00033313074604545285,0.022396641312589782,0.011245137316895165,-0.0016730447198001555,-0.001211496291701045,-0.01853754009869265,-0.015961272663448257,0.008242981736951024,-0.004019786195233982,-0.024344702849140084,0.018957200569775685,0.009489130253531208,-0.01062786338991656,-0.00919472824401131,0.00632270219811747,-0.005249148103250709,0.0011690906912534035,-0.018185252023845074,0.0013507850183032291
Item_27,-0.023675395534991206,0.018680875255619747,0.03064205962978049,0.05254016467188133,0.02310127681887665,-0.00675303305797736,0.018747651523798918,-0.01169378161818364,0.05504132829027922,0.05344238059614545,0.020978872841242547,-0.024423062192986008,-0.0060974618680851795,-0.012488611220298254,-0.020661529201862802,0.0035425913366900594,-0.03606030139142702,-0.004404460014668756,-0.0019760214957442452,-0.040332432439736825,-0.04551912416914896,0.01050812877919313,-0.032012530529062805,-0.007636068598893508,-0.014913638093570231,0.014029178969294499,-0.00916565894284115,-0.021154501555335298,0.015567079982621615,0.004705691381158191,0.0018929954459123448,-0.0018672659229265751,-0.006077857066888536,-0.009044869719954676,0.004423080948773153,-0.027175643831266624,-0.002004992266804968,0.008641228205080415,0.015473053596448301,0.010354786367171083,0.025300498057344235,-0.020904842144420538,0.021900928073956664,0.007050415776072508,0.003583681996557737,-0.00712273847533659,0.011760004258459718,0.0021970591970435984,-0.004658555051991898
Item_28,0.04292116735979998,-0.04000213465176109,-0.04173597071988477,0.0837561047309701,-0.0014335323026335959,0.002439315967588129,-0.016828132619367803,0.004718477361865302,0.015744121253140692,0.004659291601258503,0.0423142843516641,0.015669617285204954,-0.015513229593333157,-0.025018047172531286,0.020875837341553703,0.0015921941313578024,-0.02216084544253532,-0.020478463612807477,0.025990972292551436,-0.01984780357120903,0.03579440641379195,-0.006710755594978164,-0.007991450054488432,0.00048731230793382953,0.014612563114532531,-0.024662404716662215,0.0008058579025150065,-0.007550842398497718,0.012891327364651506,-0.012268569855795261,-0.024491050875368528,-0.006516791213327988,-0.001344706115572171,-0.01925252563508979,0.022236871102389085,0.017715062970895375,0.028812135648978252,-0.022628449709287284,0.011178735452658604,0.007136882483354613,-0.01335958444804504,-0.003682674276664603,-0.0013519076659005529,-0.015438067487599511,0.005711482127907853,0.016244362333203175,-0.003544623947775256,0.008355573135747443,-0.011146919753535038
Item_29,0.03515435156674168,-0.03643731160297385,-0.014506079401541156,-0.01482088150747219,-0.03726504572576074,-0.009558016028879164,-0.017027787752558893,0.0013685041820197812,-0.008434020638611225,0.004345903372494476,-0.0037067052266039698,-0.026872245294754862,-0.033827591622717194,-0.0539839460839034,-0.007959161367370673,-0.01576565371640588,-0.01199978744948829,-0.03661445581936005,-0.01716936238985532,0.040292352001054056,-0.016758856998191886,0.025344224458471423,0.004340853169809641,0.009375956743707416,0.004588051796313152,0.025924195658710587,-0.035423938012186566,0.05559329696705596,0.02307970039047129,-0.00019272647647021937,0.021709239567455844,-0.026281581551397037,-0.01290456283999136,-0.008503337374405694,-0.0009313431167232147,-0.01688418042730802,0.014355172696806662,-0.000174956189510589,-0.019957657341254192,0.0022248645927986635,-0.01372118224578933,-0.004293411339517921,0.01103641413139232,-0.001499954607071117,-0.01403332407834638,0.0029322559522245006,0.0084896020120572,-0.00917838985599854,-0.002966501784754906
Item_30,0.007569904280814252,0.046892419910978526,0.019193139948235478,0.022640615369883578,-0.03476145566548254,-0.04183089648595341,-0.02110086332071006,0.05268585069482412,-0.0201044969228591,-0.0031154043179790615,0.001430623142491933,-0.02597797284932877,0.006275521950514427,-0.01811184694538368,0.01659848706075304,0.06236837802709246,0.03973135606629882,-0.0045283914106095495,-0.022963941327038575,0.0054211804690121644,0.015646210338182164,0.00983050476960944,-0.027246953454098225,-0.02114533425289651,0.02104517526498452,-0.012869302214255455,-0.01859188472407644,-0.023535041455165665,0.017381178940759724,0.016528694238574518,0.014934496997362172,-0.011582027921974478,0.0039877398088854505,0.0015244721481402282,0.02347227572457076,0.01706050231322132,-0.019597184138335465,0.014664859563699685,0.020673628728901005,-0.0008070206233345468,0.011232006954673822,-0.0021284390357174214,-0.009055617293069574,-0.00728307523169206,-0.020013366968074802,0.005904035086405075,-0.0006376498511503127,-0.01403875981127453,0.0037112234204972725
Item_31,0.033177496286968554,-0.009268183096284709,-0.013169730187771862,-0.04680528210564431,-0.011535142150546504,0.006553290074384285,0.011115699608557532,-0.022668770447663814,-0.05362737937760979,0.03072694155907754,-0.02664215763189176,-0.004903026067361788,-0.04770386123671095,-0.03626398142353147,-0.024258491223857846,0.009328735100271334,-0.011784080205323818,0.04535524828547149,0.03745355844379682,-0.017866845294771394,0.021689455962343153,-0.009518110943472925,0.03184690345219932,-0.0037487843480407414,0.004228868900766939,0.009481594260522969,0.032446381254721664,-0.013071247462659471,0.006417838478773424,0.007254986459506914,-0.017791585839779748,-0.011377318912290086,0.004117936825460017,-0.006574391250513873,0.010459056983110044,-0.019216207423499197,0.005702746168258844,0.03084704816987165,0.019211146589116778,-0.025910909448888693,-0.0031729036055963907,-0.006513157612612601,-0.013255584948086657,4.739307903261742e-05,-0.0031142262433931614,-0.005865469705002245,0.010018486742235915,-0.004174390300443328,-0.009355979372190855
Item_32,-0.05155972957048069,-0.04851684675539235,0.016965787577252416,-0.0019981711566579336,-0.0447523922592245,0.013984478553701237,0.027664820459707744,-0.01687192446945209,0.001389730656518381,-0.014256997205757231,-0.008511108570716016,-0.021578908061455255,-0.005553518459011077,0.004543185489825169,-0.03272574099036554,-0.0012644805461266874,0.024586737718908184,-0.012899921909083048,0.038898636370909775,-0.0010059431218716534,0.009738207061424208,-0.03570830815410718,-0.03653882626960364,0.05541322530577422,0.013882455359847123,-0.034758218450258255,-0.0011105898813373069,0.014275817049257317,-0.011733295646996354,0.018056094416564025,0.020235717183738188,-0.007399246021421568,0.00767276256609753,-0.011312830543907183,-0.011162416771375952,-0.023415054021647022,0.0013569787930174406,0.010190362711614047,0.008031523213403571,0.025371661839852445,0.012708392603131727,0.007640905415378377,-0.010623590150747412,-0.004342057348067264,-0.007220497067580001,-0.0029443413061345782,-0.01882739107538834,0.0020257823249149333,-0.006617155698712883
Item_33,0.037752144854371616,-0.06144071061235229,0.04011052644111843,-0.004774610927482063,-7.88434527345228e-05,-0.04821695559244499,0.02598100450666144,-0.024176536611856578,0.005534738949869885,0.009027585704106066,0.014665739183692338,-0.024256541873407974,0.05476965255138303,0.004529268665698376,-0.028990131180878138,0.012715111344193451,0.01671028768905246,0.0049362098777865245,-0.028162862754552292,-0.0032343580976755357,0.006743438914692246,0.01770762033930711,0.0290632924090234,0.004946634707860428,-0.003229407040717577,0.033973142757695064,0.008570548532481301,0.01420037678902757,0.0038341862311333814,0.013045812561054387,0.01680316941179886,-0.0016048799203861213,0.02460354132666588,-0.00012916852233628607,-0.011609758036190462,0.02642403439855454,0.03405414155044709,-0.01363051005003211,0.03389348248249668,0.003166327290938996,-0.00012205059730794169,-0.004302367430160492,-0.006042859228440184,-0.0006015606213244269,0.006665126262337716,-0.01887667929147431,-0.0056229505077071956,0.0020277387837895284,0.003926346019571798
Item_34,-0.01810492353910579,0.010382867389286784,-0.03283099460992515,-0.005844793578297878,0.04391832839629508,0.07054105961642025,0.018761554378838204,0.028441772958080907,0.03036385018357752,0.0522700691273235,-0.034097464551507826,0.004757333308536505,0.024059672927706794,0.02891949157503841,-0.02364008925366207,-0.004310679892617512,0.015143334173157783,-0.025616511106645538,0.02459825363242623,0.028205869206413794,0.03434876754246196,0.0009746780473064709,-0.008696494295637975,-0.004951911674422759,-0.009383650831602065,0.0019389931115172683,0.01712211073182586,0.02274328175749277,-0.016747024727878555,0.021406379817521297,0.01081199757985144,0.019037330418603948,0.013946797801511882,0.003578346381432913,0.0051796321532969905,-0.0024649537249984365,0.007462087507347789,-0.001049462675435539,0.021503468657061136,0.0020960969295116005,-0.014608644542528764,-0.010316925173698763,0.012421201676841171,-0.007786060542748853,-0.009903072184495773,0.017690099396358627,0.01876568567440212,-0.009327472083986313,0.01083470039834138
Item_35,0.01358929582633109,0.07291013315922724,0.03219462445050911,-0.026562508880997673,-0.0140817867374739,-0.03509819815774875,0.011531278911868741,-0.03924591908731774,-0.031150888505347342,0.015301778733062902,-0.013175811374129258,0.004290816630784832,-0.0310520209903078,0.016463998157176238,-0.020395280467478506,-0.03376170055097575,-0.012800087321769647,-0.010317515411280313,0.021906091149652227,0.01565385247651423,0.05176815310027993,-0.0008812557294159461,0.004180589407767142,0.0031723323392113456,-0.008184100252562195,0.021383711306210727,-0.029481688178619642,-0.025007891957060553,-0.013144783472232212,-0.013903589520588929,0.030902782827792432,0.015943675642398968,-0.007752770451344362,-0.010032704975038479,0.007562650278216853,0.02535929145778056,-0.0016541306638425464,-0.0022655409054147765,-0.00022661651938249257,0.009329589871736153,0.003081036842696967,-0.012553223116908402,0.02202832349328047,0.016452885483444542,0.007547617837207263,0.011040565106886262,-0.0169192168909463,-0.0034484032130167753,-0.0063140960371981854
Item_36,0.01958138326443343,0.01802126597793741,0.025134405311130974,-0.0565024955210253,0.02703197880405418,-0.031723377897727285,-0.010486049720796716,0.014234634731524172,0.004676494797197107,-0.03240928203725322,0.026665135688904662,0.07424833549738068,0.02610721557710609,-0.005850162701449455,0.026034758333185616,0.009999686482606601,-0.006544980014560695,-0.024860194537029107,0.0244345039811608,-0.011332129899175602,0.0062644411345942706,0.022144688894669886,0.002604270961828244,0.02337681934059036,-0.002571943781118864,-0.007747946221075288,0.0062246553558524724,0.029057903037948928,0.013829669598198882,-0.0042973773725616836,0.0059814714983677224,-0.023330624918796887,-0.011047202946920645,0.030417802366973744,-0.018286877895911546,-0.02626445068768508,-0.010835657844105624,-0.005132303458859093,0.02714938341156792,-0.01631924756005553,0.014876711733883196,-0.013814088067715568,0.002484682893742045,0.001252775957706713,0.009351910798189745,0.01746350734936038,-0.007367396435113836,-0.00041992807237100857,-0.002140801120796226
Item_37,-0.03980942915366182,0.03287747544801298,0.0009473834437460277,0.016774706586622248,0.06816118878528464,0.0037051212325195943,0.041854442762841865,-0.029010066322879134,0.007932908470111893,-0.05144456134432053,-0.01704459421303018,-0.004495088755439195,-0.029521678265744984,-0.004713262499392446,0.013543445205820489,-0.02436874356029848,0.009323695938928392,0.029429752246661972,-0.03298776057295715,-0.022160558666912814,0.007653265034779924,-0.026561188522216866,-0.0012092491640800112,0.0067321276673337855,-0.0070664981985585655,-0.012713774356225808,0.008399485000172848,0.0315678365018965,0.03853707403037432,-0.0016870258921125644,0.001797387869466493,-0.024558610691667444,0.019649926904518066,-0.0016429650451217762,0.0369138274859836,0.0011153999557976246,0.01050221719558726,0.005023251936306748,-0.0032122616722155884,-0.006900816624276103,-0.006595123453852324,-0.00820817311118213,0.00852858363391997,0.008270701021860075,-0.005749265443849506,0.0007867357821856173,-0.013526369548892378,0.001733009935188484,0.017338748612251095
Item_38,-0.03521336656080313,-0.045918204477536126,0.017865869412282586,0.034933280540430406,-0.006176903742091123,-0.022287219826963016,-0.022562175630528144,0.06393991017616482,0.0012353629874919177,0.04085522313791215,-0.02914628586748825,0.024352038223286764,-0.04644688691887067,-0.003423119166817534,0.000625497445372378,-0.006760936467660585,0.03153017520789094,-0.003454731216084044,-0.013904991328952745,-0.010102777165240454,0.009836133615271131,-0.029168010055924922,0.03677354488904045,-0.01981508589643177,-0.008967244795843186,-0.015949034273190575,-0.024951447567530417,0.024922416508616825,-0.0038482989517807445,0.02551508333562241,0.0063581341488166175,-0.007285754294534512,-0.003161182640536881,-0.003275731021597174,-0.013890715378102441,0.007877202446058619,-0.024113818929161285,0.00798842251671288,-0.002228462371319426,0.005063898684746575,-0.005163871064841565,-0.019060334819638064,-0.006683260130229179,0.0057466421667664485,0.03043849148796154,-0.0031791891079911926,0.0025003367114930786,0.011083804221297624,0.003137604995342759
Item_39,0.03905554378093626,0.0011538897426127508,-0.013222753607968213,0.04613503356778788,-0.06352336334221952,-0.027651917631625382,0.0021302940745440793,-0.04040434752440521,0.029658796336186927,0.0409930483061446,-0.024700637114659724,0.0013069265929006278,0.054761464992585725,0.007378323422139943,-0.008476891761987036,0.0035607583339042235,0.011083035217093766,0.030886985037177885,-0.012032539521657563,-0.016334821643017382,0.025546341112956377,-0.0015903861748613806,0.028846213111863726,0.016788351009992708,-0.012950720674780737,-0.01657547988071063,0.01826177957730606,-0.00620476265833915,0.02054548671240563,-0.0035418791057498893,0.0006893269672217777,0.0008310248841757406,-0.016634181420501933,-0.01795047033955425,-0.01876226739121277,-0.01905781305021725,-0.015071637499242098,-0.0169264460619482,-0.025853923340647827,-0.008761223401488407,0.0072587311979727814,-0.002337222471040583,-0.006503102644270016,0.011948846213947836,-0.01229874628696709,0.01834964188689146,0.0008446433468381599,-0.0005552747431807294,0.011876806777102518
Item_40,-0.00876161993167312,0.027924397925027038,-0.06585305935177004,-0.0071031836855073496,0.01751446438091563,-0.021498273281839512,-0.016231916737257126,0.004207972288541358,0.01634570205356567,-0.028474046132220248,0.05584810726840714,0.026909387410125996,0.027484965149863212,0.003159163803046299,-0.037807070188618015,0.020348157581062284,0.023257948209338426,-0.010463078704954248,0.017265474131383806,0.013070161946441833,0.022051030811088904,-0.035320480198803544,0.05063665414770647,-0.015162451510685761,-0.007828983142188065,0.01943950159621459,0.01061509783427441,0.002662025833819793,0.014346332187830154,-0.0068565574436994185,0.004081489256493191,-0.006378975415055377,-0.013631441144130384,-0.0074623384665176585,0.022681748808482085,-0.015627639042713897,-0.010761206574626894,0.008443515372026096,-0.008492532550876982,0.030111301023496916,0.011925713000269145,0.017686449376495775,0.013459238834256555,-0.008306074215036185,0.005399837094621713,-0.01762240771871081,0.006172291196977569,-0.006476000325959136,-0.0009972837615754352
Item_41,-0.007114777493148517,-0.04036507367105081,0.0029118702504562833,-0.06293435022333427,-0.0013062531501565936,-0.02901083556207157,0.07284486041989195,0.02887226168728794,-0.0036645138106652666,0.008187274695357532,0.018419260223840366,-0.01601263918105948,0.025115555772619553,-0.023612162938022818,-0.05208430071847309,-0.02051131830431911,0.017790514305772786,0.0071149349570442345,-0.016175427051912713,0.004539855672902318,-0.016586801655437702,-0.01725587767893151,-0.02105256642296666,-0.02622497344108814,-0.0025109835922528644,-0.015781617273339762,-0.0038449745747839424,-0.025695974582480748,0.020625286267664432,0.0025596282316411754,-0.00603903065858296,0.00957826242717449,-0.0011511342630484461,0.010784755262006807,0.00295512635358608,-0.0034122057163041408,-0.019813494183929744,-0.013581325313606202,-0.009845921611619221,-0.02183583413447523,-0.0207159631974092,0.009187180408279028,0.020292848965101563,-0.021653073985565378,0.006900635438484188,0.01146321455995851,-0.007243309815383248,0.005886815400234338,-0.006831539399146499
Item_42,0.029800752905148456,0.048887830020901996,0.0060901754254060825,0.05330668768069909,0.018062356384211286,-0.01303018307897804,-0.035886455704726684,0.0026014086790537676,-0.04856874285138111,-0.0038077431170437243,-0.026693962867878156,-0.011842969920748382,0.018260227506019553,-0.010339475073163112,0.029079832644664703,-0.028099175851332144,0.06510901987743872,0.02677537013074047,0.005414007879338457,0.011136352444187005,-0.01862734198488547,-0.007256632709618307,-0.004381279748536815,0.0150526569288865,-0.005174551446802142,0.004493929623725721,-0.006150356477468246,0.017588168380871582,-0.025361391554731483,-0.016985767731027435,-0.02584135852127387,0.00819221872618171,0.003649577108507712,-0.018286112280398423,-0.023919182113743692,-0.010653578076214747,0.005528545896535072,0.0028771801067232297,0.011276307432691634,-0.010621208433774385,0.007921906427484762,0.0040302331144986105,0.03247014773741249,-0.021642658247580715,-0.0023646966335136702,-0.0073231289463090285,-0.0013496505950379384,0.006158692004220025,-0.0031782921064453574
Item_43,-0.0006759263670137574,0.004931224337090341,0.09115787528364348,-0.015902165267197437,0.004829424900160631,-0.008492928505359138,0.025439719061875903,0.013161055747513159,-0.021668259282348477,-0.011341756647480801,-0.03529335113630082,0.02860633948448725,-0.00922770680352882,0.014600723960698465,-0.00289283760371633,0.009472854026268894,0.03514710859960765,-0.04870843865001791,-0.007254326773701792,-0.019298446757451064,0.021674954986370763,0.017892682195506594,-0.0194417078340248,-0.008082822456244773,0.02418662564932866,-0.008724544189127197,0.029508027550961775,-0.011194335616723946,0.008323080743673555,0.010694731993545592,-0.04189763801993227,-0.007497700217712668,-0.012270031251323173,-0.008807543936625074,-0.0018590565127553622,-0.008421003256062733,0.024447460601484672,-0.013535775835694173,-0.02276329948848428,0.011529705278510279,-0.0037545215151196585,0.009608638509943227,0.008072029380763627,0.015917600316007443,0.006750309244052914,-0.01058769665490707,0.013438685474884086,-0.011869904030877253,-0.001750228828856098
Item_44,-0.04485023260989227,0.007689342595188311,-0.013679862409813708,-0.012450786040789271,0.011298985717055902,-0.032030295720158475,0.013590180877877842,-0.05018019214127668,0.022785723014257183,-0.026301344060138163,-0.003350795260556834,-0.013461068280853748,-0.02227844885011573,0.015842916470766088,0.05811739963889171,0.03134738393768815,-0.02836091756783715,0.009796359084385116,0.0016204990317498502,0.023235809385634573,0.017518542033383742,0.013606326335443134,0.022906937260450635,-0.005700861063046781,0.023681800931275667,0.0036799332168402027,-0.030970032327226817,-0.017517713846123606,0.01062727382009054,0.04889939188722764,-0.016054844771253594,0.019323591309057368,0.010920673555956483,-0.00786592162531388,-0.024924033083369542,-0.023619296171399847,-0.012696241662408752,-0.009165000992645073,0.014075063672976283,0.008649061070932681,-0.02551667689931182,0.011539296732499474,0.009578503404764615,-0.001076688911655047,-0.004139607926840466,-0.002505454594068729,0.0030896686068513177,0.007799014841011357,9.541973643400524e-05
Item_45,0.055117833861015285,0.005738518804372823,-0.01960820146116642,-0.026359944825789038,-0.06604456712020104,0.0321333178619233,-0.012837530902387624,0.011987913593025047,0.009642178485463847,-0.0007391499284059657,0.0360572453990385,-0.01862547543180057,-0.019759420670153023,0.021500476041280612,0.02285460396508551,0.003974403125790594,0.0042188595393030815,-0.0068208929228958486,0.011659622598391007,0.034017067492886265,-0.02290005175843712,-0.011742059670370493,0.014574293072709747,-0.003320764865421697,-0.010211902034416546,-0.042231182462279214,0.010999467927231825,-0.02914834712791979,-0.01338128072061684,0.015834743258504824,0.006850481376814611,-0.03020657329134284,0.047969931673613846,0.01194562243094123,0.0050584729804448334,-0.005343186483706511,0.014188889136581997,-0.011523684388008985,-0.007008219203719341,-0.010315758985526549,0.012002108126508771,-0.005934708071537101,0.0238781267832695,0.01616317975426003,0.008984388636517368,-0.006146055911721151,0.0018418127249627079,0.0010438577338941926,0.006462718215047735
Item_46,0.02125844400988946,0.0592078643208166,0.040514644541046585,0.02598038564019831,-0.03458446297765293,0.037132900324974,0.0017520354106685856,0.013433559981798555,-0.037184673189226615,0.009392184890544667,0.029540831695512915,0.03320542230629966,-0.011243770006858772,-0.032895028907948244,-0.025656073505785065,0.033912696011224236,-0.0375681479183789,-0.03741205637402818,-0.04136800896244639,0.005311376130523338,0.003574574277025866,-0.0005259417194755092,-0.0004016949950670324,0.0005169792482239592,-0.021186073611560295,-0.009201083898432319,0.022852053040452236,0.012213587896903135,-0.014418002475623751,0.00019267191635197273,0.012396404401454196,0.03328309318024326,-0.004840643359670804,-0.003976612211797436,0.002707237122032815,-0.017476952968092572,0.0033920508340737443,0.01055474707834969,0.006965174988953738,-0.0054987518542560935,-0.016259829393319044,0.01724938165635708,-0.0012938908411072834,0.0017362111186768044,-0.0036199746547018845,-0.007580154573934898,-0.009990804286999172,0.022571743134251955,0.01050022261202876
Item_47,0.03250511415112056,0.0288011715546482,-0.0206395895822693,-0.01581890623178682,-0.02883139909435404,0.06468374715632487,0.016383818267387974,0.03234283723724382,0.04302421250589849,-0.036540113670701896,-0.012620334036679955,-0.011047764730545903,-0.018398928072834695,0.004673228608953233,-0.027773610961117388,-0.016376656259386745,0.024937008281326167,-0.019970705585248518,-0.004154873257272803,-0.011794801323721368,-0.014832757560794616,-0.009362718998702871,0.008088182738824213,0.015230918964739364,0.019264933473629592,0.03490241109486941,-0.03766813501398923,-0.00576470361944082,0.017272755156451634,-0.03753071514726911,-0.027078238230114793,0.00763387235915772,0.014047165655889796,-0.01522762194877919,-0.007427797013886999,0.0006756811280472689,-0.01853194869291091,-0.013586556643429887,0.02622475369919928,-0.007140680685755927,0.0022504728510110905,0.013987675289081538,-0.01726984089764878,0.020356064882593804,0.0036570286282980925,0.002580922966998461,0.003681530882202073,0.002725864837614687,0.0017463314123005213
Item_48,0.045528551264669676,0.023992266634447822,-0.037321420498347566,0.002100704206804822,0.018638758149515343,0.02215301461322223,0.0038730189261697513,-0.056171450921173885,-0.01832033891216678,0.06512681446363927,-0.04165933002169786,0.024694042545250497,-0.025430708197993656,0.018311330386794535,-9.315378327451282e-05,0.006359694435005768,0.005476768138575919,-0.0222045893596589,-0.009706981525141845,-0.033728087507504376,-0.029122137223340876,-0.0005191505787891587,0.003312741721167408,-0.03336530275687317,0.0035525935514551395,0.008019923138029118,-0.01924938118371404,0.0013108398047349259,-0.008372309547063172,0.008091213887095394,0.000274795803798999,-0.023839348228897064,0.00909892977649076,0.03533590168351686,-0.0017829056804736856,-0.006205043345094683,-0.0006823161399391662,-0.01569126869992376,-0.002986603952873979,0.016155563587038135,0.00746816100854639,0.02254499844859824,-0.011549110539379735,-0.018978687099532706,0.0001497041466693468,0.0008156577054451396,-0.018260028032200618,-0.006523734663234254,0.0018136440453738005
Item_49,-0.03170051184882919,0.029607101696087882,0.042550863199991164,0.03241153378253985,-0.042066365969791616,0.0038689515822008425,0.04646069601873322,-0.004803892038027449,0.026007089806282923,-0.002632788921288981,0.04171606487166938,-0.02076163920061354,0.022196161088576624,0.0021830509317466796,0.0062907495608018555,0.02819975856123814,-0.0014135386237891536,-0.0002310532239267161,0.040112620914736455,0.007643168998195893,-0.002474009011422476,-0.008399795687698277,0.010060076782206582,-0.030141213173561804,0.013490338698095846,0.03512703158353691,-0.009061720047414559,0.03357562597405568,-0.027832423948636803,-0.009760313009987661,-0.04126235159247434,0.0017256405999803398,0.01596221512887761,0.022456121606498416,-0.0033354889235710007,0.0022762675677499905,0.005505464941102381,0.02254196357416663,-0.02695455615057866,-0.005768077191392803,-0.00526957179800875,-0.019576131942107902,-0.00851384735329246,-0.0025602128933248525,-0.000131691931194867,0.007389848721510029,-0.011936381885255191,-0.0030384269245972203,0.00023964395143475042
Item_50,-0.0686061504389346,-0.0043482114807683785,-0.016621111441812088,-0.005324360078483792,0.008121187554192243,-0.0022079819283136056,0.03012729568870061,0.00033113421578154375,0.022236506436590767,-0.01041456811734457,-0.04197425518963113,0.0051487738608418186,0.001093058511141313,-0.04685644908857163,0.025447118138328895,-0.0025110314960793564,0.0014201539734433667,-0.0362720918470746,-0.02363298368822889,0.03516459881031896,0.020750316510014865,0.016068023722429676,0.01129089562129485,0.018362293880443067,-0.02004366153121297,0.020476614145249122,0.009095373372195563,-0.05313050752547764,-0.03155816548235648,-0.029578226838864314,0.004095995535813515,-0.02644276404153004,0.0035718023128894793,-0.003960433952423707,0.0049040156101922815,-0.011420386097522129,0.0027327076304561526,-0.008427626410467343,-0.007842049167566534,-0.004869330009669366,0.012226783870917232,-0.01626300370420339,-0.01720435215708698,-0.021821266207260347,0.0030872227536180934,-0.006942870104011608,0.0009465318914409252,0.007055658759717023,0.00412424629068379
