,,Item_1,Item_2,Item_3,Item_4,Item_5,Item_6,Item_7,Item_8
Rater_1,Person_1,2,2,3,1,4,0,0,3
Rater_1,Person_2,3,5,3,4,3,3,1,3
Rater_1,Person_3,1,1,1,0,3,0,1,1
Rater_1,Person_4,3,3,2,2,4,0,0,3
Rater_1,Person_5,1,0,3,2,4,0,0,1
Rater_1,Person_6,2,3,1,1,4,1,1,3
Rater_1,Person_7,5,3,4,3,4,2,1,3
Rater_1,Person_8,1,1,0,0,0,0,0,0
Rater_1,Person_9,4,3,3,4,4,1,3,3
Rater_1,Person_10,3,4,2,2,5,0,1,3
Rater_1,Person_11,1,3,0,1,3,1,0,4
Rater_1,Person_12,2,2,0,1,1,0,1,3
Rater_1,Person_13,4,3,2,3,3,3,1,2
Rater_1,Person_14,2,2,1,3,4,1,1,2
Rater_1,Person_15,3,3,4,2,5,2,1,1
Rater_1,Person_16,3,5,3,3,3,0,2,4
Rater_1,Person_17,5,3,5,3,5,3,4,3
Rater_1,Person_18,3,3,2,1,2,2,1,3
Rater_1,Person_19,2,3,2,1,3,0,0,1
Rater_1,Person_20,3,4,4,2,4,3,2,3
Rater_1,Person_21,4,3,3,2,4,1,2,2
Rater_1,Person_22,4,5,4,4,5,2,2,3
Rater_1,Person_23,4,4,3,3,4,2,4,5
Rater_1,Person_24,2,5,4,3,5,2,1,5
Rater_1,Person_25,4,4,5,5,5,4,4,3
Rater_1,Person_26,0,1,2,0,2,0,0,3
Rater_1,Person_27,3,2,3,2,2,0,0,1
Rater_1,Person_28,0,3,2,1,4,0,0,2
Rater_1,Person_29,3,3,1,3,4,1,1,2
Rater_1,Person_30,1,3,1,0,2,0,0,0
Rater_1,Person_31,5,4,3,3,4,2,2,3
Rater_1,Person_32,3,2,2,0,4,1,1,4
Rater_1,Person_33,1,0,0,1,2,0,1,0
Rater_1,Person_34,2,2,1,3,3,0,0,0
Rater_1,Person_35,3,4,2,1,4,0,1,2
Rater_1,Person_36,5,4,4,3,4,0,1,4
Rater_1,Person_37,4,5,5,5,5,3,4,3
Rater_1,Person_38,5,4,5,4,5,4,4,4
Rater_1,Person_39,3,5,3,4,5,1,2,3
Rater_1,Person_40,0,1,0,2,3,0,0,4
Rater_1,Person_41,0,0,2,0,0,0,0,0
Rater_1,Person_42,3,3,3,2,4,2,1,4
Rater_1,Person_43,3,3,1,0,0,0,1,3
Rater_1,Person_44,2,0,2,1,4,0,1,3
Rater_1,Person_45,2,4,3,3,3,0,1,2
Rater_1,Person_46,1,2,2,2,3,1,2,1
Rater_1,Person_47,4,4,4,3,5,3,3,5
Rater_1,Person_48,2,4,3,1,3,1,2,1
Rater_1,Person_49,2,2,1,1,4,1,3,2
Rater_1,Person_50,0,2,1,2,1,1,2,2
Rater_1,Person_51,2,1,0,0,3,0,0,2
Rater_1,Person_52,2,3,3,1,3,3,2,1
Rater_1,Person_53,5,3,3,2,4,0,0,3
Rater_1,Person_54,5,5,5,4,5,4,3,5
Rater_1,Person_55,3,3,4,3,5,0,4,4
Rater_1,Person_56,5,5,4,4,5,2,2,5
Rater_1,Person_57,1,2,3,0,2,1,0,2
Rater_1,Person_58,1,0,1,0,3,0,0,2
Rater_1,Person_59,2,2,3,2,3,2,1,1
Rater_1,Person_60,1,2,2,0,3,1,2,1
Rater_1,Person_61,5,5,3,5,5,2,4,5
Rater_1,Person_62,1,1,2,0,3,1,0,2
Rater_1,Person_63,3,3,5,3,5,1,3,3
Rater_1,Person_64,2,2,1,0,3,0,0,2
Rater_1,Person_65,4,5,3,3,5,3,2,4
Rater_1,Person_66,3,4,2,3,5,0,1,4
Rater_1,Person_67,3,2,1,2,4,0,1,2
Rater_1,Person_68,3,4,1,1,3,2,2,2
Rater_1,Person_69,4,0,2,0,2,0,1,2
Rater_1,Person_70,3,4,3,1,4,2,2,3
Rater_1,Person_71,3,3,2,2,2,1,2,2
Rater_1,Person_72,0,2,2,1,2,0,1,3
Rater_1,Person_73,1,0,0,0,3,0,0,0
Rater_1,Person_74,2,2,1,0,3,3,3,3
Rater_1,Person_75,4,5,4,4,5,4,4,5
Rater_1,Person_76,2,3,2,3,4,1,1,2
Rater_1,Person_77,3,2,3,0,5,1,0,3
Rater_1,Person_78,3,4,4,2,3,0,2,3
Rater_1,Person_79,5,5,5,2,4,2,3,4
Rater_1,Person_80,3,3,3,3,5,0,2,2
Rater_1,Person_81,3,3,3,2,5,2,0,3
Rater_1,Person_82,4,4,4,3,5,0,2,3
Rater_1,Person_83,3,4,2,3,5,2,1,3
Rater_1,Person_84,4,4,5,3,5,3,5,2
Rater_1,Person_85,4,5,3,3,5,1,2,2
Rater_1,Person_86,2,1,1,0,2,0,0,1
Rater_1,Person_87,2,1,0,2,2,0,0,0
Rater_1,Person_88,5,5,5,3,5,3,4,4
Rater_1,Person_89,4,5,3,4,5,4,4,5
Rater_1,Person_90,4,4,2,1,3,3,2,3
Rater_1,Person_91,2,2,3,1,4,1,2,3
Rater_1,Person_92,4,4,5,4,5,1,3,5
Rater_1,Person_93,1,2,0,1,2,1,0,0
Rater_1,Person_94,1,2,0,0,3,0,0,1
Rater_1,Person_95,4,4,2,1,4,0,2,3
Rater_1,Person_96,2,3,2,2,3,1,2,2
Rater_1,Person_97,3,4,2,1,5,3,2,2
Rater_1,Person_98,2,4,2,3,4,0,2,3
Rater_1,Person_99,3,3,2,0,5,3,1,4
Rater_1,Person_100,3,4,5,3,5,3,3,4
Rater_1,Person_101,3,3,1,0,4,2,1,1
Rater_1,Person_102,4,4,4,4,4,2,2,3
Rater_1,Person_103,0,1,0,0,0,0,0,1
Rater_1,Person_104,2,4,3,2,5,2,4,3
Rater_1,Person_105,1,4,1,0,4,1,0,1
Rater_1,Person_106,1,1,2,0,2,0,0,1
Rater_1,Person_107,1,2,2,1,3,0,1,3
Rater_1,Person_108,3,4,1,2,1,2,1,3
Rater_1,Person_109,4,3,2,2,5,3,2,4
Rater_1,Person_110,0,1,1,0,2,1,1,1
Rater_1,Person_111,3,4,3,1,3,1,2,3
Rater_1,Person_112,2,3,2,1,5,3,2,1
Rater_1,Person_113,2,4,1,1,3,0,3,3
Rater_1,Person_114,4,5,3,4,5,3,3,5
Rater_1,Person_115,4,3,4,3,5,2,3,3
Rater_1,Person_116,5,4,3,5,5,4,3,5
Rater_1,Person_117,2,2,2,2,1,2,2,3
Rater_1,Person_118,0,2,1,2,1,0,1,0
Rater_1,Person_119,3,3,2,3,4,1,2,2
Rater_1,Person_120,3,4,3,2,4,0,0,3
Rater_1,Person_121,3,3,3,2,4,1,2,3
Rater_1,Person_122,2,3,2,0,3,0,0,1
Rater_1,Person_123,3,3,2,2,4,3,0,3
Rater_1,Person_124,2,3,5,4,4,1,4,3
Rater_1,Person_125,4,5,5,5,5,4,4,5
Rater_1,Person_126,5,5,5,3,5,3,2,3
Rater_1,Person_127,1,3,1,0,3,1,0,2
Rater_1,Person_128,2,1,2,2,4,1,2,2
Rater_1,Person_129,0,2,1,0,4,0,0,0
Rater_1,Person_130,3,2,2,1,5,0,1,3
Rater_1,Person_131,4,4,3,3,3,2,1,1
Rater_1,Person_132,5,4,3,3,5,3,5,4
Rater_1,Person_133,0,1,3,0,3,0,2,0
Rater_1,Person_134,1,3,3,0,4,0,0,2
Rater_1,Person_135,0,0,1,0,2,0,0,0
Rater_1,Person_136,4,2,2,1,2,0,0,4
Rater_1,Person_137,1,2,1,0,1,0,0,1
Rater_1,Person_138,2,3,2,2,4,0,1,1
Rater_1,Person_139,1,4,2,1,1,1,0,0
Rater_1,Person_140,1,4,4,3,5,2,1,1
Rater_1,Person_141,0,0,1,0,1,0,0,1
Rater_1,Person_142,2,2,1,0,2,0,0,2
Rater_1,Person_143,5,5,5,4,5,3,5,4
Rater_1,Person_144,2,3,1,0,2,0,0,1
Rater_1,Person_145,1,2,3,0,3,0,2,0
Rater_1,Person_146,5,4,5,5,5,3,3,5
Rater_1,Person_147,5,5,5,5,5,4,3,5
Rater_1,Person_148,1,1,1,0,3,0,0,2
Rater_1,Person_149,3,2,2,0,4,2,0,3
Rater_1,Person_150,4,4,3,1,4,1,3,3
Rater_1,Person_151,5,5,5,4,5,3,3,5
Rater_1,Person_152,2,1,1,0,3,0,1,2
Rater_1,Person_153,3,3,3,2,3,1,2,3
Rater_1,Person_154,4,4,4,3,4,1,3,3
Rater_1,Person_155,2,1,3,1,3,1,2,4
Rater_1,Person_156,4,3,2,2,3,0,0,3
Rater_1,Person_157,3,2,2,0,3,0,2,3
Rater_1,Person_158,2,1,0,0,2,0,1,2
Rater_1,Person_159,4,1,3,1,3,1,2,2
Rater_1,Person_160,3,2,3,1,3,1,2,1
Rater_1,Person_161,4,4,3,3,3,1,2,2
Rater_1,Person_162,3,5,2,0,5,1,1,1
Rater_1,Person_163,5,4,3,3,5,2,2,3
Rater_1,Person_164,3,4,3,1,5,3,2,4
Rater_1,Person_165,3,3,4,2,5,2,2,3
Rater_1,Person_166,3,2,2,3,5,2,3,2
Rater_1,Person_167,3,4,2,2,5,2,1,2
Rater_1,Person_168,3,2,2,1,4,3,0,3
Rater_1,Person_169,2,2,3,0,2,0,1,1
Rater_1,Person_170,3,3,2,2,5,3,3,3
Rater_1,Person_171,3,3,3,1,3,1,1,2
Rater_1,Person_172,5,5,4,3,5,3,2,5
Rater_1,Person_173,4,5,3,5,5,2,4,4
Rater_1,Person_174,4,2,2,3,4,2,2,3
Rater_1,Person_175,1,4,2,0,3,0,2,2
Rater_1,Person_176,0,3,1,0,4,0,1,0
Rater_1,Person_177,4,3,5,3,4,3,4,5
Rater_1,Person_178,2,3,3,2,4,1,2,3
Rater_1,Person_179,4,3,3,3,4,3,0,2
Rater_1,Person_180,0,1,1,0,3,0,1,0
Rater_1,Person_181,5,5,3,3,4,2,2,4
Rater_1,Person_182,3,3,3,3,4,3,1,4
Rater_1,Person_183,2,2,0,1,2,0,1,1
Rater_1,Person_184,3,3,2,0,4,0,1,2
Rater_1,Person_185,3,3,3,3,4,1,1,4
Rater_1,Person_186,3,3,4,3,4,0,2,2
Rater_1,Person_187,2,2,2,1,3,0,1,2
Rater_1,Person_188,3,3,4,2,4,0,1,3
Rater_1,Person_189,1,3,3,2,5,4,1,2
Rater_1,Person_190,3,5,3,3,3,2,1,3
Rater_1,Person_191,4,5,4,4,4,3,3,4
Rater_1,Person_192,0,1,0,0,1,0,0,0
Rater_1,Person_193,3,3,1,0,4,1,0,3
Rater_1,Person_194,3,2,1,1,3,2,2,3
Rater_1,Person_195,3,3,3,3,4,2,2,4
Rater_1,Person_196,3,2,2,2,3,0,3,3
Rater_1,Person_197,1,0,1,1,3,0,1,0
Rater_1,Person_198,4,3,3,2,5,1,1,5
Rater_1,Person_199,5,4,4,5,5,3,3,4
Rater_1,Person_200,0,1,1,0,2,0,1,1
Rater_2,Person_1,3,4,3,1,3,0,1,3
Rater_2,Person_2,5,4,4,3,5,3,3,4
Rater_2,Person_3,3,1,1,1,1,2,0,1
Rater_2,Person_4,5,2,2,0,1,1,3,2
Rater_2,Person_5,2,2,2,0,3,0,2,2
Rater_2,Person_6,2,3,3,2,1,0,2,4
Rater_2,Person_7,5,4,3,2,5,2,3,3
Rater_2,Person_8,2,1,0,0,0,0,1,3
Rater_2,Person_9,3,4,5,2,3,3,3,3
Rater_2,Person_10,4,3,3,0,3,3,1,3
Rater_2,Person_11,4,3,2,2,3,2,1,3
Rater_2,Person_12,2,2,3,0,2,0,1,3
Rater_2,Person_13,4,3,3,1,3,2,2,5
Rater_2,Person_14,3,3,3,2,2,0,3,3
Rater_2,Person_15,3,4,3,2,2,0,4,3
Rater_2,Person_16,3,4,3,0,5,2,1,4
Rater_2,Person_17,5,3,5,4,5,2,4,5
Rater_2,Person_18,4,3,2,1,1,2,2,2
Rater_2,Person_19,3,3,1,0,2,0,2,3
Rater_2,Person_20,5,3,4,1,4,1,3,4
Rater_2,Person_21,4,3,3,2,3,2,3,3
Rater_2,Person_22,5,5,4,4,5,3,4,4
Rater_2,Person_23,3,4,3,2,2,3,4,4
Rater_2,Person_24,4,4,3,4,2,3,4,5
Rater_2,Person_25,5,5,5,4,5,3,4,5
Rater_2,Person_26,3,3,3,1,1,0,0,2
Rater_2,Person_27,3,3,2,0,2,0,1,2
Rater_2,Person_28,2,3,1,2,0,0,2,2
Rater_2,Person_29,4,2,2,1,2,2,2,3
Rater_2,Person_30,3,2,2,0,2,0,1,1
Rater_2,Person_31,4,4,4,3,4,2,3,4
Rater_2,Person_32,3,3,2,2,1,0,0,2
Rater_2,Person_33,3,1,2,0,1,0,0,3
Rater_2,Person_34,2,2,3,0,1,2,1,3
Rater_2,Person_35,3,4,2,1,4,2,2,3
Rater_2,Person_36,4,5,5,0,4,2,3,3
Rater_2,Person_37,5,5,4,3,5,4,4,5
Rater_2,Person_38,5,5,5,4,5,5,5,5
Rater_2,Person_39,3,4,2,2,3,3,3,4
Rater_2,Person_40,2,3,3,1,3,0,2,3
Rater_2,Person_41,1,1,1,0,0,0,0,0
Rater_2,Person_42,4,2,3,3,3,2,0,4
Rater_2,Person_43,4,2,3,0,2,0,0,2
Rater_2,Person_44,3,2,2,0,4,1,2,2
Rater_2,Person_45,3,3,3,1,2,2,2,2
Rater_2,Person_46,3,3,3,0,3,1,2,3
Rater_2,Person_47,5,4,5,5,4,2,3,4
Rater_2,Person_48,4,3,4,2,3,2,1,1
Rater_2,Person_49,4,3,4,2,3,2,1,3
Rater_2,Person_50,1,3,3,0,3,1,0,3
Rater_2,Person_51,2,1,1,0,1,0,1,2
Rater_2,Person_52,3,2,3,1,4,2,3,2
Rater_2,Person_53,4,3,4,0,2,3,3,4
Rater_2,Person_54,4,5,5,4,4,3,4,3
Rater_2,Person_55,4,3,5,2,2,1,2,4
Rater_2,Person_56,5,4,4,3,4,3,3,5
Rater_2,Person_57,4,2,3,2,2,0,2,3
Rater_2,Person_58,4,3,1,0,3,0,2,2
Rater_2,Person_59,2,2,4,0,0,1,2,3
Rater_2,Person_60,3,2,2,0,1,0,2,3
Rater_2,Person_61,5,5,4,3,4,4,4,5
Rater_2,Person_62,4,3,2,2,1,2,2,2
Rater_2,Person_63,5,3,3,4,3,2,2,3
Rater_2,Person_64,2,2,3,0,0,0,0,3
Rater_2,Person_65,4,2,5,3,4,3,3,5
Rater_2,Person_66,4,3,3,2,3,2,2,3
Rater_2,Person_67,3,3,4,2,3,0,2,4
Rater_2,Person_68,3,3,3,1,3,1,2,3
Rater_2,Person_69,2,2,3,1,4,2,2,3
Rater_2,Person_70,3,3,4,3,4,1,3,3
Rater_2,Person_71,2,3,3,0,3,2,0,2
Rater_2,Person_72,2,2,3,0,2,2,0,0
Rater_2,Person_73,1,2,3,0,0,0,0,2
Rater_2,Person_74,4,4,4,3,3,3,3,3
Rater_2,Person_75,5,5,5,3,4,2,4,4
Rater_2,Person_76,3,3,3,2,3,1,4,2
Rater_2,Person_77,3,2,3,3,3,1,2,3
Rater_2,Person_78,4,3,4,0,4,2,3,3
Rater_2,Person_79,5,4,3,3,4,5,4,5
Rater_2,Person_80,5,3,3,1,3,2,3,5
Rater_2,Person_81,4,2,0,3,3,0,1,3
Rater_2,Person_82,4,4,3,4,3,4,3,5
Rater_2,Person_83,5,5,4,3,4,2,3,3
Rater_2,Person_84,4,4,5,4,3,4,4,3
Rater_2,Person_85,2,3,3,2,3,3,3,3
Rater_2,Person_86,3,1,2,0,1,0,0,3
Rater_2,Person_87,2,2,1,0,0,0,0,3
Rater_2,Person_88,4,5,5,3,5,4,4,5
Rater_2,Person_89,5,4,5,3,5,3,4,4
Rater_2,Person_90,4,3,3,1,2,2,1,3
Rater_2,Person_91,3,2,2,0,3,0,1,3
Rater_2,Person_92,4,5,4,4,5,2,4,5
Rater_2,Person_93,3,2,1,0,3,0,1,2
Rater_2,Person_94,3,2,2,0,2,0,0,2
Rater_2,Person_95,4,3,3,3,3,3,2,4
Rater_2,Person_96,3,3,3,0,3,0,0,2
Rater_2,Person_97,4,2,5,2,2,1,2,3
Rater_2,Person_98,3,3,3,0,3,2,2,2
Rater_2,Person_99,4,4,4,1,4,2,0,5
Rater_2,Person_100,5,4,4,3,5,4,3,4
Rater_2,Person_101,4,3,2,4,3,2,3,4
Rater_2,Person_102,4,4,4,2,3,3,2,5
Rater_2,Person_103,0,1,0,0,1,0,1,2
Rater_2,Person_104,3,2,4,0,2,0,2,3
Rater_2,Person_105,3,2,1,2,3,2,0,3
Rater_2,Person_106,2,1,0,1,1,0,2,1
Rater_2,Person_107,3,2,2,1,3,2,2,2
Rater_2,Person_108,3,3,3,1,3,0,2,2
Rater_2,Person_109,5,3,2,2,4,2,3,4
Rater_2,Person_110,2,0,2,1,1,1,1,2
Rater_2,Person_111,3,4,4,3,2,1,3,5
Rater_2,Person_112,3,3,3,1,1,1,1,4
Rater_2,Person_113,2,1,2,1,3,0,1,3
Rater_2,Person_114,5,4,3,2,4,2,3,5
Rater_2,Person_115,5,3,4,2,4,3,3,4
Rater_2,Person_116,5,4,5,3,5,2,4,4
Rater_2,Person_117,2,3,3,1,3,2,2,3
Rater_2,Person_118,4,3,3,1,2,0,3,2
Rater_2,Person_119,3,4,3,2,3,2,2,3
Rater_2,Person_120,5,4,4,2,4,2,3,5
Rater_2,Person_121,2,4,4,3,2,2,2,2
Rater_2,Person_122,3,0,3,0,2,0,0,3
Rater_2,Person_123,1,3,3,0,4,0,2,3
Rater_2,Person_124,4,3,3,2,4,3,1,5
Rater_2,Person_125,5,3,5,5,5,5,4,5
Rater_2,Person_126,5,5,5,3,5,3,3,5
Rater_2,Person_127,3,3,3,1,4,0,2,2
Rater_2,Person_128,4,3,3,2,2,0,1,4
Rater_2,Person_129,1,2,0,0,2,1,2,2
Rater_2,Person_130,2,2,1,2,2,1,1,3
Rater_2,Person_131,4,3,4,2,3,3,1,3
Rater_2,Person_132,4,4,4,3,3,3,4,5
Rater_2,Person_133,3,3,3,2,2,2,1,2
Rater_2,Person_134,2,3,2,0,3,0,2,1
Rater_2,Person_135,2,0,0,0,0,0,0,0
Rater_2,Person_136,4,4,3,2,2,1,1,3
Rater_2,Person_137,2,0,3,1,3,0,0,2
Rater_2,Person_138,3,3,3,1,2,1,2,2
Rater_2,Person_139,4,3,3,0,2,0,3,3
Rater_2,Person_140,3,3,2,1,3,1,0,3
Rater_2,Person_141,1,0,2,0,2,0,0,1
Rater_2,Person_142,2,1,2,0,2,0,0,2
Rater_2,Person_143,4,5,5,4,5,3,4,5
Rater_2,Person_144,0,1,1,0,0,0,0,2
Rater_2,Person_145,3,3,3,0,1,0,1,3
Rater_2,Person_146,5,5,4,3,4,3,3,5
Rater_2,Person_147,5,5,5,5,5,3,5,4
Rater_2,Person_148,2,2,2,0,2,1,0,3
Rater_2,Person_149,3,2,3,1,3,2,1,3
Rater_2,Person_150,4,4,4,2,3,3,3,3
Rater_2,Person_151,5,4,4,3,4,4,5,4
Rater_2,Person_152,2,1,3,0,2,1,2,0
Rater_2,Person_153,4,2,3,1,2,0,3,5
Rater_2,Person_154,4,4,5,3,4,4,4,3
Rater_2,Person_155,4,2,2,3,3,2,2,5
Rater_2,Person_156,4,4,3,0,2,0,0,3
Rater_2,Person_157,5,2,3,4,3,0,3,3
Rater_2,Person_158,3,3,3,0,0,1,1,3
Rater_2,Person_159,5,3,3,1,3,1,3,4
Rater_2,Person_160,2,2,2,0,3,0,2,5
Rater_2,Person_161,5,4,4,2,3,1,2,4
Rater_2,Person_162,2,3,4,1,3,1,0,2
Rater_2,Person_163,3,4,3,2,4,2,3,4
Rater_2,Person_164,5,4,5,3,5,1,3,5
Rater_2,Person_165,4,2,3,0,3,3,2,4
Rater_2,Person_166,3,3,3,0,3,3,3,5
Rater_2,Person_167,3,4,3,2,4,3,2,4
Rater_2,Person_168,3,3,4,2,3,0,3,2
Rater_2,Person_169,3,2,2,0,2,1,1,3
Rater_2,Person_170,5,3,5,3,4,3,2,3
Rater_2,Person_171,3,4,3,2,3,1,2,3
Rater_2,Person_172,4,4,5,4,5,3,5,5
Rater_2,Person_173,2,4,5,4,5,3,5,4
Rater_2,Person_174,3,3,3,3,5,2,3,5
Rater_2,Person_175,3,4,3,0,2,0,0,3
Rater_2,Person_176,2,2,3,0,2,2,1,2
Rater_2,Person_177,5,4,3,3,4,3,3,5
Rater_2,Person_178,5,3,3,1,3,1,3,5
Rater_2,Person_179,5,5,4,2,4,2,3,3
Rater_2,Person_180,1,1,2,0,1,0,0,1
Rater_2,Person_181,4,5,4,2,5,2,4,4
Rater_2,Person_182,4,5,3,2,2,3,2,3
Rater_2,Person_183,2,3,2,0,0,0,1,3
Rater_2,Person_184,3,1,4,0,1,2,3,2
Rater_2,Person_185,3,4,3,2,2,1,2,3
Rater_2,Person_186,4,3,4,1,4,2,3,4
Rater_2,Person_187,4,3,2,3,2,0,2,3
Rater_2,Person_188,3,4,3,3,2,0,1,3
Rater_2,Person_189,3,1,3,3,3,2,2,5
Rater_2,Person_190,3,4,4,3,3,1,3,3
Rater_2,Person_191,4,5,4,3,4,5,5,3
Rater_2,Person_192,0,0,0,1,0,0,0,3
Rater_2,Person_193,4,2,2,1,3,2,0,3
Rater_2,Person_194,4,3,3,2,3,1,1,2
Rater_2,Person_195,4,3,3,1,3,2,2,3
Rater_2,Person_196,3,3,3,1,5,0,1,4
Rater_2,Person_197,1,0,0,0,0,0,0,4
Rater_2,Person_198,3,3,3,2,3,2,3,2
Rater_2,Person_199,5,3,3,2,4,3,5,5
Rater_2,Person_200,1,1,0,1,2,0,0,3
Rater_3,Person_1,3,3,3,3,4,2,2,2
Rater_3,Person_2,3,5,3,4,4,2,2,3
Rater_3,Person_3,3,3,2,1,0,2,0,1
Rater_3,Person_4,3,4,3,2,2,2,0,2
Rater_3,Person_5,2,2,2,0,3,0,0,1
Rater_3,Person_6,3,3,3,1,3,2,1,3
Rater_3,Person_7,4,4,4,3,5,3,2,4
Rater_3,Person_8,1,0,0,0,1,0,0,0
Rater_3,Person_9,4,3,4,4,1,2,1,2
Rater_3,Person_10,3,4,4,2,4,1,4,4
Rater_3,Person_11,3,4,3,1,3,1,0,2
Rater_3,Person_12,1,2,2,1,0,0,0,1
Rater_3,Person_13,2,3,3,1,3,2,2,4
Rater_3,Person_14,1,3,2,1,4,1,1,1
Rater_3,Person_15,3,4,4,2,4,4,1,3
Rater_3,Person_16,3,4,2,3,4,3,2,3
Rater_3,Person_17,5,5,4,3,5,4,2,3
Rater_3,Person_18,3,4,3,3,4,2,1,3
Rater_3,Person_19,2,3,2,0,1,1,0,2
Rater_3,Person_20,4,3,4,3,3,3,3,3
Rater_3,Person_21,2,3,3,4,3,3,1,2
Rater_3,Person_22,4,5,5,5,4,3,3,4
Rater_3,Person_23,3,5,4,3,3,3,2,3
Rater_3,Person_24,3,2,3,2,3,2,1,2
Rater_3,Person_25,4,5,4,3,4,3,2,3
Rater_3,Person_26,2,2,1,0,0,1,0,2
Rater_3,Person_27,1,3,2,1,3,2,1,1
Rater_3,Person_28,2,4,1,2,1,1,1,3
Rater_3,Person_29,3,3,2,2,3,2,1,1
Rater_3,Person_30,2,0,2,2,2,2,0,1
Rater_3,Person_31,4,4,3,2,2,3,1,3
Rater_3,Person_32,3,3,4,1,1,3,0,1
Rater_3,Person_33,2,2,0,0,2,1,0,2
Rater_3,Person_34,2,4,3,1,2,1,0,2
Rater_3,Person_35,4,5,4,3,4,4,3,3
Rater_3,Person_36,4,3,3,3,5,3,3,4
Rater_3,Person_37,5,5,5,4,4,4,3,4
Rater_3,Person_38,5,5,5,5,5,4,4,5
Rater_3,Person_39,3,4,3,3,3,2,3,2
Rater_3,Person_40,3,2,1,1,2,0,0,1
Rater_3,Person_41,0,2,1,0,1,0,0,0
Rater_3,Person_42,4,3,3,2,4,3,3,3
Rater_3,Person_43,3,1,2,1,3,1,0,2
Rater_3,Person_44,3,4,3,0,3,4,0,4
Rater_3,Person_45,3,3,1,1,3,0,2,0
Rater_3,Person_46,2,2,3,3,3,2,1,1
Rater_3,Person_47,4,5,4,4,5,4,2,3
Rater_3,Person_48,3,4,3,2,2,2,1,3
Rater_3,Person_49,3,3,3,2,3,2,1,2
Rater_3,Person_50,2,3,1,1,1,2,0,1
Rater_3,Person_51,0,3,0,0,1,0,1,1
Rater_3,Person_52,3,3,2,2,3,3,1,3
Rater_3,Person_53,3,4,2,3,4,1,2,3
Rater_3,Person_54,3,4,4,5,4,2,2,5
Rater_3,Person_55,3,4,4,2,3,3,3,3
Rater_3,Person_56,5,5,4,2,5,3,3,5
Rater_3,Person_57,3,4,3,2,2,3,1,2
Rater_3,Person_58,2,3,3,1,2,0,0,0
Rater_3,Person_59,2,4,2,2,4,2,0,2
Rater_3,Person_60,3,2,2,0,3,1,1,2
Rater_3,Person_61,5,5,4,5,5,3,5,4
Rater_3,Person_62,2,3,2,2,2,2,1,2
Rater_3,Person_63,3,4,2,3,3,3,1,3
Rater_3,Person_64,3,2,2,2,2,2,0,2
Rater_3,Person_65,3,4,3,4,3,3,3,4
Rater_3,Person_66,4,4,3,1,3,3,2,2
Rater_3,Person_67,2,4,1,2,2,0,1,3
Rater_3,Person_68,3,4,2,3,3,1,2,3
Rater_3,Person_69,2,3,3,3,3,1,0,3
Rater_3,Person_70,4,4,4,2,4,3,1,3
Rater_3,Person_71,2,4,3,3,2,1,1,3
Rater_3,Person_72,2,2,1,0,0,1,0,1
Rater_3,Person_73,2,1,2,0,1,0,0,2
Rater_3,Person_74,3,3,3,2,4,2,0,3
Rater_3,Person_75,4,4,4,3,5,2,4,4
Rater_3,Person_76,3,3,2,2,3,3,1,3
Rater_3,Person_77,4,3,2,2,2,2,1,4
Rater_3,Person_78,3,4,3,4,3,3,2,3
Rater_3,Person_79,4,5,4,3,5,3,4,4
Rater_3,Person_80,4,4,3,1,3,2,2,4
Rater_3,Person_81,3,3,2,0,2,0,1,2
Rater_3,Person_82,4,4,2,3,3,3,3,3
Rater_3,Person_83,3,3,3,3,4,4,2,4
Rater_3,Person_84,4,5,3,4,4,5,2,5
Rater_3,Person_85,4,4,2,3,3,2,1,3
Rater_3,Person_86,3,3,2,0,2,1,1,1
Rater_3,Person_87,2,2,2,0,1,1,2,1
Rater_3,Person_88,5,5,3,3,5,4,4,3
Rater_3,Person_89,5,5,4,5,5,4,2,4
Rater_3,Person_90,3,3,2,2,3,2,2,2
Rater_3,Person_91,4,4,2,2,3,3,1,1
Rater_3,Person_92,5,5,4,2,5,2,2,4
Rater_3,Person_93,1,2,1,1,1,0,0,0
Rater_3,Person_94,2,2,1,2,3,1,0,2
Rater_3,Person_95,3,5,4,3,4,2,3,2
Rater_3,Person_96,3,1,2,3,4,3,1,1
Rater_3,Person_97,3,4,3,2,3,2,1,0
Rater_3,Person_98,3,5,3,2,3,1,1,3
Rater_3,Person_99,3,4,2,5,3,1,1,2
Rater_3,Person_100,5,4,4,3,5,4,3,5
Rater_3,Person_101,3,3,2,3,2,3,1,2
Rater_3,Person_102,5,5,5,3,3,4,3,3
Rater_3,Person_103,1,1,0,0,0,0,0,1
Rater_3,Person_104,4,3,4,1,3,1,2,3
Rater_3,Person_105,2,3,2,1,0,1,1,2
Rater_3,Person_106,2,3,1,1,3,1,1,1
Rater_3,Person_107,3,2,3,0,4,1,1,2
Rater_3,Person_108,3,3,1,2,3,1,1,3
Rater_3,Person_109,3,4,3,3,4,4,2,4
Rater_3,Person_110,1,2,1,2,2,1,0,0
Rater_3,Person_111,3,3,3,3,4,2,2,3
Rater_3,Person_112,2,3,4,4,3,2,1,2
Rater_3,Person_113,3,3,3,3,3,2,3,3
Rater_3,Person_114,3,4,4,3,4,3,3,4
Rater_3,Person_115,4,5,4,2,3,4,2,3
Rater_3,Person_116,4,5,5,3,3,3,3,4
Rater_3,Person_117,3,4,3,3,2,2,1,3
Rater_3,Person_118,1,4,3,2,2,0,1,1
Rater_3,Person_119,3,3,4,2,3,2,2,2
Rater_3,Person_120,2,4,3,2,4,2,2,2
Rater_3,Person_121,4,4,3,2,2,0,3,3
Rater_3,Person_122,2,3,2,0,1,3,0,1
Rater_3,Person_123,3,4,3,2,4,2,2,3
Rater_3,Person_124,3,3,4,3,4,3,2,2
Rater_3,Person_125,5,5,5,4,4,4,4,4
Rater_3,Person_126,4,5,4,3,5,4,3,4
Rater_3,Person_127,3,2,1,2,2,3,2,0
Rater_3,Person_128,3,3,3,0,3,1,1,3
Rater_3,Person_129,1,4,1,1,1,0,0,3
Rater_3,Person_130,2,1,3,2,2,2,0,1
Rater_3,Person_131,5,4,3,3,2,3,2,2
Rater_3,Person_132,5,4,5,3,5,3,2,3
Rater_3,Person_133,0,3,1,1,1,1,0,2
Rater_3,Person_134,2,3,3,2,1,2,1,2
Rater_3,Person_135,1,1,0,0,0,0,0,0
Rater_3,Person_136,3,4,1,1,3,2,1,3
Rater_3,Person_137,2,3,1,1,2,2,0,1
Rater_3,Person_138,2,4,2,1,3,2,1,3
Rater_3,Person_139,2,3,2,1,3,1,0,2
Rater_3,Person_140,3,4,5,2,4,3,0,1
Rater_3,Person_141,2,2,1,0,0,1,1,1
Rater_3,Person_142,0,1,2,0,2,0,0,1
Rater_3,Person_143,5,5,5,3,5,3,4,5
Rater_3,Person_144,2,4,2,0,3,2,1,2
Rater_3,Person_145,1,1,3,0,1,0,0,2
Rater_3,Person_146,5,4,4,4,5,3,3,4
Rater_3,Person_147,5,5,5,5,5,3,4,5
Rater_3,Person_148,2,3,2,2,2,2,0,0
Rater_3,Person_149,3,3,1,2,3,2,1,2
Rater_3,Person_150,4,4,3,3,3,4,2,2
Rater_3,Person_151,5,5,4,4,3,4,4,3
Rater_3,Person_152,1,2,3,2,2,2,1,1
Rater_3,Person_153,3,4,4,2,3,1,2,3
Rater_3,Person_154,4,4,3,2,4,3,0,4
Rater_3,Person_155,2,4,3,1,3,3,2,3
Rater_3,Person_156,3,4,2,1,3,4,1,4
Rater_3,Person_157,4,3,4,3,3,3,0,1
Rater_3,Person_158,1,1,0,1,1,1,0,1
Rater_3,Person_159,4,4,1,2,3,3,1,2
Rater_3,Person_160,2,3,3,3,3,1,0,3
Rater_3,Person_161,3,4,3,2,3,3,0,3
Rater_3,Person_162,4,3,2,1,2,1,1,2
Rater_3,Person_163,3,4,3,3,4,2,1,3
Rater_3,Person_164,4,4,3,3,3,4,4,4
Rater_3,Person_165,4,3,3,3,3,3,2,4
Rater_3,Person_166,3,5,3,3,3,2,3,4
Rater_3,Person_167,2,4,3,4,3,2,0,3
Rater_3,Person_168,3,3,4,3,3,2,1,3
Rater_3,Person_169,3,3,2,1,2,2,0,2
Rater_3,Person_170,4,5,3,2,4,2,1,4
Rater_3,Person_171,3,4,0,3,3,2,2,2
Rater_3,Person_172,5,5,5,3,4,4,4,5
Rater_3,Person_173,4,4,4,3,5,3,4,5
Rater_3,Person_174,3,4,2,3,3,2,1,2
Rater_3,Person_175,3,3,3,2,1,1,1,3
Rater_3,Person_176,2,2,2,0,2,0,1,1
Rater_3,Person_177,5,5,3,3,5,3,4,4
Rater_3,Person_178,2,4,2,2,3,2,1,3
Rater_3,Person_179,3,4,2,3,4,2,3,3
Rater_3,Person_180,1,3,2,0,2,1,1,1
Rater_3,Person_181,4,5,3,3,5,3,1,3
Rater_3,Person_182,4,4,4,2,2,2,3,3
Rater_3,Person_183,3,3,2,0,3,0,1,3
Rater_3,Person_184,2,3,3,1,3,3,1,3
Rater_3,Person_185,3,4,3,2,4,4,2,2
Rater_3,Person_186,3,3,3,3,3,3,1,3
Rater_3,Person_187,3,3,3,2,3,1,0,1
Rater_3,Person_188,3,3,3,2,3,2,3,4
Rater_3,Person_189,2,5,3,2,3,1,2,1
Rater_3,Person_190,3,4,4,3,3,3,0,3
Rater_3,Person_191,4,5,3,4,4,3,4,3
Rater_3,Person_192,1,1,0,0,1,0,0,0
Rater_3,Person_193,4,2,3,2,3,2,1,3
Rater_3,Person_194,3,4,3,0,4,3,2,3
Rater_3,Person_195,3,4,3,3,4,1,2,2
Rater_3,Person_196,3,2,3,2,2,2,1,0
Rater_3,Person_197,1,1,0,0,0,0,0,2
Rater_3,Person_198,3,3,3,3,4,3,1,4
Rater_3,Person_199,4,4,3,5,3,4,3,5
Rater_3,Person_200,1,2,1,0,1,0,1,1
Rater_4,Person_1,3,2,1,3,4,2,1,1
Rater_4,Person_2,3,5,5,4,3,2,2,3
Rater_4,Person_3,0,3,1,0,3,0,1,1
Rater_4,Person_4,4,3,3,4,5,2,1,2
Rater_4,Person_5,2,0,0,3,3,0,0,1
Rater_4,Person_6,2,4,3,2,3,0,3,3
Rater_4,Person_7,5,5,5,4,4,2,3,5
Rater_4,Person_8,0,3,0,2,1,0,0,0
Rater_4,Person_9,3,5,3,2,3,2,3,2
Rater_4,Person_10,3,4,4,4,4,3,4,4
Rater_4,Person_11,1,4,3,2,3,0,0,2
Rater_4,Person_12,1,2,3,1,3,1,0,2
Rater_4,Person_13,4,3,3,4,5,3,2,2
Rater_4,Person_14,1,3,3,2,3,2,2,2
Rater_4,Person_15,3,4,4,3,4,2,1,3
Rater_4,Person_16,3,4,2,3,5,2,1,2
Rater_4,Person_17,3,5,5,5,5,3,3,5
Rater_4,Person_18,1,3,4,3,2,0,1,0
Rater_4,Person_19,0,1,1,2,2,0,0,2
Rater_4,Person_20,3,2,4,1,4,3,3,2
Rater_4,Person_21,3,4,3,3,4,1,1,2
Rater_4,Person_22,4,3,5,5,5,3,3,3
Rater_4,Person_23,4,5,4,1,5,3,3,3
Rater_4,Person_24,4,4,3,3,4,3,1,3
Rater_4,Person_25,5,5,4,3,5,4,4,4
Rater_4,Person_26,0,2,2,0,2,1,1,1
Rater_4,Person_27,1,2,2,1,3,1,2,0
Rater_4,Person_28,1,3,3,1,2,0,1,0
Rater_4,Person_29,2,3,2,1,2,1,1,2
Rater_4,Person_30,0,1,3,2,1,0,0,1
Rater_4,Person_31,3,3,4,4,2,4,2,3
Rater_4,Person_32,2,4,2,3,3,2,1,1
Rater_4,Person_33,2,2,0,2,3,0,0,0
Rater_4,Person_34,2,0,2,2,3,1,1,0
Rater_4,Person_35,4,3,4,3,5,2,1,3
Rater_4,Person_36,4,5,3,4,4,3,3,3
Rater_4,Person_37,5,5,4,5,5,4,4,4
Rater_4,Person_38,5,5,5,4,5,4,5,5
Rater_4,Person_39,3,3,4,3,5,1,3,1
Rater_4,Person_40,3,3,1,1,2,0,1,0
Rater_4,Person_41,0,0,0,2,1,0,0,0
Rater_4,Person_42,3,4,3,4,5,2,3,4
Rater_4,Person_43,1,4,1,1,3,0,2,1
Rater_4,Person_44,3,2,3,2,4,2,1,2
Rater_4,Person_45,0,4,5,2,3,0,0,0
Rater_4,Person_46,3,3,2,3,3,2,2,1
Rater_4,Person_47,4,3,5,5,5,4,3,4
Rater_4,Person_48,3,3,3,4,4,1,2,3
Rater_4,Person_49,3,3,3,3,2,2,2,3
Rater_4,Person_50,1,2,3,2,2,1,0,1
Rater_4,Person_51,1,0,0,1,1,0,0,0
Rater_4,Person_52,2,3,2,3,5,0,1,1
Rater_4,Person_53,3,3,3,1,3,1,2,3
Rater_4,Person_54,5,5,5,4,4,4,4,4
Rater_4,Person_55,4,2,3,4,4,0,2,2
Rater_4,Person_56,5,5,3,5,5,3,2,4
Rater_4,Person_57,3,1,2,1,3,0,1,2
Rater_4,Person_58,1,1,0,1,3,0,0,1
Rater_4,Person_59,1,2,4,1,2,0,0,1
Rater_4,Person_60,2,3,3,1,2,0,0,3
Rater_4,Person_61,5,5,5,5,5,4,4,4
Rater_4,Person_62,3,3,1,1,4,1,1,1
Rater_4,Person_63,3,5,4,3,4,4,3,3
Rater_4,Person_64,3,3,3,3,2,1,0,3
Rater_4,Person_65,4,4,3,3,5,3,3,3
Rater_4,Person_66,4,4,4,2,4,2,2,3
Rater_4,Person_67,3,2,2,3,3,2,3,2
Rater_4,Person_68,4,4,3,3,3,1,0,2
Rater_4,Person_69,1,3,2,2,2,2,0,1
Rater_4,Person_70,3,3,4,4,4,2,4,4
Rater_4,Person_71,3,2,2,2,4,1,0,1
Rater_4,Person_72,2,3,0,0,3,0,1,2
Rater_4,Person_73,0,2,2,0,1,1,0,0
Rater_4,Person_74,3,2,3,4,4,1,0,3
Rater_4,Person_75,5,4,5,5,4,3,3,4
Rater_4,Person_76,3,3,4,3,3,1,0,3
Rater_4,Person_77,1,3,3,1,4,1,1,1
Rater_4,Person_78,2,3,5,4,3,0,0,4
Rater_4,Person_79,4,4,4,5,5,4,3,4
Rater_4,Person_80,4,5,2,3,3,2,2,3
Rater_4,Person_81,2,3,2,2,2,2,1,3
Rater_4,Person_82,5,4,4,3,5,1,1,3
Rater_4,Person_83,2,4,3,2,3,1,2,2
Rater_4,Person_84,4,5,5,4,5,3,2,4
Rater_4,Person_85,3,4,3,2,4,2,1,2
Rater_4,Person_86,0,3,1,1,3,0,0,0
Rater_4,Person_87,0,2,2,1,2,0,0,0
Rater_4,Person_88,5,5,5,4,5,3,3,4
Rater_4,Person_89,5,5,4,4,5,3,3,4
Rater_4,Person_90,3,3,3,3,3,1,0,1
Rater_4,Person_91,3,4,2,0,2,3,2,3
Rater_4,Person_92,3,5,5,4,5,3,5,3
Rater_4,Person_93,1,2,2,0,2,1,1,0
Rater_4,Person_94,2,3,3,3,3,0,1,0
Rater_4,Person_95,4,4,4,3,3,3,4,3
Rater_4,Person_96,3,2,4,1,3,1,0,3
Rater_4,Person_97,2,4,2,3,5,1,3,3
Rater_4,Person_98,2,3,2,2,3,2,2,0
Rater_4,Person_99,4,4,4,4,4,1,1,2
Rater_4,Person_100,5,5,5,4,5,3,4,3
Rater_4,Person_101,2,3,4,1,4,2,2,3
Rater_4,Person_102,3,5,4,3,3,2,2,4
Rater_4,Person_103,0,2,1,2,1,0,0,0
Rater_4,Person_104,3,3,4,3,3,1,3,2
Rater_4,Person_105,2,4,3,2,3,0,1,0
Rater_4,Person_106,2,2,1,1,4,0,0,0
Rater_4,Person_107,2,2,2,3,2,0,0,0
Rater_4,Person_108,3,3,3,4,3,0,1,3
Rater_4,Person_109,3,3,3,3,5,3,2,3
Rater_4,Person_110,0,2,3,1,3,1,0,0
Rater_4,Person_111,2,3,2,2,3,4,1,3
Rater_4,Person_112,3,4,2,2,2,0,0,3
Rater_4,Person_113,1,2,2,3,4,0,2,2
Rater_4,Person_114,4,5,5,2,4,2,3,4
Rater_4,Person_115,3,4,5,3,2,2,3,3
Rater_4,Person_116,5,5,4,4,5,2,4,5
Rater_4,Person_117,4,4,3,2,3,1,1,3
Rater_4,Person_118,2,3,1,2,3,1,2,0
Rater_4,Person_119,4,5,3,2,3,1,2,3
Rater_4,Person_120,2,4,5,3,5,3,1,3
Rater_4,Person_121,3,4,3,4,5,2,2,1
Rater_4,Person_122,2,3,2,1,3,0,1,0
Rater_4,Person_123,2,3,2,1,5,2,1,3
Rater_4,Person_124,3,4,2,3,3,2,3,2
Rater_4,Person_125,5,5,5,5,5,5,5,5
Rater_4,Person_126,5,5,5,5,5,3,4,5
Rater_4,Person_127,2,1,3,3,3,1,1,2
Rater_4,Person_128,2,3,3,2,4,0,0,1
Rater_4,Person_129,0,2,2,1,3,0,1,3
Rater_4,Person_130,1,2,2,3,3,0,0,1
Rater_4,Person_131,3,4,3,1,4,2,2,3
Rater_4,Person_132,2,4,5,4,5,4,3,3
Rater_4,Person_133,1,3,2,1,3,0,0,0
Rater_4,Person_134,3,3,2,3,3,0,2,2
Rater_4,Person_135,0,0,0,0,2,0,0,0
Rater_4,Person_136,3,5,2,4,3,2,1,3
Rater_4,Person_137,2,2,1,2,3,0,1,1
Rater_4,Person_138,3,3,3,2,3,1,1,0
Rater_4,Person_139,2,2,3,2,4,0,0,0
Rater_4,Person_140,3,3,4,4,3,2,3,1
Rater_4,Person_141,0,1,1,0,2,0,0,0
Rater_4,Person_142,0,1,2,1,3,0,1,2
Rater_4,Person_143,4,5,4,5,5,5,5,5
Rater_4,Person_144,2,2,3,3,2,1,0,0
Rater_4,Person_145,3,1,2,2,3,0,0,1
Rater_4,Person_146,3,5,4,4,4,3,2,5
Rater_4,Person_147,5,5,5,5,4,5,5,5
Rater_4,Person_148,2,1,3,1,1,0,0,2
Rater_4,Person_149,1,2,3,2,3,1,0,2
Rater_4,Person_150,3,4,4,2,5,2,3,2
Rater_4,Person_151,4,5,5,5,4,3,4,4
Rater_4,Person_152,2,2,2,3,2,0,0,0
Rater_4,Person_153,3,3,3,1,3,1,1,1
Rater_4,Person_154,3,3,4,4,4,3,1,3
Rater_4,Person_155,3,4,3,3,5,1,3,3
Rater_4,Person_156,3,3,2,1,4,0,0,2
Rater_4,Person_157,3,3,2,3,3,1,0,2
Rater_4,Person_158,0,3,0,1,3,0,1,1
Rater_4,Person_159,2,3,4,2,3,0,2,2
Rater_4,Person_160,2,4,3,5,3,2,0,0
Rater_4,Person_161,4,3,4,5,3,2,0,3
Rater_4,Person_162,3,3,3,1,3,1,1,1
Rater_4,Person_163,3,5,5,4,4,2,3,3
Rater_4,Person_164,4,5,3,4,5,3,3,3
Rater_4,Person_165,3,3,2,2,3,3,3,2
Rater_4,Person_166,3,3,3,3,4,2,3,2
Rater_4,Person_167,2,3,3,3,3,2,1,2
Rater_4,Person_168,3,3,2,3,3,0,0,3
Rater_4,Person_169,2,0,2,3,4,0,1,2
Rater_4,Person_170,3,3,3,2,3,0,1,3
Rater_4,Person_171,2,5,1,3,3,0,2,1
Rater_4,Person_172,5,5,5,5,5,3,4,4
Rater_4,Person_173,3,4,5,3,5,3,3,3
Rater_4,Person_174,4,4,3,4,4,2,2,3
Rater_4,Person_175,2,1,2,3,3,1,0,2
Rater_4,Person_176,3,2,3,2,0,0,2,1
Rater_4,Person_177,5,5,4,4,4,2,3,3
Rater_4,Person_178,3,4,3,4,4,1,3,2
Rater_4,Person_179,4,3,5,4,4,1,3,2
Rater_4,Person_180,1,1,1,2,0,0,0,0
Rater_4,Person_181,4,4,3,3,4,3,3,3
Rater_4,Person_182,3,4,3,2,3,1,2,2
Rater_4,Person_183,2,2,2,4,1,0,0,1
Rater_4,Person_184,2,3,2,0,3,2,1,3
Rater_4,Person_185,3,5,4,3,5,1,3,2
Rater_4,Person_186,3,4,5,2,4,2,3,0
Rater_4,Person_187,3,3,2,3,4,0,2,4
Rater_4,Person_188,3,5,2,2,3,2,1,2
Rater_4,Person_189,4,2,3,2,4,2,1,1
Rater_4,Person_190,3,5,3,3,4,2,3,4
Rater_4,Person_191,5,4,5,4,3,3,3,4
Rater_4,Person_192,0,0,0,0,0,0,0,0
Rater_4,Person_193,2,3,2,2,3,2,0,2
Rater_4,Person_194,3,3,3,3,5,2,0,4
Rater_4,Person_195,3,3,2,3,3,3,2,1
Rater_4,Person_196,1,3,3,3,4,0,0,2
Rater_4,Person_197,1,1,2,0,1,0,0,0
Rater_4,Person_198,4,4,3,4,4,2,3,3
Rater_4,Person_199,4,5,5,4,4,3,3,4
Rater_4,Person_200,1,2,1,1,3,0,0,2
Rater_5,Person_1,3,2,3,2,3,1,1,3
Rater_5,Person_2,2,5,4,3,5,3,3,5
Rater_5,Person_3,4,3,3,1,3,1,1,4
Rater_5,Person_4,4,2,2,2,5,1,1,3
Rater_5,Person_5,3,3,2,0,2,1,1,1
Rater_5,Person_6,3,2,3,3,3,2,0,2
Rater_5,Person_7,4,4,4,4,4,3,3,3
Rater_5,Person_8,3,1,1,1,1,0,0,1
Rater_5,Person_9,4,3,3,3,4,2,3,3
Rater_5,Person_10,4,4,3,3,4,1,2,3
Rater_5,Person_11,1,3,2,3,3,2,3,2
Rater_5,Person_12,2,1,2,2,1,0,0,1
Rater_5,Person_13,5,3,3,4,3,2,2,3
Rater_5,Person_14,2,3,1,2,4,3,2,1
Rater_5,Person_15,3,3,2,2,4,2,4,4
Rater_5,Person_16,3,4,2,0,4,2,3,4
Rater_5,Person_17,5,5,5,5,5,4,3,5
Rater_5,Person_18,3,3,3,2,5,2,2,2
Rater_5,Person_19,2,2,2,2,3,2,2,1
Rater_5,Person_20,4,5,3,3,3,1,1,3
Rater_5,Person_21,4,3,3,3,4,3,3,4
Rater_5,Person_22,5,3,5,4,4,4,4,4
Rater_5,Person_23,5,4,3,3,4,1,3,3
Rater_5,Person_24,3,3,3,2,3,3,2,4
Rater_5,Person_25,5,4,4,4,5,4,5,5
Rater_5,Person_26,1,2,0,2,2,1,0,1
Rater_5,Person_27,2,1,2,3,3,1,2,2
Rater_5,Person_28,2,2,2,1,2,0,0,2
Rater_5,Person_29,1,4,2,2,3,2,2,3
Rater_5,Person_30,1,2,2,1,2,2,1,1
Rater_5,Person_31,5,4,4,3,5,3,2,3
Rater_5,Person_32,5,2,3,2,3,0,1,3
Rater_5,Person_33,1,2,1,1,3,3,2,2
Rater_5,Person_34,3,1,2,1,2,0,1,1
Rater_5,Person_35,3,3,2,3,4,1,3,3
Rater_5,Person_36,5,5,4,5,3,5,3,4
Rater_5,Person_37,4,5,5,5,5,2,3,5
Rater_5,Person_38,5,5,5,5,5,5,4,5
Rater_5,Person_39,4,4,4,4,4,3,2,2
Rater_5,Person_40,1,2,3,3,3,0,0,2
Rater_5,Person_41,1,1,1,0,2,0,0,2
Rater_5,Person_42,4,3,4,3,4,3,4,4
Rater_5,Person_43,4,3,2,1,2,1,1,2
Rater_5,Person_44,3,3,3,1,3,2,0,3
Rater_5,Person_45,1,2,2,1,4,1,1,2
Rater_5,Person_46,4,4,3,2,3,1,2,2
Rater_5,Person_47,5,4,5,4,5,3,4,4
Rater_5,Person_48,5,4,5,2,4,3,3,2
Rater_5,Person_49,3,3,3,2,2,2,2,3
Rater_5,Person_50,2,2,4,0,2,1,0,2
Rater_5,Person_51,2,0,2,1,2,1,1,2
Rater_5,Person_52,2,3,3,2,4,2,1,2
Rater_5,Person_53,4,2,3,3,3,2,2,3
Rater_5,Person_54,4,2,5,4,5,3,3,5
Rater_5,Person_55,4,3,3,3,3,1,3,3
Rater_5,Person_56,5,4,5,4,5,3,3,4
Rater_5,Person_57,5,4,1,1,3,2,2,2
Rater_5,Person_58,2,3,2,2,3,2,1,2
Rater_5,Person_59,3,2,2,1,1,2,0,1
Rater_5,Person_60,2,3,3,4,1,1,2,2
Rater_5,Person_61,5,5,5,5,5,4,4,4
Rater_5,Person_62,4,2,2,2,3,2,2,2
Rater_5,Person_63,5,4,5,5,5,4,1,4
Rater_5,Person_64,3,3,2,1,2,1,1,2
Rater_5,Person_65,3,4,5,3,4,3,2,3
Rater_5,Person_66,4,3,3,3,4,2,2,3
Rater_5,Person_67,4,3,2,2,5,1,1,3
Rater_5,Person_68,5,3,4,3,3,1,3,2
Rater_5,Person_69,2,4,3,1,2,2,1,2
Rater_5,Person_70,3,3,5,4,5,1,2,3
Rater_5,Person_71,4,3,3,2,4,1,3,2
Rater_5,Person_72,0,2,3,0,2,1,1,1
Rater_5,Person_73,2,2,2,2,2,2,1,2
Rater_5,Person_74,4,4,3,3,5,1,1,3
Rater_5,Person_75,5,5,5,4,4,3,4,3
Rater_5,Person_76,4,4,3,3,3,3,2,3
Rater_5,Person_77,2,3,3,3,2,2,3,2
Rater_5,Person_78,5,4,3,3,4,3,3,5
Rater_5,Person_79,5,3,4,4,5,3,5,5
Rater_5,Person_80,3,3,3,2,3,3,4,4
Rater_5,Person_81,2,2,2,3,2,2,1,2
Rater_5,Person_82,5,5,3,4,5,3,4,3
Rater_5,Person_83,5,5,3,3,5,4,3,4
Rater_5,Person_84,5,5,4,3,4,4,4,2
Rater_5,Person_85,3,3,4,3,4,2,4,2
Rater_5,Person_86,2,2,2,1,2,2,1,1
Rater_5,Person_87,1,2,1,1,3,2,2,2
Rater_5,Person_88,5,4,5,2,5,4,3,4
Rater_5,Person_89,5,4,5,5,5,5,4,5
Rater_5,Person_90,2,2,2,2,4,3,2,2
Rater_5,Person_91,3,3,3,3,4,2,2,1
Rater_5,Person_92,5,4,4,5,5,4,4,5
Rater_5,Person_93,1,1,4,2,3,0,1,2
Rater_5,Person_94,2,3,2,2,3,1,2,2
Rater_5,Person_95,3,4,3,3,4,3,2,4
Rater_5,Person_96,5,3,4,1,0,1,3,1
Rater_5,Person_97,3,3,3,2,5,2,2,4
Rater_5,Person_98,3,3,2,1,3,2,2,3
Rater_5,Person_99,4,5,3,2,4,2,2,3
Rater_5,Person_100,5,5,5,4,5,4,4,4
Rater_5,Person_101,3,3,4,4,5,2,4,3
Rater_5,Person_102,3,4,3,4,5,1,3,3
Rater_5,Person_103,0,1,1,0,3,1,2,0
Rater_5,Person_104,3,3,4,2,2,2,3,2
Rater_5,Person_105,1,1,3,3,3,2,0,3
Rater_5,Person_106,2,1,0,1,1,2,1,3
Rater_5,Person_107,1,1,4,3,3,2,0,3
Rater_5,Person_108,2,3,3,3,1,1,2,3
Rater_5,Person_109,3,3,3,3,4,3,3,4
Rater_5,Person_110,2,0,0,1,2,0,0,1
Rater_5,Person_111,5,4,2,2,3,2,3,3
Rater_5,Person_112,2,3,2,2,2,2,1,3
Rater_5,Person_113,4,3,4,1,2,3,1,3
Rater_5,Person_114,4,3,4,5,5,3,2,4
Rater_5,Person_115,4,5,3,3,4,2,3,5
Rater_5,Person_116,5,5,4,3,5,3,5,5
Rater_5,Person_117,3,2,2,3,3,2,0,2
Rater_5,Person_118,1,3,2,1,3,1,2,0
Rater_5,Person_119,4,2,3,2,3,2,1,2
Rater_5,Person_120,2,1,3,3,3,4,2,3
Rater_5,Person_121,3,4,4,4,4,2,3,4
Rater_5,Person_122,2,2,1,2,2,2,1,2
Rater_5,Person_123,3,3,3,3,4,2,2,3
Rater_5,Person_124,3,4,4,3,5,2,2,3
Rater_5,Person_125,5,5,5,5,5,4,5,5
Rater_5,Person_126,5,5,5,4,5,4,5,4
Rater_5,Person_127,3,2,2,3,3,1,2,1
Rater_5,Person_128,2,2,3,2,3,2,1,2
Rater_5,Person_129,2,0,1,1,1,1,2,2
Rater_5,Person_130,3,3,1,2,3,1,4,2
Rater_5,Person_131,4,2,3,4,5,3,1,3
Rater_5,Person_132,5,5,3,4,4,3,4,4
Rater_5,Person_133,3,3,1,1,2,1,2,2
Rater_5,Person_134,3,3,3,2,2,2,1,2
Rater_5,Person_135,1,2,0,1,1,0,0,0
Rater_5,Person_136,3,2,4,3,3,1,3,3
Rater_5,Person_137,3,2,2,0,3,0,1,2
Rater_5,Person_138,3,1,3,1,4,1,2,1
Rater_5,Person_139,2,3,2,1,3,2,1,1
Rater_5,Person_140,3,2,3,4,3,3,3,3
Rater_5,Person_141,2,2,1,0,1,0,0,2
Rater_5,Person_142,1,2,2,0,2,0,2,2
Rater_5,Person_143,5,5,5,5,5,4,4,5
Rater_5,Person_144,3,2,3,1,3,0,0,0
Rater_5,Person_145,1,2,3,2,2,2,1,2
Rater_5,Person_146,5,5,5,4,4,5,5,5
Rater_5,Person_147,5,5,5,4,5,5,5,4
Rater_5,Person_148,2,0,3,1,2,1,1,0
Rater_5,Person_149,4,3,2,1,2,1,3,1
Rater_5,Person_150,4,3,4,2,4,2,3,4
Rater_5,Person_151,5,5,4,5,5,5,5,4
Rater_5,Person_152,3,3,3,2,2,2,2,1
Rater_5,Person_153,3,3,3,1,4,2,1,2
Rater_5,Person_154,4,3,5,3,4,3,4,5
Rater_5,Person_155,2,4,4,3,4,3,2,3
Rater_5,Person_156,2,4,4,2,4,2,4,2
Rater_5,Person_157,2,2,2,1,4,2,1,2
Rater_5,Person_158,0,1,2,0,1,0,0,1
Rater_5,Person_159,2,4,2,4,4,3,2,3
Rater_5,Person_160,2,3,2,3,5,1,2,3
Rater_5,Person_161,3,3,3,1,3,2,3,5
Rater_5,Person_162,3,2,2,2,3,2,2,1
Rater_5,Person_163,4,4,4,3,4,1,3,3
Rater_5,Person_164,5,4,5,5,4,3,3,5
Rater_5,Person_165,3,4,3,2,4,1,3,3
Rater_5,Person_166,2,3,3,3,3,1,2,2
Rater_5,Person_167,3,3,4,2,3,2,3,3
Rater_5,Person_168,3,2,4,3,4,3,1,3
Rater_5,Person_169,2,3,2,0,3,3,2,0
Rater_5,Person_170,2,4,3,4,4,3,2,2
Rater_5,Person_171,4,3,4,3,5,2,0,4
Rater_5,Person_172,4,5,5,5,4,5,5,4
Rater_5,Person_173,4,4,5,5,4,3,4,5
Rater_5,Person_174,4,2,3,4,3,2,3,3
Rater_5,Person_175,2,3,2,1,3,0,2,2
Rater_5,Person_176,2,2,2,1,1,0,0,2
Rater_5,Person_177,5,4,5,3,5,4,4,5
Rater_5,Person_178,4,3,3,3,5,2,4,3
Rater_5,Person_179,4,3,3,3,3,2,3,4
Rater_5,Person_180,2,2,1,1,2,0,0,1
Rater_5,Person_181,3,5,4,2,4,3,3,5
Rater_5,Person_182,3,3,3,3,4,3,2,3
Rater_5,Person_183,4,2,1,2,3,0,0,1
Rater_5,Person_184,2,4,2,1,3,1,2,2
Rater_5,Person_185,4,5,2,3,4,3,3,3
Rater_5,Person_186,4,3,2,3,2,2,2,3
Rater_5,Person_187,4,2,3,2,3,2,1,3
Rater_5,Person_188,2,4,4,2,4,1,2,3
Rater_5,Person_189,4,2,3,1,4,1,2,2
Rater_5,Person_190,4,5,2,1,4,1,3,4
Rater_5,Person_191,5,5,5,4,5,3,3,4
Rater_5,Person_192,1,0,1,0,1,0,1,0
Rater_5,Person_193,2,3,1,1,4,1,2,3
Rater_5,Person_194,4,2,3,3,4,2,2,2
Rater_5,Person_195,4,3,3,3,4,3,3,3
Rater_5,Person_196,2,3,3,2,2,2,4,2
Rater_5,Person_197,2,1,2,3,2,0,1,2
Rater_5,Person_198,4,3,4,3,4,3,1,2
Rater_5,Person_199,5,5,5,5,5,3,3,5
Rater_5,Person_200,2,3,1,2,1,0,1,1
Rater_6,Person_1,3,2,3,3,2,2,2,3
Rater_6,Person_2,4,3,5,3,3,3,3,4
Rater_6,Person_3,2,1,2,1,3,2,2,1
Rater_6,Person_4,2,2,3,2,2,1,3,2
Rater_6,Person_5,3,2,1,1,2,0,0,3
Rater_6,Person_6,2,3,3,2,2,2,2,3
Rater_6,Person_7,4,3,3,3,4,3,3,5
Rater_6,Person_8,2,1,1,0,0,0,0,1
Rater_6,Person_9,4,3,3,4,3,2,2,2
Rater_6,Person_10,3,3,4,2,2,0,2,4
Rater_6,Person_11,2,1,2,1,2,0,2,4
Rater_6,Person_12,1,0,0,1,2,0,0,1
Rater_6,Person_13,2,3,3,2,3,0,2,5
Rater_6,Person_14,4,1,2,1,2,1,1,1
Rater_6,Person_15,4,2,3,3,3,1,4,4
Rater_6,Person_16,3,4,2,1,4,3,0,4
Rater_6,Person_17,5,3,3,4,4,2,3,4
Rater_6,Person_18,2,2,3,2,3,1,2,3
Rater_6,Person_19,1,2,3,2,2,0,1,3
Rater_6,Person_20,3,4,4,2,3,1,2,2
Rater_6,Person_21,5,2,3,3,2,2,1,3
Rater_6,Person_22,4,5,3,4,5,5,3,5
Rater_6,Person_23,4,3,4,3,4,1,2,4
Rater_6,Person_24,3,3,2,3,3,1,3,3
Rater_6,Person_25,5,4,5,2,4,4,3,4
Rater_6,Person_26,1,1,2,0,3,1,0,1
Rater_6,Person_27,3,3,1,3,3,2,3,3
Rater_6,Person_28,0,2,2,1,2,0,0,2
Rater_6,Person_29,2,2,2,1,3,1,1,3
Rater_6,Person_30,0,1,2,0,2,0,1,0
Rater_6,Person_31,4,3,3,3,2,2,3,3
Rater_6,Person_32,3,4,3,2,3,1,2,3
Rater_6,Person_33,4,0,1,2,1,0,0,2
Rater_6,Person_34,3,0,2,2,1,0,0,2
Rater_6,Person_35,4,3,4,3,1,2,3,4
Rater_6,Person_36,3,4,4,4,3,2,4,5
Rater_6,Person_37,5,4,4,5,4,3,4,5
Rater_6,Person_38,5,5,5,5,4,5,4,5
Rater_6,Person_39,4,5,3,4,3,3,3,4
Rater_6,Person_40,4,2,0,3,2,1,1,2
Rater_6,Person_41,1,0,0,0,0,0,1,1
Rater_6,Person_42,4,4,3,3,3,2,3,2
Rater_6,Person_43,1,3,2,2,2,0,0,4
Rater_6,Person_44,3,0,3,3,2,0,1,2
Rater_6,Person_45,2,3,2,1,1,1,2,2
Rater_6,Person_46,3,4,2,2,3,3,3,2
Rater_6,Person_47,4,5,4,4,5,3,3,5
Rater_6,Person_48,4,3,3,3,4,3,3,3
Rater_6,Person_49,4,2,2,4,4,2,3,3
Rater_6,Person_50,3,1,2,0,1,0,0,0
Rater_6,Person_51,2,2,1,1,1,0,0,1
Rater_6,Person_52,3,2,3,1,2,3,1,3
Rater_6,Person_53,3,2,3,2,2,1,2,3
Rater_6,Person_54,5,4,4,5,5,4,5,5
Rater_6,Person_55,4,3,4,3,3,2,2,3
Rater_6,Person_56,2,4,5,4,2,2,3,4
Rater_6,Person_57,3,2,2,1,3,1,2,1
Rater_6,Person_58,2,1,2,1,1,0,0,1
Rater_6,Person_59,1,2,1,1,2,0,1,3
Rater_6,Person_60,3,3,3,3,3,0,1,4
Rater_6,Person_61,4,4,4,4,3,4,3,4
Rater_6,Person_62,3,1,1,1,1,1,1,2
Rater_6,Person_63,3,3,3,3,2,3,2,5
Rater_6,Person_64,2,3,2,2,3,0,0,3
Rater_6,Person_65,4,4,5,4,4,2,3,3
Rater_6,Person_66,3,2,2,3,4,3,2,4
Rater_6,Person_67,4,2,1,3,3,2,2,2
Rater_6,Person_68,3,4,3,3,3,2,2,3
Rater_6,Person_69,2,4,2,3,3,0,1,3
Rater_6,Person_70,4,3,2,3,5,2,3,5
Rater_6,Person_71,2,2,4,1,2,0,2,3
Rater_6,Person_72,3,2,2,1,2,1,0,1
Rater_6,Person_73,2,0,2,1,0,0,1,2
Rater_6,Person_74,3,3,3,3,4,2,3,3
Rater_6,Person_75,4,4,4,5,5,3,4,4
Rater_6,Person_76,2,3,3,2,3,3,1,3
Rater_6,Person_77,2,3,4,2,2,2,3,4
Rater_6,Person_78,3,2,3,4,3,2,3,4
Rater_6,Person_79,4,4,3,4,4,3,3,5
Rater_6,Person_80,3,3,3,2,3,2,3,3
Rater_6,Person_81,3,1,2,1,3,0,3,3
Rater_6,Person_82,5,5,3,3,4,3,3,4
Rater_6,Person_83,3,3,3,3,2,4,3,3
Rater_6,Person_84,5,5,5,4,3,3,4,3
Rater_6,Person_85,3,2,4,3,5,4,2,4
Rater_6,Person_86,2,1,3,1,1,0,1,0
Rater_6,Person_87,1,1,2,0,0,0,0,0
Rater_6,Person_88,5,4,4,4,4,5,5,5
Rater_6,Person_89,4,5,4,4,5,2,4,5
Rater_6,Person_90,4,3,3,2,2,2,3,4
Rater_6,Person_91,3,0,3,3,2,0,1,2
Rater_6,Person_92,3,4,2,5,4,2,3,5
Rater_6,Person_93,1,2,1,1,1,0,1,3
Rater_6,Person_94,3,1,2,1,3,0,0,4
Rater_6,Person_95,4,3,4,4,4,4,4,4
Rater_6,Person_96,2,2,3,2,2,2,2,3
Rater_6,Person_97,3,3,3,2,1,2,2,3
Rater_6,Person_98,3,2,2,3,3,0,2,1
Rater_6,Person_99,4,3,3,3,2,3,2,3
Rater_6,Person_100,4,4,3,3,5,2,2,5
Rater_6,Person_101,3,3,3,4,2,2,2,5
Rater_6,Person_102,3,3,3,3,4,3,2,4
Rater_6,Person_103,0,2,0,0,0,0,1,1
Rater_6,Person_104,3,3,1,2,2,2,3,4
Rater_6,Person_105,2,2,1,1,2,0,1,2
Rater_6,Person_106,3,2,2,2,1,2,1,1
Rater_6,Person_107,0,2,2,0,3,1,2,3
Rater_6,Person_108,1,2,1,1,2,0,1,3
Rater_6,Person_109,4,4,4,3,5,3,4,5
Rater_6,Person_110,2,2,0,1,2,2,0,2
Rater_6,Person_111,3,3,2,1,3,3,3,5
Rater_6,Person_112,2,0,0,1,3,0,2,3
Rater_6,Person_113,2,4,2,0,2,0,2,4
Rater_6,Person_114,4,3,3,4,4,3,3,4
Rater_6,Person_115,2,4,3,4,4,3,3,4
Rater_6,Person_116,5,4,3,4,4,3,3,4
Rater_6,Person_117,4,2,2,2,3,0,3,3
Rater_6,Person_118,2,3,2,2,1,0,0,4
Rater_6,Person_119,2,1,2,2,4,0,3,3
Rater_6,Person_120,2,2,1,3,4,2,3,3
Rater_6,Person_121,3,3,4,3,2,1,3,4
Rater_6,Person_122,2,2,0,1,3,0,1,3
Rater_6,Person_123,3,4,3,2,2,2,2,4
Rater_6,Person_124,3,3,3,3,2,1,3,3
Rater_6,Person_125,5,5,5,5,5,4,5,5
Rater_6,Person_126,5,5,4,4,5,4,4,5
Rater_6,Person_127,1,2,2,1,2,2,3,2
Rater_6,Person_128,3,2,2,2,2,1,3,2
Rater_6,Person_129,2,1,0,0,2,0,0,1
Rater_6,Person_130,4,3,2,1,2,0,2,2
Rater_6,Person_131,3,2,3,2,4,2,1,3
Rater_6,Person_132,5,2,5,4,5,3,4,4
Rater_6,Person_133,1,2,2,0,1,1,3,2
Rater_6,Person_134,2,2,3,1,2,0,0,2
Rater_6,Person_135,0,0,0,0,0,0,0,1
Rater_6,Person_136,4,2,2,3,3,2,0,2
Rater_6,Person_137,2,2,1,1,0,2,2,2
Rater_6,Person_138,3,2,2,3,2,0,0,3
Rater_6,Person_139,3,2,2,1,2,1,0,2
Rater_6,Person_140,4,2,1,2,3,1,2,3
Rater_6,Person_141,1,1,1,0,1,0,0,1
Rater_6,Person_142,2,2,2,0,0,0,2,2
Rater_6,Person_143,5,3,5,5,5,4,5,5
Rater_6,Person_144,3,3,3,1,0,0,0,2
Rater_6,Person_145,2,0,2,0,1,0,1,2
Rater_6,Person_146,5,3,4,4,3,3,4,5
Rater_6,Person_147,5,5,5,4,5,4,5,5
Rater_6,Person_148,3,1,1,1,2,0,2,2
Rater_6,Person_149,3,3,2,3,1,0,2,3
Rater_6,Person_150,4,2,3,4,3,3,2,4
Rater_6,Person_151,5,4,5,4,4,2,4,4
Rater_6,Person_152,2,0,2,1,3,0,0,2
Rater_6,Person_153,3,2,3,2,2,1,3,2
Rater_6,Person_154,5,3,5,4,5,3,3,4
Rater_6,Person_155,3,3,4,4,3,2,2,4
Rater_6,Person_156,2,3,2,3,2,1,1,4
Rater_6,Person_157,3,3,2,3,4,1,3,4
Rater_6,Person_158,1,0,0,1,1,0,1,1
Rater_6,Person_159,4,1,2,2,3,2,2,3
Rater_6,Person_160,3,2,3,2,3,2,0,3
Rater_6,Person_161,3,1,3,1,3,2,3,5
Rater_6,Person_162,3,4,3,2,2,2,1,1
Rater_6,Person_163,3,3,3,3,4,1,2,3
Rater_6,Person_164,3,4,4,3,5,3,3,4
Rater_6,Person_165,4,2,4,2,4,1,2,4
Rater_6,Person_166,3,4,3,2,3,3,2,3
Rater_6,Person_167,2,3,4,1,3,2,2,4
Rater_6,Person_168,2,4,2,1,1,0,1,4
Rater_6,Person_169,1,0,2,2,3,0,1,3
Rater_6,Person_170,4,3,5,1,4,3,4,3
Rater_6,Person_171,2,4,4,2,3,1,3,3
Rater_6,Person_172,5,5,5,5,5,5,5,4
Rater_6,Person_173,5,5,5,3,3,3,4,4
Rater_6,Person_174,4,2,3,5,3,3,4,3
Rater_6,Person_175,4,1,0,2,2,0,0,3
Rater_6,Person_176,3,1,0,2,2,0,2,3
Rater_6,Person_177,4,5,5,3,4,3,4,4
Rater_6,Person_178,3,2,3,2,2,1,3,2
Rater_6,Person_179,3,4,5,3,3,2,3,5
Rater_6,Person_180,2,0,2,0,1,0,0,2
Rater_6,Person_181,4,3,5,4,3,2,3,4
Rater_6,Person_182,5,4,3,2,3,3,3,3
Rater_6,Person_183,3,1,1,2,2,1,0,3
Rater_6,Person_184,4,4,4,3,2,3,2,4
Rater_6,Person_185,4,4,3,2,3,3,2,3
Rater_6,Person_186,4,3,2,3,3,1,3,2
Rater_6,Person_187,4,4,5,2,2,0,0,3
Rater_6,Person_188,3,3,4,1,3,2,2,3
Rater_6,Person_189,3,2,2,1,4,2,2,2
Rater_6,Person_190,2,3,4,3,3,2,2,3
Rater_6,Person_191,5,4,5,4,4,3,4,5
Rater_6,Person_192,1,0,0,0,0,0,0,2
Rater_6,Person_193,2,4,3,5,2,2,0,4
Rater_6,Person_194,3,3,4,3,3,1,1,4
Rater_6,Person_195,4,4,4,2,3,3,2,3
Rater_6,Person_196,2,4,1,2,2,3,0,3
Rater_6,Person_197,0,0,0,0,0,0,1,1
Rater_6,Person_198,3,3,3,3,3,2,2,5
Rater_6,Person_199,4,3,5,4,5,3,4,5
Rater_6,Person_200,0,2,1,0,3,1,0,1
Rater_7,Person_1,4,3,3,4,2,1,2,1
Rater_7,Person_2,4,5,5,3,3,2,3,3
Rater_7,Person_3,2,3,4,1,3,0,0,4
Rater_7,Person_4,0,3,3,3,3,1,2,3
Rater_7,Person_5,2,3,3,3,0,2,3,2
Rater_7,Person_6,2,4,3,2,4,0,2,2
Rater_7,Person_7,5,4,4,5,5,3,5,2
Rater_7,Person_8,1,1,0,0,0,0,0,1
Rater_7,Person_9,4,4,5,4,4,3,3,4
Rater_7,Person_10,3,3,3,4,5,3,3,3
Rater_7,Person_11,0,4,3,2,2,3,2,1
Rater_7,Person_12,2,1,1,2,1,1,0,1
Rater_7,Person_13,1,4,4,2,4,1,1,3
Rater_7,Person_14,2,3,4,0,1,0,1,2
Rater_7,Person_15,3,5,4,3,3,3,2,3
Rater_7,Person_16,3,2,3,5,5,1,2,2
Rater_7,Person_17,5,5,5,4,3,3,4,4
Rater_7,Person_18,4,3,2,3,1,2,3,3
Rater_7,Person_19,0,3,2,3,1,0,1,1
Rater_7,Person_20,3,4,4,4,2,2,1,3
Rater_7,Person_21,3,5,4,3,4,3,2,2
Rater_7,Person_22,4,5,3,5,5,2,3,3
Rater_7,Person_23,3,4,5,4,3,2,3,4
Rater_7,Person_24,4,4,3,5,4,1,2,3
Rater_7,Person_25,5,5,5,5,5,4,4,5
Rater_7,Person_26,0,3,2,0,3,0,0,1
Rater_7,Person_27,3,2,2,3,4,3,0,3
Rater_7,Person_28,3,3,1,4,3,1,0,2
Rater_7,Person_29,1,5,3,3,3,1,0,3
Rater_7,Person_30,1,3,2,2,1,1,0,0
Rater_7,Person_31,3,3,5,4,4,1,3,4
Rater_7,Person_32,2,4,3,3,3,0,1,3
Rater_7,Person_33,3,3,3,1,1,1,1,0
Rater_7,Person_34,3,3,2,5,0,2,0,1
Rater_7,Person_35,3,4,3,4,3,2,2,3
Rater_7,Person_36,5,5,5,5,4,5,3,3
Rater_7,Person_37,5,5,5,5,5,3,4,4
Rater_7,Person_38,5,5,5,5,5,5,5,5
Rater_7,Person_39,3,4,4,3,4,1,3,4
Rater_7,Person_40,2,3,5,3,2,1,0,3
Rater_7,Person_41,1,3,0,0,0,0,0,0
Rater_7,Person_42,4,3,4,4,2,1,0,4
Rater_7,Person_43,3,3,3,2,3,0,1,1
Rater_7,Person_44,2,3,3,3,4,1,1,4
Rater_7,Person_45,0,3,2,3,1,2,2,1
Rater_7,Person_46,2,3,4,3,2,1,2,4
Rater_7,Person_47,4,4,5,4,2,4,3,4
Rater_7,Person_48,3,3,4,3,4,1,3,5
Rater_7,Person_49,3,3,1,2,2,2,1,1
Rater_7,Person_50,2,2,2,3,1,1,3,2
Rater_7,Person_51,2,2,0,1,0,0,2,1
Rater_7,Person_52,1,3,2,3,2,0,0,4
Rater_7,Person_53,2,4,3,3,3,2,1,3
Rater_7,Person_54,5,5,5,5,4,4,4,4
Rater_7,Person_55,3,3,4,4,3,3,3,2
Rater_7,Person_56,4,4,3,5,5,4,4,3
Rater_7,Person_57,2,3,4,3,4,1,1,4
Rater_7,Person_58,1,1,3,1,1,1,1,1
Rater_7,Person_59,0,2,2,1,2,2,1,0
Rater_7,Person_60,1,1,4,2,2,1,1,1
Rater_7,Person_61,5,5,5,5,5,5,4,5
Rater_7,Person_62,0,3,4,4,1,1,1,2
Rater_7,Person_63,4,4,4,5,3,3,3,5
Rater_7,Person_64,2,3,3,2,0,1,0,0
Rater_7,Person_65,4,5,5,2,4,3,4,3
Rater_7,Person_66,5,5,4,4,3,2,3,4
Rater_7,Person_67,2,3,4,3,3,0,1,4
Rater_7,Person_68,3,4,3,3,4,2,2,3
Rater_7,Person_69,2,2,2,3,4,1,1,3
Rater_7,Person_70,3,3,5,3,3,3,2,4
Rater_7,Person_71,4,1,3,3,3,0,1,1
Rater_7,Person_72,0,3,2,1,1,0,2,2
Rater_7,Person_73,1,1,1,1,3,2,0,1
Rater_7,Person_74,3,5,4,2,4,3,2,3
Rater_7,Person_75,3,4,4,5,5,3,4,3
Rater_7,Person_76,3,5,4,3,4,2,1,4
Rater_7,Person_77,3,3,3,3,1,0,2,4
Rater_7,Person_78,3,4,3,3,4,2,2,2
Rater_7,Person_79,5,4,5,4,3,4,4,4
Rater_7,Person_80,3,4,4,3,4,2,2,4
Rater_7,Person_81,2,4,2,3,3,1,1,1
Rater_7,Person_82,4,4,5,5,5,3,3,4
Rater_7,Person_83,4,4,4,3,2,3,2,5
Rater_7,Person_84,4,5,5,4,5,4,4,5
Rater_7,Person_85,2,3,3,2,3,2,3,3
Rater_7,Person_86,0,1,1,2,2,0,1,1
Rater_7,Person_87,1,2,1,0,0,0,0,0
Rater_7,Person_88,4,5,5,5,5,3,4,5
Rater_7,Person_89,5,3,5,4,5,2,3,4
Rater_7,Person_90,3,3,3,2,1,1,2,3
Rater_7,Person_91,2,4,4,2,3,0,2,3
Rater_7,Person_92,5,4,4,5,5,4,3,3
Rater_7,Person_93,1,3,2,2,3,1,1,2
Rater_7,Person_94,1,3,2,0,2,1,0,3
Rater_7,Person_95,4,4,3,3,3,2,3,3
Rater_7,Person_96,2,3,1,2,3,3,2,2
Rater_7,Person_97,4,4,3,2,2,1,2,4
Rater_7,Person_98,3,4,3,1,3,1,1,2
Rater_7,Person_99,4,4,5,3,4,2,1,5
Rater_7,Person_100,4,5,5,5,5,2,1,4
Rater_7,Person_101,3,3,3,3,5,1,0,4
Rater_7,Person_102,4,4,4,3,4,1,2,5
Rater_7,Person_103,0,0,1,0,0,0,0,1
Rater_7,Person_104,4,3,4,3,3,1,2,1
Rater_7,Person_105,1,3,2,3,1,0,1,2
Rater_7,Person_106,2,1,1,3,2,0,0,2
Rater_7,Person_107,2,1,3,1,2,1,0,2
Rater_7,Person_108,3,1,2,2,4,3,2,1
Rater_7,Person_109,3,4,3,5,4,4,3,3
Rater_7,Person_110,0,3,3,1,3,0,0,2
Rater_7,Person_111,4,4,2,3,3,2,1,4
Rater_7,Person_112,4,3,3,3,3,0,2,3
Rater_7,Person_113,3,4,3,2,3,1,1,2
Rater_7,Person_114,5,5,4,4,5,3,3,5
Rater_7,Person_115,3,4,4,4,3,3,1,3
Rater_7,Person_116,5,4,5,4,5,3,3,3
Rater_7,Person_117,3,3,3,3,3,2,1,3
Rater_7,Person_118,3,3,3,4,4,0,0,2
Rater_7,Person_119,4,3,4,0,3,2,1,3
Rater_7,Person_120,3,5,3,3,2,1,3,3
Rater_7,Person_121,2,4,5,4,4,1,2,3
Rater_7,Person_122,0,3,2,3,3,1,1,2
Rater_7,Person_123,3,4,5,3,5,1,0,3
Rater_7,Person_124,3,4,3,2,2,2,2,2
Rater_7,Person_125,5,5,5,5,5,5,5,5
Rater_7,Person_126,4,4,5,5,4,4,4,5
Rater_7,Person_127,3,2,2,2,1,0,0,2
Rater_7,Person_128,3,2,2,1,2,1,2,3
Rater_7,Person_129,0,2,1,0,0,0,0,1
Rater_7,Person_130,0,4,4,1,2,1,2,2
Rater_7,Person_131,2,4,4,3,2,1,2,3
Rater_7,Person_132,5,5,5,4,4,4,4,5
Rater_7,Person_133,3,2,3,3,0,1,0,2
Rater_7,Person_134,2,3,4,1,1,1,0,2
Rater_7,Person_135,0,0,2,0,0,0,0,0
Rater_7,Person_136,3,4,2,3,2,1,2,1
Rater_7,Person_137,1,2,3,3,1,1,0,0
Rater_7,Person_138,2,4,3,4,2,1,0,3
Rater_7,Person_139,3,0,3,1,1,1,1,2
Rater_7,Person_140,2,2,4,3,3,1,1,2
Rater_7,Person_141,1,2,2,2,1,0,0,1
Rater_7,Person_142,0,3,2,0,2,0,0,2
Rater_7,Person_143,5,5,5,4,5,4,4,4
Rater_7,Person_144,2,1,2,0,2,1,0,2
Rater_7,Person_145,1,2,2,3,1,1,0,1
Rater_7,Person_146,5,4,5,5,5,4,4,5
Rater_7,Person_147,5,5,5,5,5,4,5,5
Rater_7,Person_148,1,1,3,1,2,0,1,2
Rater_7,Person_149,3,4,3,2,3,2,1,3
Rater_7,Person_150,3,3,4,3,5,1,3,4
Rater_7,Person_151,5,5,4,5,5,5,2,4
Rater_7,Person_152,0,1,1,2,3,1,1,1
Rater_7,Person_153,4,4,3,4,4,3,1,3
Rater_7,Person_154,5,5,4,5,5,2,2,4
Rater_7,Person_155,4,5,4,4,2,1,2,5
Rater_7,Person_156,2,3,3,4,2,0,0,2
Rater_7,Person_157,3,4,3,2,3,2,3,3
Rater_7,Person_158,0,3,2,0,1,1,0,1
Rater_7,Person_159,4,3,3,3,3,3,2,3
Rater_7,Person_160,4,3,4,2,4,2,2,3
Rater_7,Person_161,3,3,5,3,3,3,3,4
Rater_7,Person_162,4,2,3,2,2,1,1,3
Rater_7,Person_163,4,5,5,4,3,2,2,5
Rater_7,Person_164,2,5,4,4,4,3,2,3
Rater_7,Person_165,4,3,5,3,3,1,2,4
Rater_7,Person_166,3,4,4,4,3,3,3,3
Rater_7,Person_167,4,4,4,3,4,2,1,3
Rater_7,Person_168,4,5,4,3,3,3,3,3
Rater_7,Person_169,3,1,3,4,3,2,2,2
Rater_7,Person_170,4,5,4,3,5,1,3,2
Rater_7,Person_171,2,4,4,2,3,3,1,3
Rater_7,Person_172,4,5,4,5,5,4,2,4
Rater_7,Person_173,4,4,5,5,4,5,4,5
Rater_7,Person_174,3,4,5,4,4,3,4,3
Rater_7,Person_175,3,3,3,2,1,2,1,1
Rater_7,Person_176,3,1,0,1,0,0,0,3
Rater_7,Person_177,5,5,5,4,5,3,4,4
Rater_7,Person_178,4,3,4,3,5,2,0,4
Rater_7,Person_179,4,5,5,4,4,2,1,4
Rater_7,Person_180,2,0,1,0,1,0,0,1
Rater_7,Person_181,3,4,4,5,4,4,1,5
Rater_7,Person_182,5,3,4,3,4,2,3,3
Rater_7,Person_183,1,3,3,3,1,1,1,2
Rater_7,Person_184,3,3,3,1,2,0,0,3
Rater_7,Person_185,2,3,4,4,4,2,2,3
Rater_7,Person_186,3,4,4,4,4,1,2,1
Rater_7,Person_187,2,3,3,2,1,1,2,2
Rater_7,Person_188,4,5,3,2,4,3,0,4
Rater_7,Person_189,4,3,2,3,3,2,2,2
Rater_7,Person_190,2,4,4,4,5,3,4,2
Rater_7,Person_191,5,5,5,4,3,4,5,4
Rater_7,Person_192,2,1,2,0,2,0,0,0
Rater_7,Person_193,3,2,3,3,3,1,1,3
Rater_7,Person_194,4,5,5,5,5,3,1,2
Rater_7,Person_195,3,4,4,4,3,3,2,2
Rater_7,Person_196,2,4,3,4,4,3,2,2
Rater_7,Person_197,1,3,0,1,1,0,0,1
Rater_7,Person_198,3,3,4,3,5,1,3,4
Rater_7,Person_199,3,5,5,5,5,2,4,5
Rater_7,Person_200,1,2,3,0,3,0,0,2
Rater_8,Person_1,2,2,3,2,4,3,0,3
Rater_8,Person_2,4,4,5,3,3,2,4,4
Rater_8,Person_3,1,2,2,1,2,1,0,2
Rater_8,Person_4,2,3,4,2,3,2,0,2
Rater_8,Person_5,2,0,2,1,3,1,0,1
Rater_8,Person_6,2,3,3,1,0,2,0,1
Rater_8,Person_7,5,4,5,3,4,3,2,4
Rater_8,Person_8,1,0,0,0,1,1,0,0
Rater_8,Person_9,4,2,4,3,4,3,2,3
Rater_8,Person_10,4,2,4,3,1,3,3,3
Rater_8,Person_11,3,3,5,3,2,1,0,1
Rater_8,Person_12,2,1,3,1,2,0,0,0
Rater_8,Person_13,3,2,4,3,1,2,1,2
Rater_8,Person_14,2,3,4,2,2,0,0,0
Rater_8,Person_15,2,3,5,3,3,2,3,3
Rater_8,Person_16,3,3,3,3,3,2,1,3
Rater_8,Person_17,4,5,4,5,3,3,4,4
Rater_8,Person_18,3,2,3,2,2,1,1,3
Rater_8,Person_19,1,1,1,3,2,1,0,1
Rater_8,Person_20,4,3,4,2,2,1,1,4
Rater_8,Person_21,4,3,3,4,3,3,3,3
Rater_8,Person_22,4,4,4,3,4,4,3,4
Rater_8,Person_23,4,4,4,3,5,3,2,3
Rater_8,Person_24,5,4,4,2,3,3,2,3
Rater_8,Person_25,3,5,4,4,5,5,5,4
Rater_8,Person_26,1,1,3,0,2,0,1,0
Rater_8,Person_27,1,1,2,2,2,0,1,0
Rater_8,Person_28,2,2,1,2,3,1,0,0
Rater_8,Person_29,4,2,3,2,2,0,1,3
Rater_8,Person_30,1,1,2,2,2,0,1,0
Rater_8,Person_31,3,5,4,4,4,3,2,4
Rater_8,Person_32,4,5,4,3,1,3,1,2
Rater_8,Person_33,0,0,4,0,1,0,0,0
Rater_8,Person_34,1,1,3,0,1,0,0,2
Rater_8,Person_35,4,3,4,3,3,2,2,3
Rater_8,Person_36,4,4,3,2,4,2,0,4
Rater_8,Person_37,4,4,5,5,5,3,4,4
Rater_8,Person_38,5,5,5,5,5,5,5,5
Rater_8,Person_39,4,3,4,4,3,2,1,3
Rater_8,Person_40,4,0,1,1,2,0,0,0
Rater_8,Person_41,0,1,2,1,1,0,0,0
Rater_8,Person_42,4,4,4,3,3,0,0,2
Rater_8,Person_43,1,2,2,2,1,1,1,3
Rater_8,Person_44,2,2,5,2,3,0,3,4
Rater_8,Person_45,2,2,2,1,1,1,1,0
Rater_8,Person_46,4,2,5,2,4,1,0,4
Rater_8,Person_47,5,4,5,4,3,4,3,4
Rater_8,Person_48,4,4,3,3,3,2,2,2
Rater_8,Person_49,2,1,4,0,2,1,1,0
Rater_8,Person_50,2,1,2,0,1,1,0,1
Rater_8,Person_51,0,0,0,0,0,1,0,0
Rater_8,Person_52,2,1,0,2,2,1,1,3
Rater_8,Person_53,4,4,3,3,3,2,2,2
Rater_8,Person_54,5,5,3,4,4,3,4,4
Rater_8,Person_55,4,3,4,2,4,3,3,2
Rater_8,Person_56,4,4,4,3,4,2,3,5
Rater_8,Person_57,3,4,3,3,1,1,1,2
Rater_8,Person_58,2,2,2,2,2,0,0,0
Rater_8,Person_59,2,0,3,2,1,2,0,0
Rater_8,Person_60,2,2,3,3,0,1,1,2
Rater_8,Person_61,4,4,5,3,5,3,5,5
Rater_8,Person_62,3,0,1,1,3,1,0,2
Rater_8,Person_63,5,3,4,3,4,3,3,4
Rater_8,Person_64,2,1,3,2,1,0,0,1
Rater_8,Person_65,4,5,4,3,5,4,2,4
Rater_8,Person_66,4,3,3,3,4,3,2,2
Rater_8,Person_67,3,3,2,3,3,3,1,2
Rater_8,Person_68,2,3,4,3,1,3,1,2
Rater_8,Person_69,3,2,4,1,0,1,0,3
Rater_8,Person_70,4,2,3,3,3,1,2,3
Rater_8,Person_71,3,4,3,2,3,1,1,2
Rater_8,Person_72,2,1,3,0,1,1,0,1
Rater_8,Person_73,1,1,1,0,2,0,2,1
Rater_8,Person_74,3,3,4,3,4,2,1,4
Rater_8,Person_75,5,4,4,5,3,1,3,4
Rater_8,Person_76,3,4,3,3,4,2,1,2
Rater_8,Person_77,3,3,3,1,2,2,1,2
Rater_8,Person_78,4,3,5,3,3,3,2,4
Rater_8,Person_79,3,4,4,4,5,3,3,5
Rater_8,Person_80,2,5,3,4,3,3,3,3
Rater_8,Person_81,0,3,3,2,2,2,1,0
Rater_8,Person_82,4,4,4,4,4,4,2,3
Rater_8,Person_83,3,3,4,5,4,3,3,3
Rater_8,Person_84,5,5,5,4,5,4,4,4
Rater_8,Person_85,3,2,3,3,2,2,1,3
Rater_8,Person_86,2,2,3,0,3,0,0,1
Rater_8,Person_87,3,1,2,0,0,0,0,0
Rater_8,Person_88,4,5,5,5,4,3,3,4
Rater_8,Person_89,4,5,5,3,4,3,4,3
Rater_8,Person_90,2,2,4,2,2,0,1,2
Rater_8,Person_91,2,2,3,3,4,0,3,4
Rater_8,Person_92,3,4,5,4,4,4,4,4
Rater_8,Person_93,2,1,3,1,2,2,1,0
Rater_8,Person_94,3,2,3,0,2,0,0,1
Rater_8,Person_95,3,5,3,2,4,2,3,3
Rater_8,Person_96,2,1,3,1,2,2,1,2
Rater_8,Person_97,3,0,5,3,4,3,2,2
Rater_8,Person_98,3,2,4,3,2,1,2,1
Rater_8,Person_99,3,4,4,3,4,1,2,3
Rater_8,Person_100,4,4,5,5,4,4,4,4
Rater_8,Person_101,4,4,3,3,3,1,2,4
Rater_8,Person_102,4,4,4,3,3,3,1,4
Rater_8,Person_103,0,0,1,1,1,0,0,0
Rater_8,Person_104,3,3,3,3,3,0,2,1
Rater_8,Person_105,0,3,2,2,2,0,0,0
Rater_8,Person_106,2,1,3,0,2,1,2,2
Rater_8,Person_107,3,3,1,0,3,0,0,1
Rater_8,Person_108,3,2,3,3,2,0,0,3
Rater_8,Person_109,4,3,5,5,4,4,3,4
Rater_8,Person_110,1,0,1,0,1,0,0,1
Rater_8,Person_111,4,3,3,2,2,0,0,2
Rater_8,Person_112,1,1,5,1,3,1,1,2
Rater_8,Person_113,4,3,4,2,1,0,1,3
Rater_8,Person_114,3,5,3,3,4,4,4,4
Rater_8,Person_115,4,3,4,3,4,3,3,3
Rater_8,Person_116,4,4,4,4,4,3,3,4
Rater_8,Person_117,2,3,3,2,4,0,2,3
Rater_8,Person_118,3,1,2,2,3,1,1,1
Rater_8,Person_119,4,3,4,2,2,1,1,0
Rater_8,Person_120,3,2,3,4,3,2,2,4
Rater_8,Person_121,3,2,4,5,4,2,1,3
Rater_8,Person_122,0,1,2,2,2,0,1,2
Rater_8,Person_123,2,3,5,2,3,1,1,5
Rater_8,Person_124,4,4,3,3,3,2,2,4
Rater_8,Person_125,5,5,5,4,5,4,5,4
Rater_8,Person_126,5,4,5,5,4,4,4,5
Rater_8,Person_127,0,2,2,0,1,1,0,3
Rater_8,Person_128,3,3,3,1,3,3,1,2
Rater_8,Person_129,1,0,1,0,1,1,0,0
Rater_8,Person_130,3,3,3,1,1,1,1,2
Rater_8,Person_131,4,1,4,3,2,2,3,3
Rater_8,Person_132,4,4,3,4,4,4,4,4
Rater_8,Person_133,1,2,3,3,2,1,0,1
Rater_8,Person_134,1,1,3,1,2,0,1,1
Rater_8,Person_135,0,0,0,0,1,0,0,0
Rater_8,Person_136,2,3,2,2,4,3,1,3
Rater_8,Person_137,1,1,2,1,0,0,0,0
Rater_8,Person_138,2,1,3,2,3,1,0,2
Rater_8,Person_139,1,0,3,3,1,3,0,1
Rater_8,Person_140,3,3,3,3,3,2,0,4
Rater_8,Person_141,1,1,1,1,0,1,0,1
Rater_8,Person_142,1,2,1,0,2,0,0,0
Rater_8,Person_143,4,5,5,5,4,4,3,5
Rater_8,Person_144,0,2,1,1,2,1,0,1
Rater_8,Person_145,1,0,3,3,3,1,0,0
Rater_8,Person_146,5,5,5,5,4,3,4,4
Rater_8,Person_147,5,5,5,4,5,5,4,5
Rater_8,Person_148,1,1,1,1,2,0,1,0
Rater_8,Person_149,3,2,3,3,3,1,0,2
Rater_8,Person_150,4,4,5,4,2,3,3,2
Rater_8,Person_151,4,4,4,3,5,4,3,4
Rater_8,Person_152,0,2,1,1,1,0,1,2
Rater_8,Person_153,3,2,4,1,3,1,2,1
Rater_8,Person_154,5,4,5,2,3,3,3,4
Rater_8,Person_155,4,3,4,3,3,3,3,4
Rater_8,Person_156,3,2,4,2,3,0,3,2
Rater_8,Person_157,4,3,5,2,2,3,1,2
Rater_8,Person_158,1,1,2,0,0,0,0,0
Rater_8,Person_159,4,3,5,3,3,0,3,2
Rater_8,Person_160,3,1,3,3,4,1,2,1
Rater_8,Person_161,2,2,4,2,3,4,3,4
Rater_8,Person_162,3,0,2,2,2,2,1,3
Rater_8,Person_163,3,3,3,2,4,2,3,4
Rater_8,Person_164,4,5,5,4,5,2,3,4
Rater_8,Person_165,1,3,4,1,4,3,2,3
Rater_8,Person_166,3,4,4,3,2,3,3,2
Rater_8,Person_167,3,4,4,2,3,2,0,3
Rater_8,Person_168,4,3,3,3,3,3,3,1
Rater_8,Person_169,3,4,2,2,2,0,1,1
Rater_8,Person_170,4,4,3,3,3,1,1,3
Rater_8,Person_171,4,2,3,2,2,2,3,2
Rater_8,Person_172,5,5,5,4,5,4,4,4
Rater_8,Person_173,3,5,4,4,4,4,5,4
Rater_8,Person_174,4,4,3,4,2,2,1,4
Rater_8,Person_175,2,2,1,2,3,0,2,1
Rater_8,Person_176,3,3,2,1,1,0,0,0
Rater_8,Person_177,4,4,5,3,4,3,3,4
Rater_8,Person_178,3,3,4,3,3,3,1,3
Rater_8,Person_179,4,4,4,2,4,3,3,2
Rater_8,Person_180,0,1,1,0,0,0,0,0
Rater_8,Person_181,4,5,4,5,4,2,2,5
Rater_8,Person_182,5,3,4,4,3,3,4,3
Rater_8,Person_183,1,2,2,0,3,0,1,1
Rater_8,Person_184,3,3,4,1,3,0,1,1
Rater_8,Person_185,3,3,3,2,3,2,2,3
Rater_8,Person_186,3,2,4,3,3,0,2,3
Rater_8,Person_187,4,2,3,2,3,0,1,2
Rater_8,Person_188,4,4,4,3,3,2,2,4
Rater_8,Person_189,3,4,4,4,2,0,1,4
Rater_8,Person_190,1,1,4,4,3,0,1,3
Rater_8,Person_191,4,3,5,5,4,4,4,4
Rater_8,Person_192,0,1,0,0,0,0,0,0
Rater_8,Person_193,1,3,5,1,2,3,1,2
Rater_8,Person_194,4,3,4,4,2,2,1,2
Rater_8,Person_195,1,3,4,3,3,2,1,3
Rater_8,Person_196,4,1,2,2,2,1,0,2
Rater_8,Person_197,0,2,2,0,1,1,0,0
Rater_8,Person_198,3,4,3,2,4,1,3,3
Rater_8,Person_199,5,5,5,5,4,4,2,4
Rater_8,Person_200,1,2,1,1,0,0,0,0
