,Estimate,CSEM,Score,Max score,p,Infit MS,Infit Z,Outfit MS,Outfit Z
Person_1,0.787,0.612,9,14,0.643,0.685,-1.48,0.566,-1.068
Person_2,1.36,0.794,9,11,0.818,0.922,-0.06,0.895,0.114
Person_3,0.331,0.635,8,13,0.615,0.593,-1.706,0.514,-1.446
Person_4,2.112,0.949,10,11,0.909,1.08,0.33,1.913,1.01
Person_5,-1.825,0.777,2,14,0.143,0.495,-1.166,0.297,-1.094
Person_6,-2.487,0.933,1,14,0.071,0.568,-0.606,0.254,-0.598
Person_7,0.015,0.761,4,8,0.5,1.272,1.054,1.338,1.096
Person_8,0.326,0.682,6,11,0.545,0.816,-0.642,0.724,-0.634
Person_9,-2.797,,0,13,0.0,,,,
Person_10,-0.889,0.764,3,10,0.3,0.997,0.112,0.833,-0.161
Person_11,-1.873,0.817,2,12,0.167,0.816,-0.299,0.514,-0.405
Person_12,2.273,0.902,10,11,0.909,0.79,-0.15,0.746,-0.09
Person_13,1.194,0.711,8,11,0.727,0.704,-1.139,0.547,-0.66
Person_14,-2.254,1.022,1,9,0.111,1.123,0.398,0.834,0.254
Person_15,-0.633,0.635,5,13,0.385,0.763,-0.831,0.832,-0.394
Person_16,-2.179,0.788,2,13,0.154,0.636,-0.861,0.371,-0.612
Person_17,-0.989,0.656,4,15,0.267,0.411,-2.021,0.323,-1.82
Person_18,-0.404,0.678,5,11,0.455,0.549,-1.781,0.499,-1.74
Person_19,-0.14,0.613,6,13,0.462,0.699,-1.295,0.653,-1.325
Person_20,1.306,0.68,10,13,0.769,1.268,0.883,1.378,0.785
Person_21,-2.654,0.921,1,15,0.067,0.52,-0.701,0.227,-0.682
Person_22,-2.301,0.931,1,11,0.091,0.986,0.185,1.393,0.691
Person_23,-1.511,0.744,3,11,0.273,0.8,-0.528,0.587,-0.605
Person_24,-2.126,1.047,1,8,0.125,0.544,-0.77,0.296,-0.386
Person_25,2.32,,11,11,1.0,,,,
Person_26,2.566,0.897,13,14,0.929,0.692,-0.331,0.425,-0.2
Person_27,0.02,0.63,5,12,0.417,1.35,1.408,1.505,1.693
Person_28,1.381,0.684,10,13,0.769,0.771,-0.713,0.585,-0.551
Person_29,-1.937,0.783,2,14,0.143,0.831,-0.228,0.623,-0.313
Person_30,-1.195,0.695,3,13,0.231,1.21,0.666,1.039,0.248
Person_31,1.376,0.82,7,9,0.778,0.878,-0.206,0.674,-0.303
Person_32,0.128,0.646,5,11,0.455,0.976,-0.043,0.936,-0.163
Person_33,-1.194,0.679,4,12,0.333,0.77,-0.764,0.668,-0.641
Person_34,-0.735,0.726,3,11,0.273,1.414,1.148,1.654,1.315
Person_35,-0.573,0.661,4,13,0.308,1.103,0.412,1.126,0.437
Person_36,1.396,0.702,9,12,0.75,0.987,0.055,0.743,-0.25
Person_37,0.668,0.755,6,9,0.667,0.748,-0.88,0.627,-0.775
Person_38,0.446,0.568,8,15,0.533,0.847,-0.742,0.761,-0.755
Person_39,2.392,,12,12,1.0,,,,
Person_40,-0.711,0.737,3,10,0.3,0.62,-1.204,0.523,-1.187
Person_41,-2.52,,0,8,0.0,,,,
Person_42,1.254,0.634,9,13,0.692,1.043,0.266,2.026,1.763
Person_43,-0.363,0.626,5,13,0.385,1.369,1.323,1.359,1.119
Person_44,-2.024,0.966,1,10,0.1,1.094,0.354,1.446,0.727
Person_45,-3.021,,0,14,0.0,,,,
Person_46,-1.191,0.721,3,11,0.273,0.718,-0.823,0.568,-0.891
Person_47,0.174,0.713,5,10,0.5,0.988,0.063,0.956,-0.004
Person_48,-2.745,,0,15,0.0,,,,
Person_49,-0.323,0.799,3,8,0.375,0.99,0.086,0.921,-0.062
Person_50,0.402,0.646,7,12,0.583,1.343,1.292,1.488,1.353
Person_51,-0.866,0.684,4,12,0.333,1.073,0.331,1.254,0.681
Person_52,1.495,0.696,9,12,0.75,1.399,1.333,2.337,1.729
Person_53,-1.754,0.803,2,11,0.182,0.845,-0.211,0.753,-0.181
Person_54,-0.196,0.676,5,11,0.455,0.782,-0.717,0.713,-0.882
Person_55,0.324,0.592,9,15,0.6,0.957,-0.091,1.202,0.657
Person_56,0.152,0.596,7,14,0.5,0.644,-1.72,0.573,-1.502
Person_57,-0.24,0.58,7,15,0.467,0.974,-0.028,1.011,0.135
Person_58,1.704,0.757,11,13,0.846,1.15,0.478,2.117,1.318
Person_59,-0.684,0.828,2,8,0.25,1.009,0.149,0.88,-0.076
Person_60,1.3,0.723,7,10,0.7,1.054,0.289,1.375,0.767
Person_61,-0.064,0.625,7,13,0.538,1.151,0.638,1.186,0.648
Person_62,0.287,0.614,7,13,0.538,1.212,0.959,1.155,0.556
Person_63,0.305,0.829,3,7,0.429,0.861,-0.397,0.795,-0.391
Person_64,0.132,0.623,7,13,0.538,1.188,0.781,1.226,0.75
Person_65,0.934,0.72,7,10,0.7,0.755,-0.837,0.635,-0.821
Person_66,1.259,0.68,11,14,0.786,1.029,0.197,1.01,0.222
Person_67,-0.856,0.703,4,11,0.364,0.814,-0.508,0.718,-0.602
Person_68,2.452,,12,12,1.0,,,,
Person_69,-1.581,0.722,3,13,0.231,0.594,-1.229,0.399,-0.992
Person_70,-1.111,0.711,3,13,0.231,0.882,-0.201,0.732,-0.353
Person_71,1.174,0.617,11,15,0.733,0.872,-0.441,0.682,-0.507
Person_72,0.786,0.545,11,17,0.647,1.133,0.727,1.358,1.052
Person_73,-1.09,0.663,4,13,0.308,1.272,0.935,1.226,0.605
Person_74,-0.444,0.743,3,9,0.333,1.144,0.569,1.083,0.339
Person_75,-0.699,0.698,5,10,0.5,0.894,-0.321,0.843,-0.388
Person_76,0.177,0.618,5,12,0.417,1.12,0.619,1.156,0.724
Person_77,-0.926,0.647,4,14,0.286,0.599,-1.322,0.5,-1.343
Person_78,1.595,0.795,8,10,0.8,0.703,-0.727,0.515,-0.539
Person_79,1.36,0.705,7,10,0.7,1.125,0.538,1.174,0.559
Person_80,2.347,,10,10,1.0,,,,
Person_81,-0.378,0.673,5,11,0.455,0.56,-1.913,0.501,-1.667
Person_82,-2.121,0.92,1,13,0.077,0.844,-0.039,0.635,-0.143
Person_83,-2.729,,0,12,0.0,,,,
Person_84,0.833,0.702,7,11,0.636,0.761,-0.892,0.604,-0.695
Person_85,-0.669,0.696,4,10,0.4,1.16,0.654,1.132,0.503
Person_86,2.529,0.892,14,15,0.933,0.676,-0.357,0.395,-0.246
Person_87,1.6,0.672,11,14,0.786,0.79,-0.629,0.587,-0.486
Person_88,-1.784,0.958,1,11,0.091,1.011,0.228,0.953,0.268
Person_89,-0.322,0.602,6,14,0.429,1.285,1.099,1.364,1.186
Person_90,0.143,0.646,7,12,0.583,1.293,1.168,1.505,1.362
Person_91,1.393,0.6,13,17,0.765,1.352,1.244,2.002,1.665
Person_92,-0.287,0.672,5,12,0.417,0.983,0.057,0.992,0.1
Person_93,2.113,0.956,9,10,0.9,0.713,-0.346,0.427,-0.228
Person_94,0.245,0.605,7,13,0.538,0.965,-0.091,0.919,-0.207
Person_95,0.129,0.616,8,14,0.571,0.65,-1.345,0.58,-1.308
Person_96,-0.222,0.799,4,8,0.5,0.784,-0.551,0.705,-0.685
Person_97,-2.091,,0,9,0.0,,,,
Person_98,0.794,0.659,8,12,0.667,1.063,0.331,0.918,-0.036
Person_99,2.377,0.907,13,14,0.929,0.676,-0.367,0.376,-0.344
Person_100,-0.124,0.734,5,10,0.5,0.93,-0.087,0.976,0.075
Person_101,-1.894,0.772,2,13,0.154,0.534,-1.109,0.339,-1.025
Person_102,-0.598,0.603,6,14,0.429,1.035,0.222,1.026,0.186
Person_103,-0.529,0.668,4,11,0.364,0.744,-0.978,0.736,-0.79
Person_104,2.147,0.933,11,12,0.917,0.561,-0.653,0.291,-0.438
Person_105,-0.958,0.888,2,7,0.286,0.927,-0.046,0.753,-0.318
Person_106,-2.581,,0,11,0.0,,,,
Person_107,1.85,,8,8,1.0,,,,
Person_108,-2.456,0.953,1,11,0.091,0.877,-0.012,0.601,-0.054
Person_109,0.252,0.608,8,14,0.571,1.017,0.152,1.083,0.347
Person_110,-1.191,0.701,3,13,0.231,0.724,-0.708,0.649,-0.587
Person_111,-1.325,0.793,2,11,0.182,0.919,-0.048,0.684,-0.32
Person_112,2.178,0.963,9,10,0.9,0.752,-0.279,0.449,-0.116
Person_113,0.184,0.643,6,12,0.5,0.771,-0.918,0.678,-0.99
Person_114,1.192,0.714,8,11,0.727,0.814,-0.603,0.64,-0.457
Person_115,1.355,0.689,11,14,0.786,0.801,-0.569,0.548,-0.56
Person_116,-2.167,,0,10,0.0,,,,
Person_117,-1.133,0.623,4,16,0.25,0.92,-0.149,1.009,0.172
Person_118,0.804,0.655,9,13,0.692,0.909,-0.245,0.717,-0.501
Person_119,2.194,0.923,11,12,0.917,0.602,-0.555,0.332,-0.388
Person_120,-0.573,0.71,3,11,0.273,1.11,0.422,0.999,0.137
Person_121,-1.067,0.9,2,9,0.222,1.029,0.233,0.979,0.206
Person_122,2.422,,10,10,1.0,,,,
Person_123,1.173,0.612,12,16,0.75,0.805,-0.694,0.609,-0.665
Person_124,-0.672,0.684,4,11,0.364,0.788,-0.697,0.802,-0.439
Person_125,-0.612,0.629,5,14,0.357,0.896,-0.24,0.859,-0.289
Person_126,0.759,0.623,8,13,0.615,0.996,0.051,0.861,-0.194
Person_127,1.771,0.782,9,11,0.818,0.759,-0.548,0.535,-0.353
Person_128,-0.723,0.692,4,12,0.333,0.46,-1.896,0.386,-1.707
Person_129,-0.251,0.712,4,9,0.444,1.132,0.617,1.085,0.397
Person_130,-0.827,0.679,4,12,0.333,0.876,-0.316,0.828,-0.281
Person_131,-0.32,0.643,5,12,0.417,0.626,-1.552,0.58,-1.508
Person_132,1.364,0.843,6,8,0.75,0.874,-0.268,0.679,-0.257
Person_133,2.329,0.899,13,14,0.929,0.877,0.012,1.045,0.419
Person_134,-2.282,0.976,1,10,0.1,0.484,-0.843,0.261,-0.717
Person_135,-2.19,0.96,1,11,0.091,0.579,-0.625,0.296,-0.55
Person_136,1.178,0.623,11,15,0.733,1.005,0.109,0.83,-0.187
Person_137,-1.596,0.932,1,10,0.1,0.753,-0.241,0.544,-0.353
Person_138,-1.063,0.664,4,13,0.308,0.618,-1.307,0.516,-1.183
Person_139,-1.224,0.669,4,13,0.308,1.586,1.743,2.565,2.375
Person_140,2.144,0.914,11,12,0.917,0.714,-0.302,0.464,-0.284
Person_141,1.642,0.772,11,13,0.846,0.913,-0.073,0.605,-0.251
Person_142,0.881,0.729,8,11,0.727,1.165,0.591,2.016,1.573
Person_143,0.287,0.648,7,12,0.583,1.221,0.901,1.101,0.39
Person_144,1.743,0.757,11,13,0.846,0.866,-0.183,0.659,-0.219
Person_145,0.612,0.615,8,13,0.615,1.413,1.748,2.009,2.299
Person_146,0.054,0.541,8,17,0.471,1.232,1.053,1.318,1.17
Person_147,-2.561,0.946,1,12,0.083,0.541,-0.696,0.266,-0.588
Person_148,2.284,0.92,11,12,0.917,0.766,-0.21,0.518,-0.138
Person_149,1.709,0.757,11,13,0.846,0.953,0.033,0.731,-0.15
Person_150,0.392,0.644,8,13,0.615,0.769,-0.812,0.7,-0.683
Person_151,-0.188,0.56,8,16,0.5,0.772,-0.987,0.739,-0.953
Person_152,2.683,,11,11,1.0,,,,
Person_153,0.688,0.602,9,14,0.643,0.677,-1.52,0.583,-1.245
Person_154,-0.804,0.622,5,14,0.357,0.765,-0.822,0.675,-0.843
Person_155,0.103,0.595,7,14,0.5,1.128,0.591,1.088,0.391
Person_156,-0.04,0.614,6,13,0.462,0.734,-1.104,0.681,-1.16
Person_157,0.847,0.663,8,12,0.667,0.918,-0.238,0.753,-0.464
Person_158,-1.41,0.684,3,15,0.2,0.932,-0.049,1.31,0.699
Person_159,-1.175,0.641,4,14,0.286,0.98,0.038,0.966,0.062
Person_160,-1.881,0.925,1,12,0.083,0.942,0.125,1.059,0.357
Person_161,-0.486,0.669,5,12,0.417,1.592,1.743,1.79,1.817
Person_162,-0.561,0.616,5,14,0.357,0.855,-0.459,0.79,-0.539
Person_163,-1.209,0.673,4,13,0.308,0.886,-0.275,0.875,-0.097
Person_164,0.49,0.638,8,13,0.615,0.819,-0.611,0.721,-0.681
Person_165,2.021,1.005,7,8,0.875,0.813,-0.193,0.515,0.005
Person_166,-0.668,0.732,3,10,0.3,1.064,0.299,0.928,-0.033
Person_167,1.075,0.904,4,6,0.667,0.891,-0.221,0.806,-0.294
Person_168,0.382,0.756,7,10,0.7,1.568,1.518,1.921,1.585
Person_169,-2.101,0.788,2,14,0.143,0.594,-0.915,0.325,-0.873
Person_170,-0.465,0.736,4,10,0.4,1.211,0.694,1.225,0.638
Person_171,1.017,0.585,10,15,0.667,0.929,-0.272,0.823,-0.324
Person_172,-0.365,0.626,6,13,0.462,0.923,-0.214,0.893,-0.236
Person_173,-0.204,0.827,3,7,0.429,1.113,0.454,1.039,0.226
Person_174,1.97,0.748,12,14,0.857,0.936,-0.001,1.148,0.442
Person_175,-0.175,0.684,5,11,0.455,1.239,0.837,1.166,0.565
Person_176,1.843,0.771,9,11,0.818,0.996,0.128,1.118,0.397
Person_177,-1.973,0.808,2,11,0.182,0.676,-0.743,0.44,-0.587
Person_178,1.249,0.691,9,12,0.75,0.953,-0.062,0.947,0.087
Person_179,1.09,0.725,8,11,0.727,0.733,-0.856,0.561,-0.676
Person_180,-1.418,0.627,4,17,0.235,1.03,0.201,0.936,0.054
Person_181,-1.904,,0,8,0.0,,,,
Person_182,-1.793,0.689,3,15,0.2,1.031,0.205,0.826,-0.043
Person_183,-2.048,0.776,2,14,0.143,0.573,-0.977,0.332,-0.871
Person_184,-2.166,1.009,1,9,0.111,0.955,0.125,0.598,-0.085
Person_185,-0.607,0.701,4,11,0.364,0.723,-0.832,0.716,-0.652
Person_186,-2.74,,0,14,0.0,,,,
Person_187,2.559,0.902,11,12,0.917,0.95,0.13,2.654,1.572
Person_188,-0.637,0.641,5,13,0.385,0.965,-0.029,0.987,0.091
Person_189,-1.191,0.641,4,16,0.25,1.197,0.655,1.219,0.577
Person_190,0.727,0.598,10,15,0.667,1.054,0.298,1.253,0.699
Person_191,0.878,0.64,8,12,0.667,0.732,-1.239,0.639,-1.014
Person_192,1.043,0.664,8,12,0.667,1.169,0.748,1.568,1.131
Person_193,-1.777,0.965,1,10,0.1,0.484,-0.833,0.27,-0.831
Person_194,2.166,,11,11,1.0,,,,
Person_195,1.26,0.621,11,15,0.733,1.043,0.25,0.864,-0.102
Person_196,-1.501,0.727,3,12,0.25,0.508,-1.639,0.372,-1.168
Person_197,0.634,0.627,8,13,0.615,0.768,-1.027,0.653,-0.841
Person_198,0.629,0.718,6,10,0.6,1.02,0.162,0.932,0.004
Person_199,-1.418,0.826,2,11,0.182,0.799,-0.288,0.563,-0.507
Person_200,0.255,0.701,5,10,0.5,1.248,0.959,1.645,1.579
Person_201,0.325,0.706,6,10,0.6,1.287,1.102,1.192,0.579
Person_202,-2.709,,0,15,0.0,,,,
Person_203,-0.738,0.729,3,11,0.273,1.14,0.487,1.179,0.515
Person_204,-0.027,0.69,5,10,0.5,1.279,1.091,1.376,1.214
Person_205,0.847,0.639,8,12,0.667,1.057,0.322,1.021,0.178
Person_206,0.865,0.679,8,12,0.667,1.167,0.69,1.386,0.827
Person_207,2.392,0.893,13,14,0.929,0.739,-0.234,0.524,-0.207
Person_208,-0.008,0.68,5,11,0.455,0.947,-0.087,0.881,-0.247
Person_209,1.625,0.659,13,16,0.812,0.836,-0.412,0.617,-0.4
Person_210,-2.61,0.924,1,16,0.062,1.017,0.243,1.722,0.902
Person_211,-1.429,0.635,4,15,0.267,1.107,0.446,0.835,-0.196
Person_212,1.047,0.626,10,14,0.714,1.047,0.261,0.881,-0.14
Person_213,-2.037,0.785,2,13,0.154,1.002,0.155,1.956,1.235
Person_214,-1.402,0.787,2,12,0.167,1.15,0.468,1.087,0.351
Person_215,0.908,0.598,9,14,0.643,1.243,1.167,1.335,0.906
Person_216,0.911,0.74,7,10,0.7,0.656,-1.243,0.525,-0.83
Person_217,2.446,,11,11,1.0,,,,
Person_218,0.717,0.614,8,13,0.615,1.188,0.857,1.176,0.622
Person_219,-0.531,0.659,5,12,0.417,0.844,-0.459,0.752,-0.669
Person_220,1.393,0.679,11,14,0.786,0.713,-0.882,0.505,-0.738
Person_221,0.669,0.722,8,11,0.727,1.15,0.557,0.95,0.085
Person_222,0.459,0.605,7,13,0.538,0.989,0.014,0.942,-0.096
Person_223,-2.474,0.95,1,11,0.091,0.896,0.032,0.654,0.005
Person_224,-1.441,0.731,3,12,0.25,0.834,-0.371,0.649,-0.443
Person_225,0.753,0.687,7,11,0.636,1.299,1.166,1.633,1.278
Person_226,-1.49,0.751,3,11,0.273,0.811,-0.493,0.581,-0.562
Person_227,0.644,0.626,7,12,0.583,0.956,-0.162,0.918,-0.135
Person_228,0.212,0.542,9,17,0.529,0.831,-0.786,0.758,-0.808
Person_229,-0.105,0.628,6,13,0.462,1.356,1.266,1.539,1.534
Person_230,1.423,0.672,11,14,0.786,0.913,-0.161,0.697,-0.382
Person_231,0.361,0.686,7,11,0.636,1.073,0.357,0.954,0.03
Person_232,0.58,0.643,7,12,0.583,0.73,-1.182,0.649,-0.995
Person_233,0.784,0.761,6,9,0.667,0.908,-0.269,0.793,-0.203
Person_234,-0.1,0.629,7,13,0.538,0.521,-2.094,0.463,-1.916
Person_235,0.065,0.732,4,9,0.444,1.085,0.397,1.089,0.361
Person_236,0.182,0.791,4,8,0.5,1.108,0.429,1.02,0.181
Person_237,-0.099,0.687,5,11,0.455,0.918,-0.173,0.917,-0.121
Person_238,0.616,0.651,7,12,0.583,0.994,0.06,0.973,0.06
Person_239,-0.822,0.65,4,14,0.286,0.841,-0.407,1.042,0.241
Person_240,1.664,0.67,10,13,0.769,0.864,-0.364,0.691,-0.42
Person_241,0.86,0.659,9,13,0.692,0.872,-0.429,0.671,-0.53
Person_242,0.637,0.648,7,12,0.583,0.916,-0.321,0.784,-0.393
Person_243,-0.079,0.686,6,11,0.545,0.441,-2.278,0.406,-2.014
Person_244,1.36,0.683,10,13,0.769,0.776,-0.665,0.577,-0.639
Person_245,-1.028,0.675,4,14,0.286,1.174,0.571,1.09,0.341
Person_246,0.77,0.616,9,14,0.643,1.0,0.081,0.957,0.047
Person_247,-0.305,0.622,6,13,0.462,0.603,-1.674,0.547,-1.705
Person_248,0.387,0.734,6,10,0.6,0.54,-1.691,0.456,-1.29
Person_249,-2.682,,0,11,0.0,,,,
Person_250,0.36,0.646,6,11,0.545,1.444,2.086,1.569,1.767
Person_251,-1.526,0.831,2,10,0.2,1.072,0.306,1.676,1.015
Person_252,-1.766,0.837,2,12,0.167,0.529,-1.072,0.297,-0.895
Person_253,-2.018,0.989,1,10,0.1,1.033,0.267,0.773,0.076
Person_254,0.919,0.734,7,10,0.7,0.682,-1.022,0.565,-0.988
Person_255,0.401,0.663,6,11,0.545,1.181,0.807,1.481,1.338
Person_256,-2.657,,0,11,0.0,,,,
Person_257,1.208,0.718,9,12,0.75,1.109,0.437,0.912,0.077
Person_258,-1.094,0.73,3,12,0.25,0.887,-0.2,1.066,0.304
Person_259,2.061,0.944,9,10,0.9,0.827,-0.112,0.609,-0.01
Person_260,-1.507,0.713,3,12,0.25,0.544,-1.53,0.412,-1.164
Person_261,-0.257,0.649,6,13,0.462,1.198,0.69,1.22,0.692
Person_262,-0.52,0.705,5,11,0.455,1.358,1.06,1.457,1.134
Person_263,-1.259,0.823,2,10,0.2,0.977,0.093,1.302,0.633
Person_264,-2.87,,0,15,0.0,,,,
Person_265,-0.713,0.71,4,11,0.364,1.232,0.755,1.259,0.699
Person_266,0.371,0.655,7,12,0.583,1.037,0.226,0.931,-0.045
Person_267,0.462,0.764,4,8,0.5,1.239,1.049,1.17,0.528
Person_268,0.421,0.557,9,16,0.562,1.563,2.397,1.736,2.031
Person_269,2.716,,14,14,1.0,,,,
Person_270,2.242,0.966,8,9,0.889,0.672,-0.474,0.418,-0.209
Person_271,-1.227,0.665,4,13,0.308,0.726,-0.887,0.58,-0.917
Person_272,1.496,0.665,12,15,0.8,0.838,-0.405,0.616,-0.513
Person_273,2.65,,12,12,1.0,,,,
Person_274,1.818,0.753,12,14,0.857,0.959,0.047,0.887,0.135
Person_275,0.214,0.711,4,9,0.444,1.268,1.122,1.285,1.097
Person_276,1.039,0.568,12,17,0.706,0.841,-0.703,0.66,-0.689
Person_277,-0.829,0.729,3,11,0.273,1.245,0.767,1.251,0.635
Person_278,-1.769,1.051,1,7,0.143,0.659,-0.457,0.399,-0.561
Person_279,0.489,0.596,8,14,0.571,1.195,0.91,1.419,1.214
Person_280,1.957,0.941,9,10,0.9,0.935,0.089,0.942,0.281
Person_281,1.186,0.629,9,13,0.692,0.88,-0.44,0.76,-0.51
Person_282,-0.424,0.675,5,12,0.417,0.957,-0.021,0.852,-0.294
Person_283,0.733,0.602,9,14,0.643,0.934,-0.218,0.819,-0.414
Person_284,-0.874,0.645,4,14,0.286,0.831,-0.472,0.708,-0.601
Person_285,2.298,0.93,10,11,0.909,0.972,0.157,1.298,0.62
Person_286,2.777,,13,13,1.0,,,,
Person_287,-2.333,0.949,1,12,0.083,0.834,-0.073,0.501,-0.215
Person_288,-2.418,1.026,1,7,0.143,0.756,-0.33,0.492,-0.126
Person_289,-1.515,0.72,3,14,0.214,1.042,0.237,1.494,0.889
Person_290,-0.466,0.699,4,11,0.364,0.88,-0.266,0.898,-0.146
Person_291,-0.238,0.671,4,11,0.364,0.648,-1.362,0.595,-1.4
Person_292,2.039,0.73,14,16,0.875,0.814,-0.279,0.564,-0.391
Person_293,-2.964,,0,13,0.0,,,,
Person_294,-2.337,1.046,1,8,0.125,1.45,0.918,4.031,1.745
Person_295,-0.899,0.923,2,7,0.286,0.712,-0.519,0.566,-0.653
Person_296,0.251,0.715,6,10,0.6,1.183,0.71,1.112,0.399
Person_297,-0.17,0.715,4,10,0.4,0.866,-0.357,0.782,-0.516
Person_298,-2.291,,0,7,0.0,,,,
Person_299,-1.585,0.702,3,14,0.214,1.349,1.008,2.318,1.703
Person_300,-1.256,0.749,3,11,0.273,0.693,-0.826,0.512,-0.851
Person_301,-0.501,0.649,5,13,0.385,1.148,0.55,1.257,0.775
Person_302,1.105,0.707,10,13,0.769,0.549,-1.497,0.388,-1.055
Person_303,1.115,0.724,8,11,0.727,0.779,-0.769,0.59,-0.512
Person_304,2.429,0.907,13,14,0.929,0.787,-0.154,0.541,-0.068
Person_305,-1.161,0.641,4,15,0.267,0.916,-0.165,0.777,-0.347
Person_306,-0.247,0.732,5,10,0.5,0.476,-1.821,0.421,-1.729
Person_307,0.259,0.56,9,16,0.562,0.818,-0.831,0.723,-0.884
Person_308,1.187,0.617,11,15,0.733,0.953,-0.092,0.816,-0.231
Person_309,-0.22,0.7,4,10,0.4,1.455,1.517,1.628,1.74
Person_310,1.533,0.588,14,18,0.778,1.073,0.35,0.975,0.132
Person_311,-0.376,0.583,6,15,0.4,1.311,1.234,1.279,0.95
Person_312,-0.388,0.664,5,12,0.417,1.119,0.476,1.147,0.513
Person_313,-1.428,0.7,3,14,0.214,0.879,-0.208,0.617,-0.572
Person_314,0.16,0.659,6,11,0.545,1.242,1.005,1.186,0.687
Person_315,2.14,0.937,11,12,0.917,0.565,-0.646,0.289,-0.432
Person_316,2.152,0.921,9,10,0.9,0.792,-0.166,0.67,-0.082
Person_317,-2.415,0.987,1,10,0.1,0.798,-0.177,0.436,-0.205
Person_318,-1.045,0.83,2,9,0.222,0.691,-0.661,0.54,-0.737
Person_319,-1.318,0.759,3,10,0.3,0.469,-1.768,0.385,-1.396
Person_320,-1.752,0.827,2,11,0.182,0.487,-1.306,0.311,-0.919
Person_321,-0.889,0.644,4,13,0.308,1.426,1.359,1.691,1.671
Person_322,0.315,0.744,7,10,0.7,0.862,-0.312,0.75,-0.417
Person_323,0.283,0.55,9,16,0.562,1.026,0.193,0.947,-0.108
Person_324,-0.118,0.731,4,9,0.444,1.508,1.664,1.611,1.715
Person_325,0.136,0.896,3,6,0.5,0.956,-0.006,0.925,-0.077
Person_326,-1.359,0.687,3,14,0.214,0.698,-0.821,0.495,-0.936
Person_327,-0.581,0.606,6,14,0.429,1.066,0.332,1.179,0.645
Person_328,-1.093,0.755,3,11,0.273,1.118,0.429,1.274,0.628
Person_329,-2.735,0.929,1,13,0.077,0.645,-0.444,0.328,-0.41
Person_330,-0.456,0.795,3,8,0.375,0.745,-0.75,0.651,-0.827
Person_331,-1.128,0.805,2,9,0.222,1.046,0.246,0.96,0.122
Person_332,0.927,0.66,8,12,0.667,0.98,-0.014,0.806,-0.245
Person_333,0.949,0.585,10,15,0.667,1.053,0.325,0.876,-0.178
Person_334,0.174,0.663,6,11,0.545,1.245,0.996,1.305,1.003
Person_335,1.163,0.869,6,8,0.75,1.075,0.319,1.053,0.318
Person_336,-1.06,0.792,3,9,0.333,1.378,1.015,1.371,0.815
Person_337,0.131,0.635,6,12,0.5,0.785,-0.893,0.716,-0.955
Person_338,1.794,0.777,10,12,0.833,0.756,-0.517,0.5,-0.445
Person_339,0.91,0.608,9,14,0.643,0.937,-0.25,0.796,-0.32
Person_340,-1.26,0.695,3,13,0.231,1.269,0.828,1.426,0.878
Person_341,1.431,0.686,9,12,0.75,0.723,-0.956,0.569,-0.737
Person_342,0.555,0.808,5,8,0.625,0.769,-0.644,0.653,-0.664
Person_343,2.203,0.73,14,16,0.875,0.963,0.072,0.785,-0.035
Person_344,0.378,0.729,5,9,0.556,1.069,0.345,1.348,1.031
Person_345,-1.101,0.76,3,10,0.3,0.659,-0.933,0.555,-0.895
Person_346,0.673,0.53,10,17,0.588,0.736,-1.616,0.66,-1.286
Person_347,1.565,0.808,8,10,0.8,0.869,-0.255,0.637,-0.157
Person_348,-0.196,0.584,6,15,0.4,1.013,0.135,1.171,0.647
Person_349,0.663,0.61,8,13,0.615,0.836,-0.722,0.874,-0.321
Person_350,1.008,0.654,8,12,0.667,1.076,0.431,0.898,-0.024
Person_351,0.132,0.64,6,12,0.5,1.159,0.679,1.123,0.486
Person_352,0.362,0.646,7,12,0.583,0.88,-0.405,1.05,0.257
Person_353,-0.882,0.7,3,13,0.231,1.03,0.205,1.099,0.358
Person_354,0.159,0.759,5,9,0.556,1.237,0.79,1.114,0.4
Person_355,-1.543,0.703,3,15,0.2,1.158,0.522,1.397,0.763
Person_356,0.185,0.664,5,11,0.455,0.96,-0.069,0.933,-0.116
Person_357,-1.294,0.764,3,10,0.3,0.467,-1.763,0.378,-1.343
Person_358,2.728,,13,13,1.0,,,,
Person_359,0.111,0.629,6,12,0.5,0.889,-0.424,0.838,-0.528
Person_360,-0.899,0.659,4,12,0.333,0.88,-0.362,0.864,-0.254
Person_361,0.082,0.656,5,11,0.455,0.852,-0.571,0.806,-0.642
Person_362,0.764,0.675,7,11,0.636,0.857,-0.593,0.722,-0.523
Person_363,-0.928,0.552,6,18,0.333,0.839,-0.582,0.811,-0.489
Person_364,-0.751,0.726,3,11,0.273,0.779,-0.554,0.616,-0.79
Person_365,-1.954,0.779,2,13,0.154,0.865,-0.174,0.555,-0.447
Person_366,-0.55,0.581,6,15,0.4,0.834,-0.624,0.802,-0.647
Person_367,-0.494,0.659,4,12,0.333,0.7,-1.077,0.604,-1.178
Person_368,0.539,0.635,7,12,0.583,1.371,1.672,1.27,0.784
Person_369,-1.103,0.647,4,15,0.267,1.019,0.169,1.095,0.353
Person_370,-1.264,0.852,2,9,0.222,0.76,-0.443,0.62,-0.401
Person_371,-2.69,,0,11,0.0,,,,
Person_372,-1.789,0.928,1,10,0.1,0.792,-0.162,0.631,-0.231
Person_373,1.541,0.674,11,14,0.786,1.176,0.629,1.019,0.244
Person_374,1.766,0.775,10,12,0.833,0.903,-0.107,0.652,-0.201
Person_375,-0.284,0.682,4,11,0.364,1.358,1.153,1.393,1.17
Person_376,1.554,0.69,10,13,0.769,0.793,-0.692,0.566,-0.429
Person_377,2.833,,16,16,1.0,,,,
Person_378,-0.979,0.687,3,12,0.25,1.246,0.793,1.498,1.158
Person_379,0.679,0.619,8,13,0.615,0.884,-0.504,0.761,-0.518
Person_380,-0.633,0.773,3,9,0.333,0.955,-0.015,1.245,0.651
Person_381,0.166,0.579,9,15,0.6,0.836,-0.682,0.736,-0.824
Person_382,0.74,0.937,4,6,0.667,0.801,-0.586,0.639,-0.331
Person_383,1.216,0.818,7,9,0.778,0.699,-0.811,0.522,-0.535
Person_384,-1.94,0.782,2,14,0.143,1.291,0.725,1.352,0.669
Person_385,-0.792,0.648,5,13,0.385,0.789,-0.662,0.664,-0.846
Person_386,-2.904,,0,10,0.0,,,,
Person_387,-0.168,0.7,4,10,0.4,0.64,-1.411,0.589,-1.354
Person_388,0.911,0.769,7,10,0.7,0.903,-0.191,0.666,-0.42
Person_389,2.806,,16,16,1.0,,,,
Person_390,1.584,0.809,7,9,0.778,0.694,-0.814,0.536,-0.542
Person_391,0.765,0.924,5,7,0.714,0.613,-1.0,0.457,-0.652
Person_392,0.718,0.653,6,11,0.545,0.74,-1.404,0.666,-0.885
Person_393,0.212,0.624,6,12,0.5,0.955,-0.139,1.096,0.443
Person_394,-1.19,0.655,4,15,0.267,1.117,0.444,1.126,0.408
Person_395,1.14,0.705,10,13,0.769,0.989,0.078,0.938,0.117
Person_396,-1.868,0.8,2,12,0.167,1.119,0.41,1.153,0.449
Person_397,2.354,0.938,9,10,0.9,0.833,-0.108,0.657,0.161
Person_398,1.168,0.815,7,9,0.778,0.659,-0.911,0.501,-0.652
Person_399,-2.316,,0,9,0.0,,,,
Person_400,0.068,0.569,8,16,0.5,0.764,-0.948,0.687,-1.048
Person_401,0.537,0.701,7,11,0.636,0.527,-1.872,0.443,-1.355
Person_402,1.554,0.668,11,14,0.786,1.045,0.246,1.009,0.22
Person_403,0.184,0.627,8,13,0.615,0.688,-1.316,0.595,-1.224
Person_404,2.871,,15,15,1.0,,,,
Person_405,0.837,0.666,7,11,0.636,0.672,-1.578,0.593,-1.013
Person_406,-2.634,0.932,1,13,0.077,1.049,0.286,2.393,1.274
Person_407,-2.204,0.946,1,12,0.083,1.045,0.278,1.411,0.697
Person_408,-1.116,0.734,3,12,0.25,0.742,-0.599,0.536,-0.839
Person_409,1.056,0.702,8,11,0.727,0.773,-0.757,0.635,-0.683
Person_410,-2.813,,0,10,0.0,,,,
Person_411,1.596,0.76,10,12,0.833,0.892,-0.132,0.697,-0.213
Person_412,0.882,0.684,7,11,0.636,1.289,1.176,1.257,0.661
Person_413,-0.061,0.614,7,14,0.5,0.901,-0.271,0.944,-0.062
Person_414,2.435,0.898,13,14,0.929,0.575,-0.574,0.306,-0.581
Person_415,0.892,0.553,9,15,0.6,0.885,-0.695,0.815,-0.616
Person_416,-2.493,0.987,1,9,0.111,0.602,-0.61,0.341,-0.467
Person_417,0.432,0.667,7,11,0.636,0.838,-0.635,0.736,-0.698
Person_418,-0.134,0.617,6,13,0.462,0.884,-0.405,0.879,-0.319
Person_419,-1.725,0.809,2,13,0.154,0.775,-0.345,0.489,-0.569
Person_420,-1.542,0.614,4,17,0.235,0.759,-0.753,0.725,-0.447
Person_421,0.973,0.638,9,13,0.692,0.793,-0.783,0.775,-0.419
Person_422,-2.493,0.953,1,13,0.077,1.078,0.33,1.404,0.696
Person_423,0.129,0.621,7,13,0.538,0.96,-0.087,0.843,-0.383
Person_424,-2.32,0.938,1,13,0.077,0.884,0.019,0.601,-0.074
Person_425,0.201,0.766,5,9,0.556,1.364,1.063,1.59,1.327
Person_426,0.912,0.656,8,12,0.667,1.022,0.171,1.505,1.174
Person_427,1.836,1.006,6,7,0.857,0.587,-0.703,0.402,-0.48
Person_428,-1.517,0.705,3,14,0.214,0.846,-0.336,0.764,-0.187
Person_429,-1.175,0.729,3,12,0.25,1.048,0.25,0.943,0.091
Person_430,-2.748,0.938,1,13,0.077,0.727,-0.291,0.376,-0.248
Person_431,0.175,0.631,6,12,0.5,1.073,0.387,1.024,0.18
Person_432,-0.594,0.609,5,14,0.357,0.844,-0.533,0.875,-0.284
Person_433,-0.074,0.776,4,8,0.5,1.002,0.106,0.928,-0.093
Person_434,-2.611,,0,11,0.0,,,,
Person_435,-1.749,0.751,2,16,0.125,1.138,0.435,1.089,0.361
Person_436,1.811,0.786,8,10,0.8,0.951,0.0,0.781,-0.1
Person_437,-0.481,0.654,5,11,0.455,1.001,0.084,0.957,-0.063
Person_438,0.406,0.844,5,8,0.625,1.212,0.644,1.761,1.264
Person_439,0.139,0.646,6,12,0.5,1.308,1.172,1.462,1.305
Person_440,-0.64,0.625,5,14,0.357,1.005,0.117,1.062,0.29
Person_441,0.663,0.733,7,10,0.7,0.898,-0.247,0.798,-0.292
Person_442,-0.169,0.579,6,15,0.4,1.356,1.393,1.33,1.152
Person_443,-2.158,1.014,1,10,0.1,0.5,-0.794,0.242,-0.606
Person_444,1.354,0.788,9,11,0.818,1.361,0.912,2.582,1.844
Person_445,-2.552,,0,11,0.0,,,,
Person_446,1.859,0.642,13,16,0.812,0.811,-0.477,0.621,-0.586
Person_447,1.22,0.693,9,12,0.75,1.063,0.306,1.021,0.221
Person_448,-1.88,0.771,2,14,0.143,0.702,-0.577,0.435,-0.723
Person_449,-0.599,0.719,4,11,0.364,0.966,0.034,0.891,-0.136
Person_450,0.922,0.734,7,10,0.7,0.721,-1.051,0.579,-0.668
Person_451,1.677,0.767,11,13,0.846,0.947,0.02,0.786,-0.009
Person_452,-0.84,0.956,2,6,0.333,1.711,1.468,1.588,1.056
Person_453,0.541,0.649,7,12,0.583,0.749,-1.001,0.667,-0.905
Person_454,-0.185,0.656,5,12,0.417,1.201,0.752,1.21,0.688
Person_455,0.832,0.761,6,9,0.667,1.405,1.281,1.43,0.967
Person_456,-2.809,,0,14,0.0,,,,
Person_457,-2.26,0.974,1,12,0.083,0.472,-0.845,0.215,-0.686
Person_458,1.661,0.767,10,12,0.833,1.156,0.498,1.514,0.826
Person_459,-0.504,0.646,5,12,0.417,0.761,-0.893,0.698,-0.942
Person_460,0.608,0.612,8,13,0.615,0.844,-0.682,0.749,-0.741
Person_461,2.424,,9,9,1.0,,,,
Person_462,0.506,0.638,7,12,0.583,1.06,0.337,0.971,0.034
Person_463,0.159,0.656,7,12,0.583,0.687,-1.219,0.595,-1.148
Person_464,-0.589,0.704,4,11,0.364,0.983,0.056,0.926,-0.046
Person_465,0.079,0.695,5,11,0.455,0.636,-1.185,0.594,-1.149
Person_466,0.582,0.691,6,10,0.6,0.838,-0.659,0.759,-0.606
Person_467,-1.915,0.863,2,8,0.25,1.121,0.456,0.872,0.114
Person_468,-0.399,0.728,4,9,0.444,0.705,-1.148,0.646,-1.149
Person_469,2.453,,13,13,1.0,,,,
Person_470,1.45,0.701,9,12,0.75,1.187,0.705,1.945,1.394
Person_471,2.218,0.921,11,12,0.917,0.753,-0.237,0.492,-0.184
Person_472,1.241,0.712,8,11,0.727,1.118,0.486,1.006,0.192
Person_473,-0.838,0.854,2,7,0.286,1.374,1.097,1.821,1.525
Person_474,0.955,0.763,6,9,0.667,1.592,1.916,2.537,2.127
Person_475,-1.519,0.833,2,10,0.2,1.146,0.467,1.25,0.561
Person_476,2.274,0.922,10,11,0.909,0.678,-0.392,0.435,-0.347
Person_477,3.025,,17,17,1.0,,,,
Person_478,1.552,0.784,9,11,0.818,1.154,0.499,1.205,0.507
Person_479,-0.757,0.809,3,8,0.375,0.918,-0.129,0.851,-0.191
Person_480,-1.893,0.828,2,10,0.2,0.581,-1.1,0.389,-0.704
Person_481,-0.998,0.811,3,9,0.333,1.03,0.21,1.038,0.249
Person_482,1.082,0.737,7,10,0.7,0.633,-1.428,0.508,-0.823
Person_483,1.741,0.774,10,12,0.833,0.768,-0.466,0.516,-0.508
Person_484,-0.765,0.614,5,15,0.333,1.186,0.696,1.348,0.937
Person_485,-0.602,0.603,5,15,0.333,1.159,0.624,1.245,0.779
Person_486,-1.68,0.854,2,10,0.2,1.052,0.264,0.781,-0.043
Person_487,-0.1,0.619,6,13,0.462,1.139,0.603,1.108,0.447
Person_488,-1.223,0.814,3,9,0.333,0.612,-1.111,0.463,-0.847
Person_489,-0.956,0.59,5,17,0.294,1.235,0.846,1.246,0.7
Person_490,2.144,,9,9,1.0,,,,
Person_491,0.105,0.585,7,14,0.5,0.833,-0.729,0.795,-0.767
Person_492,2.656,,14,14,1.0,,,,
Person_493,0.436,0.634,8,13,0.615,1.088,0.416,0.991,0.106
Person_494,-0.659,0.641,4,13,0.308,0.959,-0.05,0.907,-0.134
Person_495,1.119,0.712,7,10,0.7,0.886,-0.342,0.771,-0.436
Person_496,-1.222,0.692,3,13,0.231,0.794,-0.509,0.614,-0.711
Person_497,1.279,0.628,9,13,0.692,1.007,0.106,0.86,-0.176
Person_498,-1.808,0.822,2,11,0.182,1.027,0.206,1.224,0.528
Person_499,-1.839,0.779,2,13,0.154,0.782,-0.376,0.504,-0.566
Person_500,0.753,0.722,7,10,0.7,1.015,0.146,1.006,0.17
Person_501,1.662,0.8,8,10,0.8,0.818,-0.374,0.592,-0.386
Person_502,-2.25,0.769,2,15,0.133,0.809,-0.31,0.453,-0.525
Person_503,-1.414,0.764,2,13,0.154,0.825,-0.249,0.915,0.069
Person_504,1.047,0.71,7,10,0.7,0.755,-0.909,0.663,-0.741
Person_505,-0.546,0.686,4,12,0.333,0.476,-1.799,0.41,-1.75
Person_506,-2.445,0.964,1,12,0.083,0.533,-0.707,0.246,-0.598
Person_507,-1.905,0.939,1,13,0.077,0.962,0.161,0.838,0.135
Person_508,2.447,0.91,12,13,0.923,0.695,-0.341,0.418,-0.228
Person_509,0.507,0.675,7,11,0.636,0.841,-0.575,0.813,-0.399
Person_510,-2.159,0.779,2,16,0.125,1.292,0.741,1.466,0.754
Person_511,1.082,0.637,8,12,0.667,1.071,0.405,0.961,0.051
Person_512,-0.022,0.673,5,11,0.455,0.925,-0.186,0.885,-0.255
Person_513,1.791,0.797,9,11,0.818,0.776,-0.503,0.516,-0.373
Person_514,-1.521,0.859,2,9,0.222,0.477,-1.336,0.343,-1.058
Person_515,-2.611,,0,14,0.0,,,,
Person_516,1.713,0.779,10,12,0.833,0.893,-0.132,0.627,-0.226
Person_517,-0.882,0.671,4,13,0.308,0.851,-0.36,0.689,-0.63
Person_518,-0.646,0.642,5,13,0.385,0.947,-0.094,1.106,0.397
Person_519,1.036,0.682,7,11,0.636,0.757,-1.284,0.616,-0.61
Person_520,0.731,0.778,5,8,0.625,0.986,0.041,0.917,-0.061
Person_521,1.322,0.693,10,13,0.769,1.1,0.418,2.046,1.433
Person_522,-0.681,0.768,3,9,0.333,1.722,1.826,1.859,1.768
Person_523,0.073,0.735,6,10,0.6,0.971,0.025,0.901,-0.093
Person_524,-2.365,,0,10,0.0,,,,
Person_525,-2.122,,0,11,0.0,,,,
Person_526,1.163,0.712,9,12,0.75,1.165,0.609,1.029,0.261
Person_527,0.652,0.622,9,14,0.643,0.709,-1.217,0.576,-1.002
Person_528,-0.344,0.664,5,11,0.455,0.875,-0.428,0.824,-0.497
Person_529,-0.804,0.762,3,11,0.273,0.375,-1.815,0.308,-1.684
Person_530,2.127,0.96,10,11,0.909,0.737,-0.289,0.401,-0.271
Person_531,0.508,0.726,5,9,0.556,0.692,-1.292,0.628,-1.156
Person_532,-0.694,0.632,5,14,0.357,1.339,1.097,1.208,0.641
Person_533,2.608,,13,13,1.0,,,,
Person_534,-0.028,0.648,5,11,0.455,0.701,-1.443,0.666,-1.398
Person_535,0.003,0.689,5,10,0.5,0.953,-0.112,0.882,-0.299
Person_536,0.143,0.621,7,13,0.538,1.091,0.443,1.012,0.148
Person_537,0.321,0.65,7,12,0.583,1.06,0.318,1.002,0.132
Person_538,-0.629,0.656,5,12,0.417,0.706,-1.08,0.609,-1.185
Person_539,-0.431,0.803,4,8,0.5,0.582,-1.271,0.519,-1.311
Person_540,-0.413,0.647,6,12,0.5,0.831,-0.583,0.754,-0.711
Person_541,1.375,0.795,9,11,0.818,1.086,0.342,2.004,1.262
Person_542,1.126,0.569,12,17,0.706,1.265,1.179,1.289,0.725
Person_543,0.559,0.623,8,13,0.615,0.989,0.035,0.871,-0.257
Person_544,-2.515,,0,10,0.0,,,,
Person_545,-0.99,0.715,3,12,0.25,1.677,1.636,2.023,1.764
Person_546,1.213,0.626,10,14,0.714,1.09,0.427,1.052,0.267
Person_547,-1.281,0.816,2,11,0.182,0.744,-0.407,0.664,-0.371
Person_548,0.932,0.586,11,16,0.688,1.209,0.937,1.118,0.399
Person_549,-0.493,0.634,5,12,0.417,1.17,0.748,1.155,0.605
Person_550,0.749,0.824,7,9,0.778,0.978,0.072,0.888,0.046
Person_551,-0.075,0.743,4,9,0.444,0.884,-0.295,0.942,-0.045
Person_552,-1.458,0.711,3,14,0.214,0.591,-1.128,0.399,-1.106
Person_553,0.605,0.671,9,13,0.692,0.736,-0.8,0.685,-0.581
Person_554,-2.077,1.047,1,8,0.125,1.031,0.246,0.635,0.068
Person_555,1.65,0.663,10,13,0.769,1.133,0.506,1.606,1.297
Person_556,-2.196,0.966,1,11,0.091,0.523,-0.742,0.262,-0.666
Person_557,-0.459,0.615,5,14,0.357,1.001,0.096,1.081,0.347
Person_558,-1.144,0.711,3,12,0.25,0.702,-0.854,0.571,-0.782
Person_559,-1.477,0.742,3,12,0.25,1.068,0.305,1.444,0.811
Person_560,0.022,0.623,7,13,0.538,1.597,2.049,1.696,1.895
Person_561,-0.337,0.703,5,10,0.5,0.909,-0.238,0.83,-0.423
Person_562,0.845,0.742,7,10,0.7,1.032,0.207,0.87,-0.078
Person_563,-1.033,0.749,3,11,0.273,1.227,0.677,1.358,0.78
Person_564,0.228,0.599,8,14,0.571,1.021,0.168,0.956,-0.024
Person_565,-2.417,0.955,1,13,0.077,1.084,0.34,1.403,0.696
Person_566,-1.156,0.733,3,11,0.273,0.494,-1.583,0.402,-1.424
Person_567,1.529,0.778,9,11,0.818,0.788,-0.435,0.583,-0.376
Person_568,1.236,0.728,6,9,0.667,0.752,-1.055,0.67,-0.888
Person_569,-1.699,0.787,2,12,0.167,0.963,0.059,1.089,0.363
Person_570,-2.516,0.973,1,10,0.1,1.078,0.325,1.153,0.507
Person_571,0.216,0.652,7,12,0.583,1.559,1.917,1.814,1.905
Person_572,0.933,0.912,5,7,0.714,1.157,0.518,1.053,0.325
Person_573,0.027,0.688,5,10,0.5,0.794,-0.802,0.783,-0.698
Person_574,-0.116,0.643,6,12,0.5,1.039,0.233,1.008,0.128
Person_575,-0.609,0.643,5,13,0.385,1.024,0.178,0.947,-0.029
Person_576,-0.674,0.713,4,11,0.364,1.019,0.17,1.097,0.363
Person_577,-1.272,0.757,3,10,0.3,0.709,-0.853,0.553,-0.782
Person_578,1.764,0.771,10,12,0.833,0.919,-0.071,0.703,-0.078
Person_579,-2.543,,0,9,0.0,,,,
Person_580,-0.587,0.596,5,15,0.333,0.844,-0.52,0.802,-0.517
Person_581,0.397,0.808,5,8,0.625,1.767,2.048,1.953,1.649
Person_582,-0.573,0.625,5,14,0.357,0.936,-0.116,0.876,-0.245
Person_583,2.393,,10,10,1.0,,,,
Person_584,1.017,0.723,7,10,0.7,0.783,-0.784,0.654,-0.571
Person_585,2.11,0.739,14,16,0.875,0.886,-0.112,0.605,-0.262
Person_586,-2.35,0.96,1,11,0.091,0.707,-0.32,0.377,-0.416
Person_587,1.555,0.777,9,11,0.818,0.775,-0.472,0.571,-0.45
Person_588,0.104,0.703,6,10,0.6,0.643,-1.421,0.573,-1.308
Person_589,-1.95,0.799,2,13,0.154,1.166,0.5,1.294,0.601
Person_590,-2.424,0.948,1,12,0.083,0.49,-0.809,0.241,-0.632
Person_591,-0.351,0.623,6,14,0.429,0.516,-1.854,0.463,-1.861
Person_592,-0.978,0.662,4,13,0.308,1.241,0.824,1.513,1.153
Person_593,1.513,0.696,9,12,0.75,1.338,1.205,1.243,0.553
Person_594,-0.802,0.665,4,13,0.308,0.986,0.067,0.96,0.042
Person_595,-0.115,0.679,5,11,0.455,1.017,0.154,0.964,0.004
Person_596,1.506,0.799,8,10,0.8,0.614,-1.002,0.448,-0.766
Person_597,-0.45,0.73,4,10,0.4,1.136,0.498,1.014,0.166
Person_598,0.574,0.821,4,7,0.571,0.583,-1.576,0.544,-1.448
Person_599,0.696,0.568,10,16,0.625,0.977,-0.036,0.908,-0.13
Person_600,1.312,0.816,8,10,0.8,0.955,0.016,0.667,-0.196
Person_601,1.843,0.79,9,11,0.818,0.876,-0.213,0.608,-0.176
Person_602,1.692,0.653,13,16,0.812,1.158,0.557,1.08,0.336
Person_603,-2.714,,0,15,0.0,,,,
Person_604,-0.501,0.601,6,14,0.429,0.613,-1.714,0.545,-1.689
Person_605,0.327,0.625,7,13,0.538,1.076,0.387,1.169,0.56
Person_606,-1.787,0.835,2,11,0.182,1.286,0.74,1.549,0.851
Person_607,-0.785,0.651,5,13,0.385,0.962,-0.022,0.851,-0.284
Person_608,2.285,0.938,10,11,0.909,0.622,-0.534,0.351,-0.288
Person_609,-1.0,0.621,5,14,0.357,1.101,0.456,0.989,0.107
Person_610,-1.551,0.733,3,12,0.25,1.342,1.014,1.287,0.623
Person_611,-0.262,0.603,6,13,0.462,0.967,-0.08,0.938,-0.156
Person_612,-1.264,0.669,4,13,0.308,0.96,-0.039,0.743,-0.375
Person_613,-0.326,0.807,5,8,0.625,0.642,-1.053,0.559,-1.076
Person_614,-0.548,0.677,4,11,0.364,0.93,-0.159,0.865,-0.305
Person_615,2.942,,18,18,1.0,,,,
Person_616,-2.053,0.978,1,11,0.091,0.942,0.128,0.585,-0.141
Person_617,0.485,0.693,6,10,0.6,0.81,-0.807,0.723,-0.734
Person_618,-0.4,0.686,5,12,0.417,0.405,-2.078,0.365,-2.056
Person_619,2.566,0.896,13,14,0.929,0.822,-0.084,0.75,0.105
Person_620,-0.355,0.655,5,12,0.417,0.734,-0.945,0.651,-1.05
Person_621,0.976,0.765,6,9,0.667,0.872,-0.408,0.712,-0.328
Person_622,0.795,0.644,10,14,0.714,1.376,1.289,1.878,1.579
Person_623,1.322,0.707,8,11,0.727,0.904,-0.266,0.729,-0.275
Person_624,-1.618,0.818,2,11,0.182,1.341,0.832,1.191,0.49
Person_625,2.272,,10,10,1.0,,,,
Person_626,2.508,0.91,11,12,0.917,0.72,-0.296,0.485,-0.136
Person_627,0.118,0.697,5,10,0.5,1.132,0.573,1.046,0.246
Person_628,-1.564,0.83,2,11,0.182,0.983,0.123,1.186,0.484
Person_629,1.875,0.944,10,11,0.909,0.607,-0.551,0.332,-0.536
Person_630,-1.54,0.849,2,11,0.182,0.409,-1.411,0.262,-1.154
Person_631,0.323,0.746,4,8,0.5,0.893,-0.489,0.857,-0.401
Person_632,0.1,0.762,5,9,0.556,1.101,0.412,1.237,0.65
Person_633,1.566,0.671,10,13,0.769,0.958,-0.038,0.785,-0.197
Person_634,0.383,0.578,8,14,0.571,1.718,3.324,2.234,3.315
Person_635,0.925,0.649,9,13,0.692,0.874,-0.433,0.872,-0.098
Person_636,-2.806,,0,15,0.0,,,,
Person_637,-0.332,0.554,7,16,0.438,1.221,0.996,1.224,0.893
Person_638,1.01,0.734,7,10,0.7,1.02,0.165,0.868,-0.026
Person_639,0.14,0.641,7,12,0.583,0.799,-0.818,0.706,-0.859
Person_640,1.295,0.822,7,9,0.778,0.991,0.101,0.771,-0.074
Person_641,-1.881,0.808,2,11,0.182,0.922,-0.043,0.838,0.021
Person_642,0.472,0.592,9,15,0.6,0.584,-1.977,0.496,-1.543
Person_643,-1.761,0.69,3,16,0.188,0.99,0.091,1.119,0.396
Person_644,0.641,0.782,6,9,0.667,1.385,1.108,1.335,0.763
Person_645,-0.641,0.689,4,11,0.364,1.124,0.492,1.03,0.204
Person_646,2.604,0.891,13,14,0.929,0.644,-0.421,0.386,-0.41
Person_647,1.07,0.744,6,9,0.667,1.012,0.134,1.073,0.31
Person_648,0.617,0.618,8,13,0.615,1.106,0.558,1.337,0.939
Person_649,0.236,0.627,7,13,0.538,1.314,1.186,1.366,1.069
Person_650,0.15,0.627,7,12,0.583,0.974,-0.049,0.917,-0.199
Person_651,-0.363,0.629,6,13,0.462,1.079,0.373,1.012,0.144
Person_652,-1.103,0.871,2,8,0.25,0.475,-1.272,0.386,-1.216
Person_653,-2.281,0.767,2,14,0.143,0.981,0.102,1.492,0.794
Person_654,1.635,0.655,12,15,0.8,1.085,0.361,0.98,0.165
Person_655,-2.042,0.956,1,10,0.1,0.509,-0.794,0.29,-0.673
Person_656,-0.516,0.668,5,12,0.417,1.25,0.848,1.247,0.741
Person_657,-1.6,0.763,2,14,0.143,0.988,0.129,0.821,-0.04
Person_658,0.356,0.661,7,12,0.583,1.139,0.577,1.244,0.696
Person_659,-0.727,0.754,3,10,0.3,0.813,-0.429,0.799,-0.292
Person_660,-2.865,,0,11,0.0,,,,
Person_661,1.283,0.619,12,16,0.75,0.829,-0.605,0.608,-0.593
Person_662,2.417,0.922,9,10,0.9,0.874,-0.015,0.927,0.261
Person_663,2.241,0.944,8,9,0.889,0.907,0.029,0.892,0.215
Person_664,0.865,0.753,7,10,0.7,0.725,-0.868,0.56,-0.732
Person_665,-0.561,0.665,5,12,0.417,0.994,0.081,0.926,-0.081
Person_666,0.891,0.646,9,13,0.692,1.03,0.199,0.988,0.129
Person_667,0.623,0.73,8,11,0.727,0.89,-0.238,0.806,-0.198
Person_668,-2.544,,0,10,0.0,,,,
Person_669,1.335,0.707,9,12,0.75,0.963,-0.028,0.954,0.163
Person_670,-0.847,0.633,4,14,0.286,0.86,-0.389,1.021,0.185
Person_671,2.41,,9,9,1.0,,,,
Person_672,2.226,0.922,12,13,0.923,0.564,-0.62,0.284,-0.495
Person_673,-1.057,0.729,3,12,0.25,0.762,-0.544,0.754,-0.316
Person_674,0.401,0.63,6,12,0.5,1.226,1.023,1.208,0.724
Person_675,1.614,0.666,12,15,0.8,1.126,0.483,1.285,0.608
Person_676,1.973,0.94,10,11,0.909,0.633,-0.506,0.355,-0.376
Person_677,0.838,0.655,8,12,0.667,0.903,-0.331,0.757,-0.504
Person_678,0.067,0.642,7,12,0.583,1.456,1.677,1.564,1.586
Person_679,2.174,0.927,10,11,0.909,0.758,-0.232,0.519,-0.131
Person_680,1.983,0.992,8,9,0.889,0.685,-0.425,0.386,-0.298
Person_681,-2.003,0.77,2,15,0.133,0.702,-0.548,0.423,-0.698
Person_682,-1.555,0.712,3,13,0.231,0.943,-0.044,0.662,-0.419
Person_683,1.84,0.762,10,12,0.833,1.042,0.239,0.907,0.142
Person_684,2.155,0.952,9,10,0.9,0.849,-0.075,0.613,0.005
Person_685,1.072,0.724,7,10,0.7,0.854,-0.464,0.717,-0.483
Person_686,-1.273,0.738,3,11,0.273,1.251,0.8,1.526,0.972
Person_687,0.878,0.665,9,13,0.692,0.817,-0.613,0.668,-0.524
Person_688,-1.096,0.68,4,11,0.364,0.945,-0.121,0.851,-0.252
Person_689,-2.249,0.961,1,13,0.077,0.608,-0.519,0.263,-0.59
Person_690,1.127,0.739,7,10,0.7,0.894,-0.321,0.701,-0.324
Person_691,-0.329,0.669,5,12,0.417,0.703,-0.917,0.709,-0.797
Person_692,-1.694,0.872,2,9,0.222,0.568,-1.112,0.376,-0.744
Person_693,0.858,0.646,9,13,0.692,0.733,-1.089,0.585,-0.862
Person_694,1.141,0.631,9,13,0.692,0.859,-0.517,0.734,-0.61
Person_695,-0.067,0.555,7,16,0.438,0.875,-0.502,0.927,-0.197
Person_696,-0.792,0.629,4,14,0.286,0.913,-0.215,0.955,0.018
Person_697,1.369,0.699,10,13,0.769,0.817,-0.526,0.581,-0.499
Person_698,-1.895,0.777,2,13,0.154,1.183,0.532,1.215,0.519
Person_699,-2.565,0.912,1,17,0.059,0.468,-0.798,0.187,-0.812
Person_700,2.144,0.73,14,16,0.875,0.802,-0.311,0.586,-0.289
Person_701,-0.744,0.634,5,13,0.385,0.941,-0.133,0.85,-0.315
Person_702,-0.256,0.7,5,10,0.5,0.583,-1.685,0.533,-1.614
Person_703,0.703,0.605,9,14,0.643,0.851,-0.648,0.711,-0.672
Person_704,1.758,0.767,11,13,0.846,0.902,-0.086,0.648,-0.28
Person_705,0.477,0.668,6,11,0.545,0.738,-1.189,0.643,-0.919
Person_706,0.903,0.577,11,16,0.688,0.88,-0.48,0.794,-0.42
Person_707,0.972,0.732,7,10,0.7,1.152,0.622,2.336,1.898
Person_708,1.23,0.794,9,11,0.818,1.143,0.469,2.085,1.351
Person_709,-2.88,0.913,1,13,0.077,0.944,0.12,1.381,0.675
Person_710,-1.52,0.703,3,14,0.214,0.739,-0.648,0.498,-0.831
Person_711,-0.676,0.769,3,9,0.333,1.017,0.163,0.891,-0.094
Person_712,1.783,0.767,11,13,0.846,0.878,-0.148,0.651,-0.265
Person_713,1.952,0.765,10,12,0.833,0.868,-0.2,0.692,-0.143
Person_714,2.529,0.9,12,13,0.923,0.698,-0.325,0.456,-0.279
Person_715,1.573,0.786,9,11,0.818,1.047,0.248,0.823,0.003
Person_716,-1.303,0.882,2,9,0.222,1.546,1.139,1.754,1.093
Person_717,-0.042,0.565,7,15,0.467,1.25,1.142,1.346,1.354
Person_718,-1.827,0.824,2,12,0.167,0.663,-0.677,0.376,-0.77
Person_719,1.399,0.68,11,14,0.786,0.876,-0.316,0.628,-0.397
Person_720,1.964,0.98,9,10,0.9,0.727,-0.339,0.393,-0.196
Person_721,1.211,0.703,8,11,0.727,0.815,-0.578,0.667,-0.575
Person_722,2.132,0.737,15,17,0.882,0.993,0.135,0.753,0.011
Person_723,-0.109,0.671,5,11,0.455,1.133,0.565,1.266,0.852
Person_724,1.576,0.793,10,12,0.833,0.689,-0.738,0.424,-0.539
Person_725,1.579,0.79,8,10,0.8,1.029,0.203,1.421,0.775
Person_726,0.063,0.779,5,9,0.556,0.779,-0.531,0.69,-0.613
Person_727,-0.248,0.601,6,14,0.429,0.731,-1.076,0.719,-0.943
Person_728,0.711,0.626,8,13,0.615,0.793,-0.882,0.675,-0.759
Person_729,1.305,0.694,10,13,0.769,0.969,0.012,0.788,-0.169
Person_730,-0.681,0.73,4,10,0.4,1.194,0.662,1.045,0.244
Person_731,1.041,0.666,7,11,0.636,0.935,-0.285,0.808,-0.244
Person_732,-0.841,0.641,5,14,0.357,0.953,-0.054,0.835,-0.268
Person_733,1.478,0.687,10,13,0.769,0.777,-0.704,0.58,-0.484
Person_734,-1.735,0.696,3,14,0.214,0.798,-0.512,0.549,-0.632
Person_735,2.428,0.918,11,12,0.917,0.865,-0.023,0.78,0.212
Person_736,0.639,0.672,7,11,0.636,1.286,1.191,1.246,0.701
Person_737,-0.736,0.583,6,16,0.375,0.735,-1.006,0.664,-0.975
Person_738,-2.713,,0,12,0.0,,,,
Person_739,2.64,,14,14,1.0,,,,
Person_740,1.379,0.696,10,13,0.769,1.432,1.351,2.279,1.638
Person_741,2.767,,11,11,1.0,,,,
Person_742,-0.83,0.69,4,11,0.364,0.979,0.031,0.858,-0.251
Person_743,0.524,0.628,7,12,0.583,0.719,-1.413,0.652,-1.185
Person_744,-2.306,,0,16,0.0,,,,
Person_745,0.273,0.656,6,11,0.545,1.041,0.259,0.954,-0.044
Person_746,1.37,0.6,13,17,0.765,0.73,-1.004,0.538,-0.846
Person_747,-2.311,,0,8,0.0,,,,
Person_748,0.57,0.585,8,14,0.571,1.09,0.508,1.061,0.298
Person_749,-0.155,0.582,6,15,0.4,0.873,-0.442,0.793,-0.666
Person_750,0.433,0.566,9,16,0.562,0.607,-2.021,0.523,-1.585
Person_751,-0.55,0.745,4,8,0.5,0.879,-0.483,0.894,-0.372
Person_752,0.498,0.582,9,15,0.6,1.284,1.222,1.335,1.024
Person_753,1.837,0.947,9,10,0.9,0.771,-0.219,0.513,-0.231
Person_754,-0.773,0.73,4,9,0.444,0.789,-0.726,0.757,-0.714
Person_755,-1.332,0.679,3,15,0.2,0.939,-0.046,1.097,0.355
Person_756,-1.829,0.812,2,11,0.182,0.84,-0.273,0.57,-0.376
Person_757,-1.941,0.818,2,12,0.167,0.64,-0.826,0.368,-0.687
Person_758,-0.484,0.824,2,8,0.25,1.084,0.339,0.968,0.082
Person_759,0.679,0.657,8,12,0.667,1.15,0.661,1.062,0.285
Person_760,-0.474,0.703,5,10,0.5,0.824,-0.568,0.878,-0.263
Person_761,2.59,0.888,14,15,0.933,0.594,-0.52,0.32,-0.399
Person_762,2.241,0.906,11,12,0.917,0.637,-0.461,0.396,-0.459
Person_763,-2.058,0.984,1,10,0.1,0.397,-1.019,0.221,-0.9
Person_764,0.77,0.684,6,10,0.6,0.84,-0.73,0.76,-0.67
Person_765,-1.755,0.827,2,10,0.2,0.729,-0.613,0.478,-0.561
Person_766,0.956,0.701,9,12,0.75,0.646,-1.174,0.495,-0.977
Person_767,-1.528,1.074,1,7,0.143,0.39,-1.072,0.251,-0.785
Person_768,0.461,0.637,7,12,0.583,0.708,-1.374,0.628,-1.148
Person_769,0.705,0.67,8,12,0.667,1.061,0.315,0.976,0.109
Person_770,-1.036,0.612,5,15,0.333,0.876,-0.383,0.773,-0.448
Person_771,2.538,,14,14,1.0,,,,
Person_772,-0.831,0.69,4,13,0.308,1.227,0.694,1.261,0.669
Person_773,-0.464,0.761,4,9,0.444,0.891,-0.225,0.849,-0.258
Person_774,-0.484,0.646,5,13,0.385,1.363,1.158,1.384,1.072
Person_775,-0.596,0.684,4,12,0.333,0.537,-1.566,0.453,-1.552
Person_776,0.694,0.791,5,8,0.625,0.801,-0.617,0.693,-0.645
Person_777,0.663,0.564,9,15,0.6,0.908,-0.446,0.819,-0.559
Person_778,1.532,0.796,9,11,0.818,1.221,0.648,1.459,0.769
Person_779,1.878,0.993,7,8,0.875,1.202,0.523,2.13,1.145
Person_780,1.93,0.967,7,8,0.875,0.791,-0.199,0.598,-0.162
Person_781,1.409,0.696,9,12,0.75,0.943,-0.1,0.842,-0.051
Person_782,-0.413,0.638,5,13,0.385,0.82,-0.572,0.732,-0.732
Person_783,-0.496,0.595,6,14,0.429,0.864,-0.523,0.829,-0.513
Person_784,1.253,0.812,9,11,0.818,0.823,-0.306,0.62,-0.283
Person_785,-0.976,0.708,4,11,0.364,1.835,2.311,2.13,1.94
Person_786,0.392,0.58,8,14,0.571,1.199,1.056,1.121,0.506
Person_787,-2.105,0.767,2,15,0.133,0.919,-0.031,1.152,0.452
Person_788,-1.82,0.822,2,10,0.2,0.947,0.013,0.881,0.063
Person_789,-0.66,0.652,4,13,0.308,0.903,-0.214,0.893,-0.156
Person_790,0.865,0.657,9,13,0.692,1.102,0.449,0.924,0.013
Person_791,-1.745,0.699,3,14,0.214,1.235,0.759,1.126,0.404
Person_792,-3.045,,0,11,0.0,,,,
Person_793,-2.005,,0,8,0.0,,,,
Person_794,-0.654,0.628,5,14,0.357,0.73,-0.888,0.779,-0.533
Person_795,1.349,0.812,9,11,0.818,1.01,0.161,0.794,0.016
Person_796,0.148,0.58,8,15,0.533,0.799,-0.834,0.726,-0.875
Person_797,1.446,0.697,9,12,0.75,0.928,-0.163,0.736,-0.232
Person_798,0.586,0.78,5,8,0.625,1.089,0.407,1.744,1.553
Person_799,-1.524,0.696,3,14,0.214,0.942,-0.056,1.646,1.072
Person_800,0.063,0.705,5,10,0.5,1.161,0.632,1.19,0.633
Person_801,-0.841,0.625,5,15,0.333,1.021,0.17,0.897,-0.126
Person_802,-2.78,,0,14,0.0,,,,
Person_803,-0.072,0.642,6,13,0.462,0.783,-0.674,0.723,-0.756
Person_804,0.711,0.614,9,14,0.643,0.662,-1.631,0.542,-1.108
Person_805,-1.187,0.759,3,11,0.273,0.633,-0.996,0.46,-0.947
Person_806,1.404,0.694,8,11,0.727,0.811,-0.646,0.678,-0.549
Person_807,2.003,0.957,10,11,0.909,0.558,-0.679,0.287,-0.463
Person_808,0.964,0.645,9,13,0.692,0.937,-0.173,0.753,-0.409
Person_809,-0.237,0.672,4,11,0.364,0.868,-0.407,0.865,-0.329
Person_810,-0.493,0.631,5,13,0.385,0.627,-1.484,0.549,-1.503
Person_811,-0.11,0.607,6,13,0.462,0.818,-0.75,0.778,-0.834
Person_812,-0.866,0.773,3,10,0.3,0.782,-0.456,0.767,-0.32
Person_813,-0.14,0.841,3,7,0.429,0.918,-0.128,0.933,-0.041
Person_814,-1.129,0.708,3,12,0.25,1.127,0.463,1.397,0.863
Person_815,-0.045,0.704,4,10,0.4,1.397,1.334,1.586,1.577
Person_816,-0.55,0.648,4,12,0.333,0.783,-0.77,0.721,-0.858
Person_817,-2.408,,0,12,0.0,,,,
Person_818,-1.39,0.702,3,14,0.214,1.277,0.791,1.398,0.804
Person_819,0.84,0.924,5,7,0.714,1.158,0.503,1.126,0.414
Person_820,2.199,0.967,7,8,0.875,0.658,-0.513,0.455,-0.249
Person_821,0.536,0.664,8,12,0.667,0.757,-0.897,0.635,-0.843
Person_822,-2.887,,0,13,0.0,,,,
Person_823,-1.295,0.665,4,13,0.308,0.921,-0.188,1.037,0.241
Person_824,-1.238,0.717,3,12,0.25,0.566,-1.335,0.432,-1.208
Person_825,-0.07,0.751,5,9,0.556,1.124,0.488,1.315,0.857
Person_826,1.116,0.657,7,11,0.636,0.975,-0.058,0.871,-0.198
Person_827,2.242,0.938,10,11,0.909,0.852,-0.054,0.638,0.016
Person_828,-0.343,0.573,6,15,0.4,0.788,-0.904,0.748,-0.953
Person_829,0.268,0.721,6,10,0.6,0.55,-1.722,0.479,-1.405
Person_830,1.378,0.677,11,14,0.786,0.811,-0.527,0.582,-0.539
Person_831,0.105,0.64,6,12,0.5,0.886,-0.387,0.825,-0.483
Person_832,-1.314,0.699,3,14,0.214,1.007,0.146,0.879,-0.031
Person_833,0.798,0.556,11,17,0.647,0.896,-0.456,0.759,-0.529
Person_834,-0.228,0.608,5,13,0.385,0.914,-0.299,0.86,-0.453
Person_835,2.581,0.889,13,14,0.929,0.812,-0.095,0.81,0.139
Person_836,2.057,0.94,8,9,0.889,0.761,-0.237,0.582,-0.354
Person_837,1.089,0.623,10,14,0.714,0.944,-0.146,0.817,-0.256
Person_838,1.042,0.715,7,10,0.7,0.97,-0.023,0.881,-0.1
Person_839,-2.687,,0,14,0.0,,,,
Person_840,-2.175,0.784,2,13,0.154,1.128,0.43,1.489,0.793
Person_841,-1.675,0.838,2,11,0.182,1.231,0.621,1.232,0.537
Person_842,-1.44,0.698,3,14,0.214,1.175,0.574,1.114,0.383
Person_843,0.246,0.582,7,14,0.5,1.272,1.251,1.488,1.724
Person_844,0.126,0.623,7,13,0.538,0.965,-0.055,0.892,-0.231
Person_845,2.15,,7,7,1.0,,,,
Person_846,-1.639,0.8,2,11,0.182,0.565,-1.091,0.379,-0.908
Person_847,-0.345,0.747,4,9,0.444,0.662,-1.131,0.611,-1.09
Person_848,0.5,0.805,6,9,0.667,0.821,-0.37,0.66,-0.491
Person_849,2.138,0.942,10,11,0.909,0.629,-0.519,0.349,-0.349
Person_850,-0.295,0.672,5,11,0.455,0.583,-1.735,0.526,-1.639
Person_851,2.467,,11,11,1.0,,,,
Person_852,0.856,0.674,7,11,0.636,0.679,-1.368,0.594,-1.058
Person_853,1.69,0.972,7,8,0.875,0.584,-0.67,0.391,-0.49
Person_854,1.157,0.835,7,9,0.778,0.772,-0.49,0.571,-0.443
Person_855,0.579,0.751,6,9,0.667,1.26,0.98,2.004,1.765
Person_856,2.063,0.969,8,9,0.889,0.94,0.079,0.776,0.245
Person_857,-0.03,0.575,7,15,0.467,0.816,-0.769,0.763,-0.821
Person_858,-2.321,0.999,1,9,0.111,0.653,-0.467,0.358,-0.439
Person_859,-1.882,0.765,2,14,0.143,0.914,-0.043,0.723,-0.156
Person_860,-1.369,0.725,3,12,0.25,1.023,0.184,0.914,0.024
Person_861,-2.501,0.961,1,13,0.077,0.55,-0.662,0.237,-0.631
Person_862,-1.255,0.792,3,10,0.3,0.625,-0.989,0.458,-0.912
Person_863,-1.344,0.723,3,14,0.214,1.504,1.219,1.259,0.592
Person_864,2.016,0.95,8,9,0.889,0.806,-0.167,0.611,-0.1
Person_865,-1.999,0.763,2,15,0.133,1.219,0.59,1.429,0.757
Person_866,2.284,0.905,13,14,0.929,0.777,-0.165,0.532,-0.15
Person_867,-0.491,0.655,5,12,0.417,0.697,-1.078,0.629,-1.18
Person_868,-2.327,,0,9,0.0,,,,
Person_869,2.112,0.93,10,11,0.909,0.655,-0.455,0.393,-0.293
Person_870,0.504,0.722,6,10,0.6,1.003,0.106,0.907,-0.054
Person_871,0.754,0.714,8,11,0.727,1.086,0.373,1.413,0.895
Person_872,-1.153,0.719,3,13,0.231,0.873,-0.184,0.657,-0.563
Person_873,1.31,0.702,9,12,0.75,0.67,-1.183,0.501,-0.77
Person_874,1.056,0.628,10,14,0.714,1.04,0.242,0.868,-0.11
Person_875,1.923,0.764,8,10,0.8,1.002,0.139,0.988,0.136
Person_876,1.729,0.767,11,13,0.846,0.85,-0.232,0.621,-0.276
Person_877,-0.024,0.665,6,11,0.545,0.614,-1.678,0.563,-1.576
Person_878,-0.278,0.678,4,11,0.364,1.097,0.419,1.147,0.534
Person_879,-1.594,0.692,3,14,0.214,0.779,-0.556,0.538,-0.733
Person_880,-0.499,0.658,5,12,0.417,0.589,-1.552,0.523,-1.574
Person_881,-0.282,0.67,4,11,0.364,1.423,1.482,1.405,1.225
Person_882,-0.194,0.795,4,8,0.5,0.458,-1.925,0.427,-1.732
Person_883,0.658,0.738,6,9,0.667,1.192,0.757,1.135,0.459
Person_884,-1.701,0.701,3,14,0.214,0.761,-0.633,0.514,-0.689
Person_885,1.423,0.599,13,17,0.765,1.021,0.166,0.817,-0.176
Person_886,0.271,0.616,7,13,0.538,0.704,-1.345,0.625,-1.249
Person_887,-1.86,0.675,3,16,0.188,0.765,-0.594,0.554,-0.633
Person_888,0.003,0.658,7,12,0.583,0.518,-1.996,0.459,-1.785
Person_889,-0.242,0.626,6,13,0.462,1.271,1.004,1.335,1.078
Person_890,2.752,,16,16,1.0,,,,
Person_891,-1.653,1.023,1,8,0.125,0.46,-0.919,0.276,-0.762
Person_892,-0.335,0.728,4,10,0.4,1.22,0.718,1.184,0.578
Person_893,-0.865,0.738,3,11,0.273,0.634,-0.95,0.571,-0.902
Person_894,2.61,,14,14,1.0,,,,
Person_895,0.301,0.687,6,11,0.545,0.52,-1.955,0.458,-1.582
Person_896,-1.064,0.665,4,12,0.333,1.519,1.707,2.066,2.11
Person_897,-1.167,0.754,3,11,0.273,0.784,-0.513,0.594,-0.63
Person_898,-0.111,0.589,7,14,0.5,0.908,-0.332,0.928,-0.187
Person_899,0.194,0.698,5,10,0.5,0.944,-0.13,0.888,-0.214
Person_900,-0.861,0.605,5,16,0.312,0.74,-0.864,0.794,-0.413
Person_901,-0.515,0.658,5,12,0.417,1.344,1.164,1.25,0.776
Person_902,-0.356,0.741,4,9,0.444,2.029,2.751,2.271,2.786
Person_903,-0.994,0.607,5,16,0.312,0.832,-0.498,0.657,-0.799
Person_904,-0.946,0.687,4,12,0.333,1.103,0.412,1.234,0.646
Person_905,-0.622,0.694,3,11,0.273,1.043,0.24,0.978,0.069
Person_906,0.412,0.658,6,11,0.545,0.993,0.042,0.897,-0.211
Person_907,-1.496,0.795,2,12,0.167,0.601,-0.822,0.426,-0.878
Person_908,-2.038,1.025,1,10,0.1,1.381,0.75,3.236,1.639
Person_909,2.164,0.925,10,11,0.909,0.835,-0.083,0.685,0.036
Person_910,2.718,,15,15,1.0,,,,
Person_911,0.201,0.692,5,10,0.5,0.797,-0.815,0.744,-0.721
Person_912,0.834,0.625,7,12,0.583,0.923,-0.435,0.821,-0.334
Person_913,-0.646,0.688,5,11,0.455,1.527,1.613,1.562,1.415
Person_914,0.82,0.601,9,14,0.643,1.048,0.306,0.953,0.034
Person_915,1.258,0.625,10,14,0.714,0.972,-0.035,0.811,-0.208
Person_916,-1.08,0.841,2,10,0.2,1.449,0.961,1.631,1.032
Person_917,0.598,0.534,11,18,0.611,1.038,0.256,1.088,0.365
Person_918,-1.364,0.812,2,11,0.182,0.433,-1.414,0.3,-1.241
Person_919,2.276,0.947,7,8,0.875,0.639,-0.525,0.48,-0.574
Person_920,1.38,0.816,8,10,0.8,0.813,-0.358,0.605,-0.377
Person_921,-1.745,0.686,3,16,0.188,0.905,-0.14,1.33,0.679
Person_922,-0.446,0.678,5,11,0.455,1.205,0.767,1.139,0.504
Person_923,-2.387,0.972,1,12,0.083,1.191,0.496,2.732,1.43
Person_924,2.34,0.912,10,11,0.909,0.623,-0.501,0.403,-0.463
Person_925,1.366,0.709,8,11,0.727,1.237,0.872,1.275,0.644
Person_926,-0.836,0.776,3,10,0.3,1.247,0.692,1.15,0.451
Person_927,2.553,0.891,13,14,0.929,0.67,-0.369,0.42,-0.339
Person_928,-0.876,0.773,3,10,0.3,0.563,-1.213,0.443,-1.183
Person_929,-0.39,0.689,4,10,0.4,0.985,0.022,0.959,-0.03
Person_930,-0.002,0.617,6,13,0.462,0.885,-0.408,0.827,-0.49
Person_931,-2.112,0.984,1,9,0.111,1.163,0.457,1.737,0.938
Person_932,-0.459,0.734,4,9,0.444,1.076,0.354,1.11,0.432
Person_933,-0.636,0.747,3,10,0.3,1.07,0.31,0.996,0.136
Person_934,2.278,0.913,11,12,0.917,0.77,-0.198,0.559,-0.094
Person_935,0.081,0.593,7,14,0.5,0.653,-1.605,0.597,-1.575
Person_936,2.017,0.978,9,10,0.9,0.61,-0.573,0.321,-0.413
Person_937,1.478,0.689,10,13,0.769,0.745,-0.793,0.539,-0.729
Person_938,1.74,0.778,11,13,0.846,0.692,-0.687,0.421,-0.533
Person_939,2.345,0.93,10,11,0.909,0.859,-0.043,0.713,0.13
Person_940,-1.281,0.653,4,14,0.286,0.603,-1.391,0.467,-1.257
Person_941,-1.346,0.695,3,14,0.214,0.8,-0.465,0.561,-0.714
Person_942,-2.956,,0,16,0.0,,,,
Person_943,-1.796,0.819,2,11,0.182,0.494,-1.299,0.322,-0.882
Person_944,1.241,0.635,9,13,0.692,0.907,-0.349,0.747,-0.43
Person_945,-1.571,0.712,3,14,0.214,1.415,1.099,1.548,0.966
Person_946,0.304,0.658,7,12,0.583,1.229,0.873,1.273,0.778
Person_947,-0.14,0.612,7,14,0.5,1.415,1.417,1.51,1.471
Person_948,-1.441,0.713,3,12,0.25,0.907,-0.183,0.669,-0.437
Person_949,0.8,0.592,10,15,0.667,1.093,0.478,0.948,0.006
Person_950,-2.337,0.976,1,11,0.091,0.509,-0.779,0.248,-0.569
Person_951,1.646,0.763,10,12,0.833,0.835,-0.275,0.637,-0.365
Person_952,-0.773,0.709,4,11,0.364,0.664,-1.004,0.622,-0.898
Person_953,0.571,0.779,6,9,0.667,1.076,0.333,1.008,0.193
Person_954,-0.016,0.721,4,9,0.444,0.576,-1.901,0.542,-1.745
Person_955,0.502,0.856,4,7,0.571,0.965,-0.02,0.802,-0.179
Person_956,1.061,0.681,11,14,0.786,1.037,0.222,0.843,-0.082
Person_957,0.278,0.563,9,16,0.562,0.575,-2.211,0.506,-1.814
Person_958,-0.609,0.696,4,12,0.333,0.551,-1.355,0.488,-1.354
Person_959,-1.055,0.593,5,17,0.294,0.676,-1.148,0.53,-1.232
Person_960,-0.193,0.639,6,12,0.5,1.174,0.737,1.221,0.783
Person_961,2.364,0.909,12,13,0.923,0.959,0.145,1.879,1.02
Person_962,1.844,0.763,10,12,0.833,1.173,0.532,1.66,1.026
Person_963,0.006,0.684,5,10,0.5,0.968,-0.053,0.923,-0.179
Person_964,1.806,0.754,11,13,0.846,1.027,0.207,0.867,0.023
Person_965,1.207,0.615,11,15,0.733,0.981,0.018,0.934,0.003
Person_966,-0.294,0.658,5,12,0.417,1.141,0.55,1.124,0.464
Person_967,-0.269,0.771,4,9,0.444,0.76,-0.578,0.771,-0.484
Person_968,-2.295,0.921,1,14,0.071,0.903,0.059,0.766,0.073
Person_969,1.378,0.69,9,12,0.75,0.75,-0.804,0.59,-0.696
Person_970,0.022,0.677,7,11,0.636,0.738,-0.989,0.644,-1.003
Person_971,1.892,0.765,10,12,0.833,1.019,0.183,0.838,0.047
Person_972,-1.659,0.829,2,11,0.182,0.674,-0.687,0.407,-0.747
Person_973,0.738,0.684,7,11,0.636,1.528,1.834,2.13,2.103
Person_974,-0.628,0.745,3,10,0.3,1.4,1.125,1.612,1.299
Person_975,-2.012,0.968,1,9,0.111,0.446,-0.939,0.279,-0.902
Person_976,0.596,0.636,7,12,0.583,1.037,0.249,0.925,-0.073
Person_977,0.847,0.664,9,13,0.692,0.768,-0.835,0.588,-0.74
Person_978,-1.008,0.698,4,13,0.308,1.368,1.031,1.403,0.865
Person_979,-1.069,0.643,4,15,0.267,0.788,-0.568,0.668,-0.681
Person_980,0.618,0.586,8,14,0.571,1.166,0.85,1.325,1.068
Person_981,-1.302,0.713,3,12,0.25,0.589,-1.268,0.453,-1.129
Person_982,-0.575,0.694,4,12,0.333,0.996,0.111,1.011,0.164
Person_983,1.551,0.663,13,16,0.812,0.768,-0.652,0.512,-0.636
Person_984,2.153,0.928,11,12,0.917,1.003,0.209,1.677,0.873
Person_985,-0.003,0.581,7,14,0.5,0.908,-0.379,0.876,-0.426
Person_986,-0.33,0.597,6,14,0.429,0.766,-0.967,0.717,-0.975
Person_987,0.785,0.604,10,15,0.667,1.153,0.687,1.657,1.38
Person_988,0.585,0.62,9,14,0.643,0.752,-0.995,0.654,-0.794
Person_989,0.159,0.584,8,15,0.533,0.818,-0.701,0.735,-0.83
Person_990,1.779,0.756,11,13,0.846,0.872,-0.161,0.868,0.067
Person_991,-1.303,0.703,3,14,0.214,1.127,0.447,1.012,0.215
Person_992,1.271,0.695,9,12,0.75,0.916,-0.209,0.707,-0.282
Person_993,-1.492,0.715,3,13,0.231,0.913,-0.128,0.634,-0.497
Person_994,-0.849,0.668,4,13,0.308,0.767,-0.666,1.052,0.262
Person_995,-2.791,0.931,1,13,0.077,0.594,-0.574,0.29,-0.419
Person_996,0.742,0.737,7,10,0.7,0.929,-0.158,0.734,-0.387
Person_997,1.587,0.947,10,11,0.909,0.769,-0.2,0.466,-0.323
Person_998,-1.063,0.625,4,16,0.25,1.325,1.02,1.56,1.198
Person_999,-1.903,0.991,1,11,0.091,1.131,0.412,1.001,0.328
Person_1000,-0.65,0.65,5,13,0.385,0.961,-0.027,0.886,-0.181
