,,Item_1,Item_2,Item_3,Item_4,Item_5,Item_6,Item_7,Item_8,Item_9,Item_10,Item_11,Item_12
Rater_1,Person_1,0,0,0,0,0,1,1,1,0,1,0,0
Rater_1,Person_2,0,0,1,1,0,1,3,1,1,1,1,1
Rater_1,Person_3,4,0,1,1,4,2,2,4,1,1,2,1
Rater_1,Person_4,2,0,2,1,0,1,1,1,0,1,1,2
Rater_1,Person_5,4,2,1,1,1,2,2,4,1,3,1,2
Rater_1,Person_6,5,4,4,4,5,5,5,5,4,5,3,5
Rater_1,Person_7,1,0,0,1,0,1,0,1,1,1,0,1
Rater_1,Person_8,1,2,1,2,2,3,2,5,2,5,1,2
Rater_1,Person_9,0,0,0,1,0,0,1,1,0,0,0,1
Rater_1,Person_10,1,1,1,0,1,0,4,3,1,1,2,1
Rater_1,Person_11,0,1,0,1,0,1,3,2,0,1,0,1
Rater_1,Person_12,2,2,4,4,1,2,5,3,1,2,4,4
Rater_1,Person_13,0,1,1,0,1,1,1,1,0,0,0,1
Rater_1,Person_14,0,2,2,2,2,1,1,5,0,1,1,4
Rater_1,Person_15,0,0,1,1,0,0,0,3,0,0,0,1
Rater_1,Person_16,0,0,0,0,0,0,0,1,0,0,0,0
Rater_1,Person_17,1,3,1,2,1,1,1,4,0,5,1,1
Rater_1,Person_18,5,4,3,2,2,3,4,5,3,5,1,5
Rater_1,Person_19,1,1,0,2,2,1,3,3,4,3,0,2
Rater_1,Person_20,1,1,1,0,0,0,1,1,0,1,0,1
Rater_1,Person_21,1,1,3,1,1,1,2,3,0,0,1,1
Rater_1,Person_22,2,1,1,2,1,1,1,5,2,4,4,5
Rater_1,Person_23,3,3,2,1,1,2,3,5,3,4,2,2
Rater_1,Person_24,1,0,0,0,1,0,1,1,0,1,0,1
Rater_1,Person_25,1,0,2,1,1,2,4,4,3,2,2,4
Rater_1,Person_26,1,1,1,1,0,1,2,1,0,2,1,4
Rater_1,Person_27,1,1,1,0,2,0,3,2,2,1,0,3
Rater_1,Person_28,0,1,1,1,1,1,3,3,1,1,1,2
Rater_1,Person_29,1,0,1,1,0,1,1,2,0,1,0,1
Rater_1,Person_30,0,1,1,0,0,1,1,4,1,1,1,2
Rater_1,Person_31,1,2,2,2,1,1,4,4,1,3,3,4
Rater_1,Person_32,2,1,0,1,2,0,2,5,1,1,2,2
Rater_1,Person_33,0,1,0,0,0,1,1,1,0,1,0,1
Rater_1,Person_34,0,0,0,0,0,0,0,0,0,0,0,0
Rater_1,Person_35,0,0,0,0,0,1,1,1,0,1,1,1
Rater_1,Person_36,1,0,1,1,0,1,1,2,1,1,1,1
Rater_1,Person_37,0,0,0,1,0,0,1,1,0,0,0,1
Rater_1,Person_38,0,0,0,1,0,0,1,2,1,0,0,0
Rater_1,Person_39,2,1,1,3,1,1,5,3,1,1,0,2
Rater_1,Person_40,1,1,2,1,1,2,1,2,0,1,1,1
Rater_1,Person_41,0,0,1,1,1,0,0,0,0,0,0,1
Rater_1,Person_42,1,0,0,1,0,0,1,0,0,1,0,0
Rater_1,Person_43,1,0,0,1,1,1,1,4,0,1,0,1
Rater_1,Person_44,1,1,1,2,4,1,4,3,2,4,1,4
Rater_1,Person_45,1,0,0,0,1,0,1,1,0,0,1,1
Rater_1,Person_46,4,1,2,2,2,3,3,5,2,4,4,4
Rater_1,Person_47,1,0,1,0,0,1,1,3,1,0,0,1
Rater_1,Person_48,0,0,1,0,0,0,0,1,1,0,0,1
Rater_1,Person_49,2,0,2,1,1,1,4,4,2,4,1,4
Rater_1,Person_50,2,3,1,1,3,4,5,5,1,1,1,5
Rater_1,Person_51,0,0,1,1,1,0,2,2,1,2,0,1
Rater_1,Person_52,1,1,4,1,3,2,4,4,1,1,0,5
Rater_1,Person_53,1,1,0,1,0,1,1,1,1,1,0,1
Rater_1,Person_54,2,1,1,0,1,2,2,4,1,2,1,2
Rater_1,Person_55,3,4,4,5,3,3,5,5,1,5,5,5
Rater_1,Person_56,2,2,1,2,1,1,4,4,0,3,1,3
Rater_1,Person_57,0,0,2,0,0,0,0,1,0,0,0,0
Rater_1,Person_58,3,3,4,4,5,5,5,4,4,5,4,5
Rater_1,Person_59,1,0,0,1,0,0,1,1,0,0,1,1
Rater_1,Person_60,2,1,2,2,1,1,2,5,1,4,2,5
Rater_1,Person_61,1,1,0,1,2,1,4,4,1,1,1,2
Rater_1,Person_62,0,2,1,0,0,1,2,4,1,1,1,1
Rater_1,Person_63,1,0,0,0,1,1,3,5,1,1,1,4
Rater_1,Person_64,0,2,1,1,0,1,2,1,0,1,0,0
Rater_1,Person_65,2,1,1,3,1,3,3,4,1,2,1,2
Rater_1,Person_66,1,0,1,0,1,0,3,3,1,1,0,0
Rater_1,Person_67,0,0,1,1,0,0,0,2,1,1,0,1
Rater_1,Person_68,1,2,1,1,1,1,2,4,1,3,2,4
Rater_1,Person_69,5,5,1,4,1,2,4,3,1,4,2,5
Rater_1,Person_70,1,0,1,2,1,1,0,2,0,3,1,1
Rater_1,Person_71,4,2,4,4,2,5,5,5,4,5,3,5
Rater_1,Person_72,1,0,1,1,1,2,0,2,1,1,1,1
Rater_1,Person_73,2,2,3,4,3,3,5,5,2,5,3,4
Rater_1,Person_74,1,4,1,1,1,2,2,5,1,2,1,3
Rater_1,Person_75,3,3,1,1,1,2,4,4,1,1,1,1
Rater_1,Person_76,1,3,1,1,1,1,4,4,1,3,1,3
Rater_1,Person_77,1,0,1,0,0,0,0,3,0,0,1,0
Rater_1,Person_78,1,1,1,1,0,1,4,1,2,1,0,1
Rater_1,Person_79,0,1,0,0,0,1,0,0,0,0,0,0
Rater_1,Person_80,0,0,0,0,0,0,0,1,0,1,0,0
Rater_1,Person_81,3,1,0,2,1,1,4,5,1,3,1,1
Rater_1,Person_82,0,1,1,0,0,2,0,3,1,0,0,1
Rater_1,Person_83,2,0,2,2,2,3,5,5,1,3,1,3
Rater_1,Person_84,1,1,0,1,0,1,2,1,2,0,1,4
Rater_1,Person_85,1,0,0,0,1,1,2,0,0,1,1,0
Rater_1,Person_86,5,4,4,5,4,5,5,5,4,4,5,5
Rater_1,Person_87,4,1,2,2,3,4,5,5,1,4,2,3
Rater_1,Person_88,1,1,0,3,1,0,2,2,1,0,0,3
Rater_1,Person_89,1,1,1,1,1,2,2,4,1,1,1,1
Rater_1,Person_90,1,1,3,4,2,3,4,5,2,3,2,5
Rater_1,Person_91,0,0,0,1,1,0,1,2,0,0,0,1
Rater_1,Person_92,2,1,3,1,3,4,4,5,2,4,1,5
Rater_1,Person_93,2,1,0,0,1,2,2,4,1,2,0,3
Rater_1,Person_94,0,0,0,0,0,0,2,1,1,1,0,1
Rater_1,Person_95,2,1,3,0,2,1,2,4,1,1,2,3
Rater_1,Person_96,3,1,2,2,1,3,3,5,1,4,3,1
Rater_1,Person_97,1,0,1,1,1,1,4,4,1,1,0,3
Rater_1,Person_98,5,2,1,2,3,1,3,3,1,2,3,4
Rater_1,Person_99,5,2,2,3,2,3,5,4,1,4,1,3
Rater_1,Person_100,0,1,0,1,0,1,2,1,0,2,1,1
Rater_1,Person_101,4,2,3,2,4,3,5,5,4,3,1,4
Rater_1,Person_102,1,3,1,1,1,1,1,3,1,1,1,1
Rater_1,Person_103,1,2,3,3,1,1,4,5,1,4,1,3
Rater_1,Person_104,0,1,0,0,0,0,0,2,0,0,0,0
Rater_1,Person_105,4,1,1,2,2,3,2,5,1,2,1,4
Rater_1,Person_106,2,1,2,1,2,1,5,4,1,3,3,4
Rater_1,Person_107,0,1,1,0,0,0,1,3,0,1,1,2
Rater_1,Person_108,2,0,1,1,1,2,5,5,2,3,2,3
Rater_1,Person_109,2,0,1,2,1,1,1,3,1,2,1,1
Rater_1,Person_110,3,1,1,3,1,3,2,4,2,1,2,5
Rater_1,Person_111,0,1,2,1,1,1,5,4,0,1,4,1
Rater_1,Person_112,1,1,0,0,0,1,1,2,1,1,0,1
Rater_1,Person_113,1,0,2,1,1,0,1,3,2,1,0,2
Rater_1,Person_114,0,0,0,0,0,0,1,2,0,0,0,1
Rater_1,Person_115,1,1,1,1,1,0,1,4,1,0,0,1
Rater_1,Person_116,0,0,0,0,0,1,1,4,0,2,1,1
Rater_1,Person_117,2,1,2,2,2,3,5,5,0,2,1,3
Rater_1,Person_118,4,1,2,2,1,2,4,4,2,4,1,5
Rater_1,Person_119,2,0,1,2,0,1,5,2,2,2,1,2
Rater_1,Person_120,0,0,0,0,0,0,0,1,0,0,0,0
Rater_1,Person_121,1,1,1,1,1,1,1,3,1,2,1,4
Rater_1,Person_122,2,1,0,0,0,1,0,1,0,0,0,0
Rater_1,Person_123,1,1,1,3,1,1,4,4,1,1,2,5
Rater_1,Person_124,1,0,1,1,1,1,2,2,0,1,1,1
Rater_1,Person_125,2,0,1,1,0,0,0,1,0,1,0,1
Rater_1,Person_126,0,1,0,1,1,1,1,2,0,0,0,1
Rater_1,Person_127,2,1,1,2,1,1,2,4,0,4,2,4
Rater_1,Person_128,4,2,4,4,5,2,5,5,2,5,5,5
Rater_1,Person_129,0,0,2,0,1,1,1,2,0,1,1,1
Rater_1,Person_130,1,1,2,1,0,1,3,2,1,1,2,3
Rater_1,Person_131,0,1,1,1,0,0,3,0,0,1,0,1
Rater_1,Person_132,1,1,1,1,1,1,2,3,0,2,0,2
Rater_1,Person_133,0,0,0,0,0,0,1,2,0,0,0,1
Rater_1,Person_134,1,0,1,1,0,1,2,2,1,1,1,1
Rater_1,Person_135,1,1,1,1,1,2,2,3,1,2,1,3
Rater_1,Person_136,0,1,0,0,0,0,2,1,0,1,1,2
Rater_1,Person_137,0,1,1,1,1,1,2,4,1,2,1,1
Rater_1,Person_138,1,1,0,0,2,1,1,1,0,1,1,1
Rater_1,Person_139,4,3,3,2,3,5,4,4,1,2,3,5
Rater_1,Person_140,2,0,1,1,1,1,1,1,0,1,1,0
Rater_1,Person_141,1,1,0,1,1,1,4,3,0,1,1,5
Rater_1,Person_142,3,1,1,1,2,1,5,5,1,5,5,4
Rater_1,Person_143,1,0,0,1,1,1,3,4,0,1,1,1
Rater_1,Person_144,2,1,0,0,1,0,3,4,1,1,2,3
Rater_1,Person_145,0,0,0,0,1,0,0,1,0,0,0,0
Rater_1,Person_146,1,1,1,0,0,0,0,1,0,0,2,1
Rater_1,Person_147,5,3,3,4,3,5,5,5,3,5,4,5
Rater_1,Person_148,4,0,1,2,1,2,1,4,0,2,1,4
Rater_1,Person_149,5,1,2,0,2,1,5,4,1,2,2,4
Rater_1,Person_150,0,2,0,1,1,0,2,5,1,1,1,3
Rater_1,Person_151,5,4,4,3,2,3,5,5,3,4,4,5
Rater_1,Person_152,1,0,1,0,0,0,1,1,0,0,1,1
Rater_1,Person_153,2,0,0,0,0,1,1,1,0,1,0,1
Rater_1,Person_154,0,2,1,1,1,2,3,4,0,3,2,5
Rater_1,Person_155,3,1,0,1,1,1,5,4,2,5,1,4
Rater_1,Person_156,2,1,1,1,1,1,2,4,0,1,1,2
Rater_1,Person_157,1,1,2,1,1,2,4,1,1,3,2,4
Rater_1,Person_158,1,0,1,1,0,1,1,1,0,1,0,0
Rater_1,Person_159,4,1,4,1,1,1,4,2,1,2,2,4
Rater_1,Person_160,1,0,2,0,0,1,1,1,1,2,1,3
Rater_1,Person_161,4,1,1,2,1,1,2,4,0,2,1,2
Rater_1,Person_162,0,0,0,0,1,2,1,1,0,0,1,2
Rater_1,Person_163,2,5,1,4,4,3,5,5,3,4,4,3
Rater_1,Person_164,1,0,0,1,0,1,1,2,0,1,0,1
Rater_1,Person_165,1,2,1,1,1,1,2,4,1,2,0,1
Rater_1,Person_166,0,0,0,0,0,0,1,2,0,0,0,1
Rater_1,Person_167,1,0,0,0,0,1,1,1,0,0,0,1
Rater_1,Person_168,0,1,1,0,0,0,1,2,0,1,1,0
Rater_1,Person_169,0,0,0,0,0,1,0,2,0,0,0,1
Rater_1,Person_170,2,1,1,1,0,1,3,5,1,1,1,2
Rater_1,Person_171,1,1,1,0,1,0,1,0,0,2,0,0
Rater_1,Person_172,1,1,1,2,0,2,2,4,1,2,1,1
Rater_1,Person_173,1,0,0,0,0,1,2,2,1,1,0,1
Rater_1,Person_174,5,1,4,3,2,2,4,5,3,5,2,1
Rater_1,Person_175,1,0,0,1,0,0,1,2,0,3,0,3
Rater_1,Person_176,0,0,1,0,1,0,1,1,1,0,0,0
Rater_1,Person_177,0,0,0,1,0,0,0,1,0,1,1,1
Rater_1,Person_178,0,0,0,0,0,0,0,0,1,0,0,0
Rater_1,Person_179,0,0,0,0,0,0,0,0,0,0,0,0
Rater_1,Person_180,3,3,1,0,2,1,4,4,1,4,2,3
Rater_1,Person_181,4,3,3,4,5,4,5,5,2,4,4,5
Rater_1,Person_182,2,1,1,0,0,1,1,4,1,1,1,1
Rater_1,Person_183,1,1,3,1,1,1,1,2,0,2,1,0
Rater_1,Person_184,1,1,1,1,0,1,1,3,0,1,1,1
Rater_1,Person_185,1,1,1,3,1,2,4,4,1,4,1,4
Rater_1,Person_186,1,1,0,0,1,2,2,4,0,1,1,2
Rater_1,Person_187,2,1,0,2,0,1,1,3,0,1,0,1
Rater_1,Person_188,1,0,2,1,1,1,1,3,0,1,1,1
Rater_1,Person_189,1,0,0,0,1,0,0,1,0,0,0,0
Rater_1,Person_190,2,1,0,1,1,3,4,5,0,3,2,3
Rater_1,Person_191,1,1,0,0,0,0,1,2,0,0,0,0
Rater_1,Person_192,4,5,5,3,5,4,5,5,4,3,4,5
Rater_1,Person_193,4,5,3,0,1,3,4,5,2,4,2,5
Rater_1,Person_194,3,1,1,0,1,1,5,3,0,1,1,1
Rater_1,Person_195,0,0,0,0,0,0,0,1,0,0,0,0
Rater_1,Person_196,1,1,1,0,0,1,1,2,1,4,1,2
Rater_1,Person_197,2,1,1,0,1,1,4,3,3,3,0,4
Rater_1,Person_198,0,1,1,2,1,2,3,4,1,4,1,1
Rater_1,Person_199,1,0,0,1,0,0,1,1,1,1,0,1
Rater_1,Person_200,4,4,2,3,3,4,4,5,3,4,4,4
Rater_2,Person_1,0,0,0,0,0,0,0,0,0,0,0,0
Rater_2,Person_2,4,1,4,3,1,1,4,4,0,2,3,3
Rater_2,Person_3,4,5,4,3,4,5,4,5,5,3,2,5
Rater_2,Person_4,3,2,3,1,3,4,4,4,1,1,3,5
Rater_2,Person_5,5,3,5,5,4,5,4,5,1,4,5,3
Rater_2,Person_6,5,5,5,5,5,5,5,5,5,5,5,5
Rater_2,Person_7,1,1,1,0,2,0,1,0,0,1,1,0
Rater_2,Person_8,5,5,5,4,4,4,5,5,4,4,5,4
Rater_2,Person_9,0,0,1,0,0,1,0,0,0,0,1,0
Rater_2,Person_10,4,4,4,5,4,4,5,3,3,2,2,3
Rater_2,Person_11,2,5,1,1,0,1,2,2,3,1,0,2
Rater_2,Person_12,5,4,5,5,5,5,5,5,4,5,5,5
Rater_2,Person_13,0,1,1,1,0,0,0,1,1,1,1,1
Rater_2,Person_14,5,3,1,3,2,1,5,5,2,5,1,3
Rater_2,Person_15,2,1,0,0,0,1,0,2,0,0,1,2
Rater_2,Person_16,0,1,0,0,0,0,0,0,0,0,0,0
Rater_2,Person_17,1,3,3,5,4,3,4,4,5,2,4,5
Rater_2,Person_18,5,4,5,5,5,5,5,5,5,5,5,5
Rater_2,Person_19,4,5,2,4,4,2,4,5,3,3,1,4
Rater_2,Person_20,3,1,0,1,1,1,1,1,0,0,1,3
Rater_2,Person_21,2,2,0,5,4,4,5,5,2,3,4,4
Rater_2,Person_22,4,1,4,5,2,5,5,5,1,5,2,5
Rater_2,Person_23,4,4,5,4,5,3,5,5,5,5,5,5
Rater_2,Person_24,1,0,1,0,1,0,1,4,1,2,0,1
Rater_2,Person_25,3,3,3,4,4,5,5,4,3,1,5,5
Rater_2,Person_26,3,4,5,1,5,4,3,4,2,2,4,4
Rater_2,Person_27,3,3,1,4,4,2,1,5,1,3,3,3
Rater_2,Person_28,1,1,2,3,4,4,2,5,0,3,3,3
Rater_2,Person_29,1,0,1,1,0,1,1,3,1,2,0,0
Rater_2,Person_30,1,0,1,2,1,1,3,2,1,3,0,2
Rater_2,Person_31,5,5,5,2,4,4,5,5,4,5,4,5
Rater_2,Person_32,3,2,3,0,3,3,4,5,3,4,1,1
Rater_2,Person_33,1,1,0,2,1,1,2,1,1,1,2,1
Rater_2,Person_34,0,1,1,0,0,0,0,0,0,0,0,0
Rater_2,Person_35,0,1,0,1,1,1,2,0,0,3,1,1
Rater_2,Person_36,0,0,0,2,0,2,3,0,0,2,1,1
Rater_2,Person_37,1,1,0,1,0,0,0,3,0,2,0,1
Rater_2,Person_38,0,0,0,0,0,0,2,0,0,1,0,0
Rater_2,Person_39,5,5,3,5,4,5,4,5,4,4,4,4
Rater_2,Person_40,1,1,1,2,2,3,2,3,3,2,3,1
Rater_2,Person_41,1,0,1,1,0,0,2,0,0,1,0,1
Rater_2,Person_42,1,0,1,2,0,1,2,1,0,0,2,0
Rater_2,Person_43,2,1,1,2,0,4,2,1,0,1,1,2
Rater_2,Person_44,5,5,5,4,4,5,5,5,4,5,5,5
Rater_2,Person_45,0,0,0,0,1,1,0,1,0,0,0,1
Rater_2,Person_46,5,4,5,5,5,5,5,5,5,5,5,5
Rater_2,Person_47,3,2,1,2,1,0,1,3,1,2,1,3
Rater_2,Person_48,0,1,0,1,0,0,0,0,1,0,1,0
Rater_2,Person_49,4,3,2,5,4,4,5,5,4,4,5,4
Rater_2,Person_50,5,5,4,3,3,5,5,5,4,5,5,5
Rater_2,Person_51,1,3,2,1,0,2,2,5,1,1,2,2
Rater_2,Person_52,4,3,3,5,4,3,4,5,1,5,5,4
Rater_2,Person_53,2,0,1,0,1,1,2,2,1,2,0,1
Rater_2,Person_54,4,2,1,0,3,0,3,3,0,1,1,2
Rater_2,Person_55,4,5,4,5,5,4,5,5,4,5,4,5
Rater_2,Person_56,4,5,4,3,5,5,3,4,3,5,4,5
Rater_2,Person_57,0,0,0,1,1,1,0,1,0,1,0,1
Rater_2,Person_58,5,5,3,5,5,5,5,5,5,5,5,5
Rater_2,Person_59,0,2,0,0,0,1,1,0,0,1,1,3
Rater_2,Person_60,5,3,5,4,5,5,5,5,5,4,5,5
Rater_2,Person_61,3,2,2,4,5,3,4,5,5,3,4,4
Rater_2,Person_62,4,5,1,2,2,2,3,4,4,2,2,3
Rater_2,Person_63,0,3,4,2,0,4,3,5,1,2,3,1
Rater_2,Person_64,3,3,3,2,2,0,3,1,2,5,0,1
Rater_2,Person_65,5,5,4,3,4,4,5,5,5,5,3,5
Rater_2,Person_66,1,1,1,2,1,2,2,4,0,1,0,1
Rater_2,Person_67,2,0,1,2,0,0,0,1,1,1,1,0
Rater_2,Person_68,3,3,0,4,5,3,5,4,2,5,3,4
Rater_2,Person_69,4,4,5,5,5,5,5,5,5,5,4,5
Rater_2,Person_70,1,2,1,0,2,1,2,2,3,0,2,1
Rater_2,Person_71,5,5,5,4,5,5,5,5,5,5,5,5
Rater_2,Person_72,2,0,2,0,0,4,4,2,2,4,2,2
Rater_2,Person_73,4,5,5,5,5,4,5,5,5,5,4,5
Rater_2,Person_74,2,3,1,3,2,5,4,5,4,4,4,5
Rater_2,Person_75,5,5,3,1,5,3,5,1,4,4,5,4
Rater_2,Person_76,5,4,3,3,3,5,4,5,5,4,3,5
Rater_2,Person_77,0,1,0,1,1,0,1,1,1,1,1,1
Rater_2,Person_78,3,3,3,1,2,3,4,4,4,4,1,2
Rater_2,Person_79,0,0,0,1,0,0,2,2,1,0,1,1
Rater_2,Person_80,0,0,0,0,0,0,0,1,0,0,0,0
Rater_2,Person_81,4,5,5,5,5,4,5,5,3,2,4,4
Rater_2,Person_82,2,2,4,1,1,3,1,3,1,1,2,4
Rater_2,Person_83,4,4,4,5,5,4,5,4,5,5,4,5
Rater_2,Person_84,5,2,5,1,3,1,1,5,3,2,2,5
Rater_2,Person_85,2,2,1,2,1,0,1,1,1,2,1,1
Rater_2,Person_86,5,5,5,5,5,5,5,5,5,5,5,5
Rater_2,Person_87,5,5,4,5,5,5,5,5,5,5,5,5
Rater_2,Person_88,2,2,1,4,2,2,4,5,3,4,3,5
Rater_2,Person_89,1,2,1,2,1,2,5,5,2,3,1,4
Rater_2,Person_90,5,5,5,5,5,5,5,5,5,5,4,5
Rater_2,Person_91,2,1,2,1,0,1,4,2,1,1,0,0
Rater_2,Person_92,5,5,5,5,5,4,5,5,5,5,5,5
Rater_2,Person_93,5,4,4,3,4,5,3,4,3,5,3,5
Rater_2,Person_94,1,0,1,0,0,1,0,0,0,1,0,2
Rater_2,Person_95,5,4,5,2,5,3,5,5,3,4,5,4
Rater_2,Person_96,4,4,2,5,4,4,5,4,5,5,4,5
Rater_2,Person_97,1,3,4,4,4,5,4,5,4,3,4,5
Rater_2,Person_98,5,4,5,5,5,4,5,5,1,4,5,4
Rater_2,Person_99,4,4,4,5,5,5,5,4,4,4,3,5
Rater_2,Person_100,2,0,0,1,1,1,3,1,2,1,2,0
Rater_2,Person_101,5,5,5,5,5,5,5,5,5,5,5,5
Rater_2,Person_102,3,2,2,1,3,2,4,1,1,2,3,4
Rater_2,Person_103,5,4,5,5,4,5,5,5,4,4,5,3
Rater_2,Person_104,1,0,1,0,0,0,0,0,0,0,0,0
Rater_2,Person_105,5,5,5,4,5,4,3,5,2,5,4,5
Rater_2,Person_106,5,5,4,4,5,4,4,5,4,4,5,5
Rater_2,Person_107,2,1,2,0,1,2,1,3,2,1,1,1
Rater_2,Person_108,5,3,2,5,4,4,5,4,4,4,5,4
Rater_2,Person_109,4,3,4,2,4,3,1,4,3,5,2,5
Rater_2,Person_110,5,4,4,5,5,5,5,5,5,3,3,4
Rater_2,Person_111,2,5,1,4,4,5,5,4,3,4,2,3
Rater_2,Person_112,0,2,2,1,1,5,2,4,1,1,2,0
Rater_2,Person_113,2,3,4,1,1,4,4,1,1,1,1,3
Rater_2,Person_114,0,0,1,0,0,0,1,0,0,0,0,1
Rater_2,Person_115,1,2,1,0,2,3,5,1,0,4,1,4
Rater_2,Person_116,0,0,1,0,1,3,3,4,1,1,1,2
Rater_2,Person_117,5,4,4,2,5,5,5,5,5,5,3,4
Rater_2,Person_118,5,4,5,5,4,4,5,5,4,5,5,5
Rater_2,Person_119,3,5,1,4,4,4,5,5,2,3,5,5
Rater_2,Person_120,0,0,0,0,0,0,0,1,0,0,0,0
Rater_2,Person_121,4,5,2,4,4,1,4,5,2,5,5,4
Rater_2,Person_122,1,0,0,0,0,0,1,0,1,2,0,0
Rater_2,Person_123,5,3,4,3,4,5,4,5,1,5,4,4
Rater_2,Person_124,4,3,1,4,4,4,4,4,1,3,4,3
Rater_2,Person_125,1,0,0,1,0,0,0,3,0,0,1,1
Rater_2,Person_126,0,0,1,0,0,1,1,1,0,0,0,0
Rater_2,Person_127,5,3,4,5,5,4,3,5,3,3,5,5
Rater_2,Person_128,5,5,5,4,5,5,5,5,5,5,5,5
Rater_2,Person_129,1,1,0,1,2,3,5,5,2,1,1,1
Rater_2,Person_130,3,1,2,2,2,2,4,5,3,3,3,4
Rater_2,Person_131,0,1,0,0,1,1,1,3,1,3,1,1
Rater_2,Person_132,2,4,0,2,4,2,4,3,1,1,1,2
Rater_2,Person_133,0,0,1,0,0,1,0,0,0,1,0,0
Rater_2,Person_134,4,1,4,4,2,3,5,5,5,2,0,3
Rater_2,Person_135,1,4,2,4,1,3,4,4,0,2,2,4
Rater_2,Person_136,3,2,2,3,0,3,1,5,1,3,1,2
Rater_2,Person_137,1,4,2,2,1,4,5,3,3,5,2,3
Rater_2,Person_138,0,0,4,1,3,3,1,3,1,0,0,1
Rater_2,Person_139,5,4,3,4,4,5,5,5,5,5,5,5
Rater_2,Person_140,4,1,4,1,1,1,2,3,1,1,1,3
Rater_2,Person_141,5,3,1,1,3,5,4,5,2,1,3,4
Rater_2,Person_142,5,4,3,3,5,5,5,5,5,5,5,5
Rater_2,Person_143,2,3,2,3,2,4,4,5,1,4,3,5
Rater_2,Person_144,1,4,5,4,1,3,3,4,2,4,3,5
Rater_2,Person_145,1,0,0,0,1,0,1,1,0,0,0,0
Rater_2,Person_146,1,0,0,1,1,2,5,2,2,4,1,2
Rater_2,Person_147,5,5,5,5,5,5,5,5,5,5,5,5
Rater_2,Person_148,4,4,4,5,2,2,4,5,3,5,3,2
Rater_2,Person_149,5,3,4,5,5,5,4,5,4,5,3,5
Rater_2,Person_150,3,2,2,4,2,4,5,5,2,4,3,4
Rater_2,Person_151,5,5,5,5,5,5,5,5,5,5,5,5
Rater_2,Person_152,1,1,1,1,0,0,2,1,2,3,0,0
Rater_2,Person_153,1,1,1,1,0,2,2,0,1,3,0,0
Rater_2,Person_154,4,3,2,5,4,3,5,4,3,4,5,5
Rater_2,Person_155,5,3,1,5,3,5,4,4,4,4,5,5
Rater_2,Person_156,5,1,4,4,3,2,4,5,2,1,2,5
Rater_2,Person_157,4,4,3,3,3,4,5,4,1,4,3,2
Rater_2,Person_158,1,1,1,2,1,5,0,1,1,1,0,1
Rater_2,Person_159,3,4,4,5,4,2,4,3,4,3,5,4
Rater_2,Person_160,2,2,3,3,2,4,4,5,1,1,4,1
Rater_2,Person_161,3,5,4,2,5,3,5,4,4,2,2,5
Rater_2,Person_162,1,1,3,2,1,1,3,1,0,1,1,1
Rater_2,Person_163,5,5,5,5,5,5,5,4,5,5,5,5
Rater_2,Person_164,1,0,2,1,0,2,1,4,0,4,3,3
Rater_2,Person_165,4,2,1,3,1,5,4,4,1,4,2,1
Rater_2,Person_166,0,1,0,1,0,0,1,0,1,0,1,1
Rater_2,Person_167,1,2,0,1,1,1,0,1,2,0,1,2
Rater_2,Person_168,0,2,2,2,0,1,2,4,2,1,0,3
Rater_2,Person_169,1,1,1,1,2,1,0,0,1,1,0,1
Rater_2,Person_170,4,1,2,1,1,3,5,4,2,2,2,3
Rater_2,Person_171,0,0,2,1,1,1,1,0,0,0,1,1
Rater_2,Person_172,1,1,4,1,4,3,3,3,1,4,4,5
Rater_2,Person_173,2,3,2,4,3,4,1,3,1,1,1,1
Rater_2,Person_174,5,5,4,5,5,4,5,5,4,5,4,5
Rater_2,Person_175,3,1,5,0,2,1,0,1,2,1,1,1
Rater_2,Person_176,1,0,0,1,1,0,1,2,0,1,0,0
Rater_2,Person_177,1,1,0,0,0,1,1,0,1,0,1,1
Rater_2,Person_178,0,0,0,0,0,0,0,0,0,0,0,0
Rater_2,Person_179,0,0,0,0,0,0,0,1,0,0,0,1
Rater_2,Person_180,4,4,4,5,4,4,4,5,4,5,3,4
Rater_2,Person_181,5,5,5,5,5,5,5,5,4,5,3,5
Rater_2,Person_182,1,1,1,0,1,1,2,1,0,2,0,1
Rater_2,Person_183,3,1,2,4,1,4,4,4,3,4,0,2
Rater_2,Person_184,1,0,0,1,1,1,0,2,1,1,1,3
Rater_2,Person_185,5,5,2,3,5,3,4,5,2,5,3,5
Rater_2,Person_186,0,1,4,1,0,0,1,2,0,2,2,4
Rater_2,Person_187,3,1,5,3,2,4,1,3,1,1,1,1
Rater_2,Person_188,2,2,1,2,1,2,2,2,1,0,1,5
Rater_2,Person_189,0,0,0,0,0,0,0,2,1,0,0,0
Rater_2,Person_190,4,5,3,5,4,4,5,4,4,4,4,4
Rater_2,Person_191,0,0,1,0,0,0,0,0,1,0,0,0
Rater_2,Person_192,5,5,5,5,5,5,5,5,5,4,5,5
Rater_2,Person_193,4,5,5,5,5,5,5,5,4,5,5,5
Rater_2,Person_194,4,4,4,2,2,1,4,3,2,3,4,3
Rater_2,Person_195,0,0,0,1,0,0,1,0,0,0,1,0
Rater_2,Person_196,2,1,2,1,1,5,4,4,0,4,1,5
Rater_2,Person_197,4,4,4,4,2,5,5,4,3,5,4,5
Rater_2,Person_198,4,2,3,3,5,3,4,4,5,5,4,4
Rater_2,Person_199,1,1,1,1,0,3,3,1,1,0,1,1
Rater_2,Person_200,5,5,5,5,5,4,5,5,5,5,5,5
Rater_3,Person_1,0,0,0,0,0,0,0,0,0,0,0,0
Rater_3,Person_2,0,0,0,0,2,1,0,4,1,2,0,5
Rater_3,Person_3,1,3,5,1,1,2,5,2,1,5,3,2
Rater_3,Person_4,2,2,1,0,2,2,5,1,1,1,0,1
Rater_3,Person_5,3,1,1,0,2,1,3,3,2,4,2,5
Rater_3,Person_6,5,5,5,5,5,5,5,5,5,5,5,5
Rater_3,Person_7,0,0,0,1,0,0,1,0,1,1,0,0
Rater_3,Person_8,4,2,1,4,2,3,2,5,1,1,3,5
Rater_3,Person_9,0,0,0,0,0,0,0,1,0,0,0,1
Rater_3,Person_10,0,1,3,3,0,0,1,5,1,0,2,2
Rater_3,Person_11,0,1,0,1,0,0,1,2,1,0,0,0
Rater_3,Person_12,3,3,2,5,2,3,4,5,2,5,2,5
Rater_3,Person_13,0,0,0,0,0,0,1,1,0,0,0,1
Rater_3,Person_14,1,1,3,4,1,3,2,1,1,4,1,4
Rater_3,Person_15,0,0,0,0,0,0,1,0,0,1,0,1
Rater_3,Person_16,0,0,0,0,0,0,0,0,0,0,0,0
Rater_3,Person_17,0,1,2,1,1,0,4,5,0,3,1,1
Rater_3,Person_18,5,5,5,5,5,5,5,5,4,5,4,4
Rater_3,Person_19,3,1,1,2,1,2,1,5,2,3,1,4
Rater_3,Person_20,0,0,1,0,0,0,0,1,0,0,0,0
Rater_3,Person_21,1,0,1,0,1,3,4,1,0,0,0,1
Rater_3,Person_22,2,1,1,4,2,3,4,4,1,5,3,0
Rater_3,Person_23,4,5,5,2,3,2,2,4,2,4,4,4
Rater_3,Person_24,0,0,1,0,0,0,0,1,0,0,0,0
Rater_3,Person_25,3,0,3,2,0,3,4,2,1,4,2,5
Rater_3,Person_26,1,0,1,0,1,2,2,4,1,3,1,3
Rater_3,Person_27,1,0,1,0,1,1,2,3,1,1,0,2
Rater_3,Person_28,0,0,0,0,1,2,1,1,0,1,1,3
Rater_3,Person_29,0,1,0,1,0,0,0,1,0,1,2,1
Rater_3,Person_30,0,0,0,0,0,1,0,0,0,1,0,0
Rater_3,Person_31,3,4,3,3,4,1,5,5,3,4,4,5
Rater_3,Person_32,2,0,1,1,2,1,4,2,0,1,0,1
Rater_3,Person_33,1,0,0,1,0,0,2,0,0,0,0,1
Rater_3,Person_34,0,0,0,0,0,0,0,0,0,0,0,0
Rater_3,Person_35,0,0,1,0,0,0,1,0,0,1,0,0
Rater_3,Person_36,0,1,1,1,0,0,1,0,1,0,2,0
Rater_3,Person_37,0,0,0,0,1,1,1,1,0,0,0,0
Rater_3,Person_38,0,0,0,0,1,0,1,0,0,0,0,1
Rater_3,Person_39,1,4,1,3,2,4,3,5,0,5,2,3
Rater_3,Person_40,1,1,0,1,1,1,2,2,0,1,1,0
Rater_3,Person_41,0,0,0,0,0,0,0,0,0,0,0,0
Rater_3,Person_42,0,0,0,0,0,0,1,0,0,0,0,1
Rater_3,Person_43,2,0,1,1,0,0,0,2,0,1,1,2
Rater_3,Person_44,2,2,3,1,3,5,5,5,2,1,2,5
Rater_3,Person_45,0,0,0,0,1,0,0,0,0,0,0,0
Rater_3,Person_46,5,5,5,5,3,5,4,4,5,5,5,5
Rater_3,Person_47,0,0,0,1,0,1,0,0,0,0,0,0
Rater_3,Person_48,0,0,0,0,0,0,0,0,0,0,0,0
Rater_3,Person_49,0,2,2,1,2,2,4,5,1,4,2,1
Rater_3,Person_50,5,5,4,3,4,3,4,5,3,3,1,4
Rater_3,Person_51,1,1,1,0,0,0,1,1,0,1,0,1
Rater_3,Person_52,4,2,4,0,2,0,1,3,0,1,4,1
Rater_3,Person_53,1,0,0,1,0,0,1,1,0,1,0,0
Rater_3,Person_54,1,0,0,0,0,1,1,3,1,0,0,4
Rater_3,Person_55,5,5,4,5,3,5,5,5,1,4,4,4
Rater_3,Person_56,4,2,2,1,2,1,3,3,0,5,1,5
Rater_3,Person_57,0,0,0,0,0,0,0,0,0,0,0,0
Rater_3,Person_58,5,5,5,5,4,5,5,5,5,5,4,5
Rater_3,Person_59,0,0,0,0,0,0,0,1,0,1,0,0
Rater_3,Person_60,3,3,2,0,2,2,4,5,1,1,1,5
Rater_3,Person_61,1,0,1,3,1,2,2,4,0,3,1,4
Rater_3,Person_62,0,0,0,0,2,2,1,4,0,0,0,0
Rater_3,Person_63,1,1,1,0,1,2,1,1,0,2,1,4
Rater_3,Person_64,0,0,1,0,1,4,2,3,0,1,2,1
Rater_3,Person_65,2,1,1,3,2,2,5,4,2,5,4,3
Rater_3,Person_66,0,0,0,0,0,1,0,0,0,0,0,0
Rater_3,Person_67,0,0,0,0,1,0,0,1,0,1,0,0
Rater_3,Person_68,2,1,1,1,0,1,1,4,3,2,3,1
Rater_3,Person_69,5,4,5,2,3,5,5,5,4,4,5,4
Rater_3,Person_70,0,1,0,0,0,0,1,1,0,2,1,1
Rater_3,Person_71,5,5,4,3,5,5,5,5,5,4,2,5
Rater_3,Person_72,0,0,0,0,1,1,1,3,0,0,1,4
Rater_3,Person_73,5,1,4,5,5,5,4,5,2,5,5,5
Rater_3,Person_74,4,0,4,3,1,4,3,4,1,3,2,4
Rater_3,Person_75,0,0,2,0,3,0,5,3,2,0,0,1
Rater_3,Person_76,5,4,5,4,0,4,2,5,4,5,2,4
Rater_3,Person_77,0,0,1,0,0,1,1,0,0,0,0,0
Rater_3,Person_78,3,1,0,0,0,2,1,2,1,2,1,1
Rater_3,Person_79,0,0,0,0,0,0,1,0,0,0,0,0
Rater_3,Person_80,0,0,1,0,0,0,0,0,0,1,0,0
Rater_3,Person_81,1,4,5,1,4,4,5,3,0,3,1,3
Rater_3,Person_82,1,1,0,0,3,1,1,1,1,0,0,1
Rater_3,Person_83,2,4,3,3,3,4,5,2,3,4,2,4
Rater_3,Person_84,1,2,1,1,2,0,0,2,0,0,2,2
Rater_3,Person_85,0,0,0,0,0,0,1,2,0,0,0,1
Rater_3,Person_86,5,5,4,5,5,5,5,5,5,5,5,5
Rater_3,Person_87,5,5,4,3,5,3,5,5,1,5,4,4
Rater_3,Person_88,1,1,1,0,1,0,2,2,0,3,1,0
Rater_3,Person_89,2,1,1,2,1,2,1,0,2,1,0,0
Rater_3,Person_90,5,3,5,5,4,3,5,5,4,5,4,3
Rater_3,Person_91,0,1,2,0,0,1,1,1,1,1,1,1
Rater_3,Person_92,5,4,3,5,4,4,4,5,3,5,4,4
Rater_3,Person_93,3,3,5,3,1,3,4,3,2,2,1,4
Rater_3,Person_94,0,0,0,0,0,0,0,0,0,0,0,1
Rater_3,Person_95,3,2,2,1,3,5,3,5,1,4,1,3
Rater_3,Person_96,2,4,5,2,3,3,5,4,3,5,4,5
Rater_3,Person_97,1,0,2,4,0,4,4,4,3,2,0,2
Rater_3,Person_98,3,3,4,0,1,5,4,5,2,1,2,5
Rater_3,Person_99,4,3,5,5,4,2,4,5,2,5,2,4
Rater_3,Person_100,0,0,0,1,1,1,0,1,1,1,0,0
Rater_3,Person_101,5,4,3,5,5,4,5,4,4,5,5,5
Rater_3,Person_102,2,1,1,1,1,0,1,3,1,1,1,1
Rater_3,Person_103,2,3,3,3,0,1,2,2,2,4,5,1
Rater_3,Person_104,1,0,0,0,0,0,1,0,0,1,0,0
Rater_3,Person_105,2,1,2,3,0,4,5,5,2,3,2,5
Rater_3,Person_106,5,1,4,1,5,2,4,4,2,2,1,5
Rater_3,Person_107,1,0,0,0,0,1,1,0,0,1,0,0
Rater_3,Person_108,3,1,2,0,2,2,4,5,1,3,4,1
Rater_3,Person_109,1,1,4,1,1,2,4,4,1,1,1,3
Rater_3,Person_110,3,4,4,2,3,5,3,5,3,5,3,2
Rater_3,Person_111,4,4,1,1,1,0,2,2,1,3,2,3
Rater_3,Person_112,0,0,0,2,2,1,0,1,0,1,0,0
Rater_3,Person_113,0,2,0,1,1,2,2,1,1,0,0,2
Rater_3,Person_114,0,0,0,0,0,1,0,0,0,0,0,0
Rater_3,Person_115,0,0,1,1,1,1,2,2,0,0,0,2
Rater_3,Person_116,0,1,1,0,1,0,1,1,2,0,0,0
Rater_3,Person_117,1,3,4,3,3,1,5,3,1,4,2,4
Rater_3,Person_118,4,4,3,1,5,3,5,5,1,5,4,5
Rater_3,Person_119,2,1,3,3,2,1,4,5,0,4,1,1
Rater_3,Person_120,0,0,0,1,0,0,0,0,0,0,0,1
Rater_3,Person_121,0,1,0,1,0,2,4,3,1,2,2,5
Rater_3,Person_122,0,0,0,0,0,1,1,0,0,0,0,0
Rater_3,Person_123,0,1,2,3,2,0,2,3,1,1,4,4
Rater_3,Person_124,1,0,1,3,0,5,2,1,0,3,0,2
Rater_3,Person_125,0,0,0,0,0,1,1,0,0,0,0,0
Rater_3,Person_126,0,0,0,0,0,0,0,0,0,0,0,0
Rater_3,Person_127,0,2,0,4,0,5,4,4,2,1,1,1
Rater_3,Person_128,5,5,5,5,5,5,4,5,4,4,5,5
Rater_3,Person_129,1,0,0,0,0,2,0,2,0,1,0,1
Rater_3,Person_130,2,0,2,1,1,2,2,2,0,3,0,2
Rater_3,Person_131,1,0,0,0,0,0,0,1,0,0,0,1
Rater_3,Person_132,1,0,1,0,1,0,1,2,0,0,1,0
Rater_3,Person_133,0,0,0,0,0,0,0,0,0,0,0,0
Rater_3,Person_134,0,0,0,1,0,3,2,3,0,0,0,2
Rater_3,Person_135,0,3,1,0,1,1,0,4,1,2,1,2
Rater_3,Person_136,0,1,1,1,2,1,2,1,0,0,0,0
Rater_3,Person_137,1,2,4,2,3,1,0,3,1,0,0,1
Rater_3,Person_138,0,1,1,0,1,1,2,1,0,0,0,0
Rater_3,Person_139,5,5,0,5,5,4,4,4,5,5,0,5
Rater_3,Person_140,1,2,1,0,1,1,1,2,1,0,1,0
Rater_3,Person_141,1,0,1,0,0,2,1,2,0,0,2,2
Rater_3,Person_142,4,5,2,3,2,5,3,5,1,4,5,5
Rater_3,Person_143,1,2,0,0,2,0,1,2,2,1,0,1
Rater_3,Person_144,1,3,2,1,0,2,3,2,0,1,0,1
Rater_3,Person_145,0,0,1,0,0,0,0,1,0,0,0,0
Rater_3,Person_146,1,0,0,3,0,0,1,1,0,0,0,3
Rater_3,Person_147,4,5,5,5,5,5,4,4,2,5,5,5
Rater_3,Person_148,4,2,0,3,1,0,3,2,1,2,1,1
Rater_3,Person_149,2,2,1,4,5,4,5,3,1,4,4,4
Rater_3,Person_150,1,0,0,2,4,0,4,3,1,1,0,5
Rater_3,Person_151,4,4,5,4,4,5,5,5,3,5,4,5
Rater_3,Person_152,0,0,0,1,1,1,1,0,2,0,0,1
Rater_3,Person_153,1,0,0,0,0,0,1,1,0,1,0,1
Rater_3,Person_154,4,3,3,1,0,1,5,1,0,3,0,5
Rater_3,Person_155,1,2,5,0,1,3,3,4,2,2,2,5
Rater_3,Person_156,1,0,1,0,0,4,2,3,1,2,2,2
Rater_3,Person_157,5,0,2,1,1,1,3,1,1,1,1,0
Rater_3,Person_158,0,0,0,1,0,0,2,1,0,1,0,0
Rater_3,Person_159,4,4,3,1,4,4,4,4,0,1,4,5
Rater_3,Person_160,1,1,1,0,0,0,1,1,0,0,0,0
Rater_3,Person_161,1,1,1,2,1,1,3,2,1,1,3,4
Rater_3,Person_162,0,1,0,0,0,1,3,1,1,1,1,0
Rater_3,Person_163,5,4,5,5,5,5,5,5,4,5,4,5
Rater_3,Person_164,1,0,2,1,1,0,1,0,0,1,0,1
Rater_3,Person_165,0,1,0,0,2,1,1,3,0,1,0,3
Rater_3,Person_166,0,0,0,0,0,0,0,0,0,0,0,0
Rater_3,Person_167,0,0,0,0,0,0,0,0,1,0,0,0
Rater_3,Person_168,1,0,1,1,0,3,0,3,0,2,0,1
Rater_3,Person_169,0,1,1,1,1,1,0,0,0,0,0,0
Rater_3,Person_170,1,4,0,1,0,1,2,3,0,2,0,0
Rater_3,Person_171,0,0,0,0,0,0,1,1,0,1,0,1
Rater_3,Person_172,0,0,0,0,0,1,1,1,1,2,1,2
Rater_3,Person_173,1,0,1,2,1,3,1,3,1,1,1,1
Rater_3,Person_174,5,3,4,2,5,5,3,5,3,5,4,5
Rater_3,Person_175,0,0,0,0,0,0,2,0,0,1,1,1
Rater_3,Person_176,0,0,1,0,0,0,0,0,1,0,0,0
Rater_3,Person_177,1,0,0,0,0,0,0,1,0,1,0,0
Rater_3,Person_178,0,0,0,0,0,0,0,0,0,0,0,0
Rater_3,Person_179,0,0,0,0,0,0,0,0,0,0,0,0
Rater_3,Person_180,2,3,2,3,4,1,4,4,3,5,2,3
Rater_3,Person_181,5,5,5,5,2,5,5,5,5,5,3,5
Rater_3,Person_182,0,0,0,0,0,1,2,1,0,1,1,1
Rater_3,Person_183,1,0,1,2,1,1,1,2,0,2,1,0
Rater_3,Person_184,0,0,0,0,0,1,0,1,0,2,0,1
Rater_3,Person_185,5,1,5,2,5,3,3,5,1,3,2,3
Rater_3,Person_186,1,1,0,0,1,1,1,2,0,1,0,2
Rater_3,Person_187,1,1,0,0,0,0,0,2,0,2,0,3
Rater_3,Person_188,0,0,0,1,0,1,0,1,0,1,0,1
Rater_3,Person_189,0,0,0,0,0,0,0,0,0,0,0,0
Rater_3,Person_190,4,4,0,1,5,0,4,4,1,2,0,4
Rater_3,Person_191,0,0,0,0,0,0,0,1,0,1,0,0
Rater_3,Person_192,5,5,5,5,5,5,5,5,4,3,4,5
Rater_3,Person_193,3,3,3,4,4,3,4,5,4,4,3,3
Rater_3,Person_194,1,1,1,2,3,0,0,1,1,1,1,2
Rater_3,Person_195,0,0,0,0,0,0,0,0,0,0,0,0
Rater_3,Person_196,0,1,0,0,0,2,0,4,1,0,1,2
Rater_3,Person_197,5,5,3,2,2,4,4,4,2,2,0,5
Rater_3,Person_198,1,2,1,0,1,1,5,2,1,2,0,0
Rater_3,Person_199,0,1,0,1,0,1,1,1,0,1,0,0
Rater_3,Person_200,5,5,5,4,5,5,4,4,4,5,4,5
Rater_4,Person_1,1,0,0,0,0,1,2,1,0,2,1,1
Rater_4,Person_2,3,2,2,1,1,3,4,4,0,3,3,4
Rater_4,Person_3,4,4,2,4,5,4,3,5,4,4,3,4
Rater_4,Person_4,2,4,1,2,1,2,3,5,1,1,1,3
Rater_4,Person_5,4,5,4,5,3,5,5,5,3,4,4,5
Rater_4,Person_6,5,5,5,5,5,4,5,5,5,5,5,5
Rater_4,Person_7,0,0,1,1,2,0,2,2,0,1,0,0
Rater_4,Person_8,4,3,4,2,2,5,5,4,4,4,4,3
Rater_4,Person_9,1,0,1,1,1,1,1,1,1,1,0,1
Rater_4,Person_10,2,1,3,3,4,4,4,4,1,3,4,4
Rater_4,Person_11,2,1,1,2,1,1,2,3,1,2,0,2
Rater_4,Person_12,5,4,4,5,5,5,5,5,4,5,4,5
Rater_4,Person_13,1,1,0,1,0,2,2,2,1,1,1,1
Rater_4,Person_14,4,2,3,3,5,3,4,4,1,5,1,4
Rater_4,Person_15,1,2,1,0,1,1,2,2,1,1,0,3
Rater_4,Person_16,0,0,1,0,0,0,1,1,1,1,0,1
Rater_4,Person_17,4,5,3,5,4,1,5,4,4,2,4,4
Rater_4,Person_18,5,3,4,5,4,4,5,4,3,5,5,4
Rater_4,Person_19,5,2,1,4,5,3,4,4,4,3,3,3
Rater_4,Person_20,2,0,0,1,1,2,3,1,1,2,0,1
Rater_4,Person_21,4,2,1,3,1,3,4,4,1,4,2,4
Rater_4,Person_22,4,3,2,3,2,2,4,4,3,5,3,5
Rater_4,Person_23,5,5,3,5,5,5,4,5,4,5,1,5
Rater_4,Person_24,1,1,1,1,1,1,1,1,0,1,1,2
Rater_4,Person_25,5,3,4,4,2,5,5,5,3,5,4,4
Rater_4,Person_26,2,4,1,4,4,4,3,4,3,4,2,4
Rater_4,Person_27,2,2,4,2,2,1,1,5,1,1,2,3
Rater_4,Person_28,3,1,1,2,4,3,4,1,1,4,3,4
Rater_4,Person_29,1,1,2,1,3,1,4,2,2,0,1,2
Rater_4,Person_30,3,1,2,0,2,1,3,4,2,3,0,2
Rater_4,Person_31,5,4,5,5,5,3,5,5,4,5,4,5
Rater_4,Person_32,2,1,3,1,1,4,3,4,3,3,4,1
Rater_4,Person_33,2,1,1,1,1,2,1,3,1,1,1,1
Rater_4,Person_34,0,0,1,0,0,0,2,1,0,0,0,1
Rater_4,Person_35,1,1,1,1,1,2,1,3,2,1,1,2
Rater_4,Person_36,1,1,1,1,1,1,3,3,1,4,1,1
Rater_4,Person_37,1,0,1,1,0,1,1,2,1,1,2,1
Rater_4,Person_38,1,1,0,0,1,0,0,0,1,3,1,1
Rater_4,Person_39,4,3,3,3,3,4,5,4,4,5,1,3
Rater_4,Person_40,1,1,2,1,1,1,4,2,1,3,1,3
Rater_4,Person_41,0,1,1,1,0,1,2,2,1,1,1,1
Rater_4,Person_42,1,1,1,1,0,1,2,3,1,1,2,1
Rater_4,Person_43,3,3,1,1,1,1,3,5,1,1,1,4
Rater_4,Person_44,4,2,2,4,4,4,4,5,4,5,3,4
Rater_4,Person_45,1,1,3,1,0,1,2,1,0,1,1,1
Rater_4,Person_46,5,5,3,5,4,4,4,5,4,4,4,5
Rater_4,Person_47,2,1,0,4,3,2,3,4,1,1,1,2
Rater_4,Person_48,1,0,1,0,0,2,0,2,1,0,0,1
Rater_4,Person_49,5,1,4,3,4,4,4,4,4,4,4,3
Rater_4,Person_50,5,3,5,4,5,4,5,5,4,4,5,5
Rater_4,Person_51,1,2,2,2,1,1,5,1,1,4,1,4
Rater_4,Person_52,2,5,4,4,3,4,3,4,3,5,1,3
Rater_4,Person_53,1,0,4,1,2,1,3,3,2,1,0,3
Rater_4,Person_54,2,1,1,1,1,3,4,3,1,2,4,4
Rater_4,Person_55,5,5,4,5,5,5,5,5,5,4,4,5
Rater_4,Person_56,4,5,4,4,3,4,3,5,1,3,4,5
Rater_4,Person_57,1,1,2,0,1,1,1,0,1,2,1,1
Rater_4,Person_58,5,5,5,5,4,4,5,5,3,5,5,5
Rater_4,Person_59,1,1,0,0,1,1,1,3,1,1,1,2
Rater_4,Person_60,3,3,4,5,4,4,5,4,2,4,4,3
Rater_4,Person_61,4,3,4,4,4,5,4,4,1,4,3,4
Rater_4,Person_62,1,2,2,4,2,1,4,3,2,2,2,3
Rater_4,Person_63,3,1,4,4,3,3,5,4,2,4,2,3
Rater_4,Person_64,1,1,2,2,3,1,4,4,3,1,1,4
Rater_4,Person_65,3,5,5,3,3,5,5,5,3,4,5,5
Rater_4,Person_66,1,1,1,1,3,1,0,3,1,2,1,2
Rater_4,Person_67,1,1,1,2,2,1,3,2,0,0,0,1
Rater_4,Person_68,4,3,2,2,4,3,2,5,4,4,4,4
Rater_4,Person_69,5,5,5,4,5,5,5,5,4,5,5,5
Rater_4,Person_70,4,2,2,1,2,2,4,4,1,4,2,3
Rater_4,Person_71,5,5,4,5,3,5,5,5,4,5,5,5
Rater_4,Person_72,1,1,1,1,2,1,4,4,2,3,1,3
Rater_4,Person_73,5,5,4,5,4,4,5,5,4,4,5,5
Rater_4,Person_74,5,5,3,5,4,5,4,3,3,4,4,5
Rater_4,Person_75,3,1,3,4,4,4,5,4,4,4,4,4
Rater_4,Person_76,5,4,4,4,5,3,5,5,4,5,1,5
Rater_4,Person_77,1,3,1,2,1,2,4,3,1,3,1,2
Rater_4,Person_78,2,2,1,4,1,2,2,3,3,4,3,4
Rater_4,Person_79,2,1,1,0,1,1,2,1,1,1,1,3
Rater_4,Person_80,1,1,1,0,1,1,1,1,1,1,0,1
Rater_4,Person_81,4,4,4,4,4,2,5,5,3,4,3,5
Rater_4,Person_82,2,3,4,1,1,4,4,3,0,5,1,4
Rater_4,Person_83,5,5,4,4,5,3,5,5,2,4,5,5
Rater_4,Person_84,4,2,1,2,1,1,3,4,4,3,1,4
Rater_4,Person_85,3,1,1,2,1,2,1,3,2,1,0,1
Rater_4,Person_86,5,5,4,5,5,5,5,5,5,5,5,5
Rater_4,Person_87,4,5,5,5,4,4,5,5,3,5,4,4
Rater_4,Person_88,5,3,1,2,1,4,2,3,3,1,3,4
Rater_4,Person_89,1,1,2,1,2,2,1,4,1,3,1,3
Rater_4,Person_90,5,4,4,5,4,5,5,5,5,5,1,5
Rater_4,Person_91,1,2,1,2,2,3,3,1,2,1,3,1
Rater_4,Person_92,5,5,4,4,5,5,5,5,5,5,4,5
Rater_4,Person_93,4,3,4,4,4,3,4,5,4,5,4,4
Rater_4,Person_94,1,1,0,0,1,1,1,3,0,1,1,2
Rater_4,Person_95,3,3,1,4,3,5,4,3,2,4,3,4
Rater_4,Person_96,4,5,4,4,5,4,4,5,2,5,4,5
Rater_4,Person_97,4,2,1,3,4,3,4,3,3,4,4,5
Rater_4,Person_98,4,3,4,5,2,4,3,5,2,4,4,5
Rater_4,Person_99,5,4,4,4,4,5,5,5,4,4,5,5
Rater_4,Person_100,1,2,2,1,2,1,4,1,2,3,1,2
Rater_4,Person_101,5,5,5,5,5,5,5,5,4,5,4,5
Rater_4,Person_102,3,3,2,4,3,3,2,4,2,4,0,5
Rater_4,Person_103,4,4,1,2,5,4,4,4,4,5,2,3
Rater_4,Person_104,0,0,1,1,0,1,0,0,0,2,1,1
Rater_4,Person_105,4,5,4,5,5,4,4,5,3,4,4,5
Rater_4,Person_106,5,5,1,1,5,4,3,5,4,5,5,4
Rater_4,Person_107,2,0,1,1,0,1,0,2,1,4,2,2
Rater_4,Person_108,4,5,5,4,2,4,5,5,2,5,2,4
Rater_4,Person_109,4,3,4,2,2,5,4,5,1,2,3,5
Rater_4,Person_110,5,3,4,4,3,3,5,4,4,4,5,5
Rater_4,Person_111,4,3,4,4,5,5,5,5,3,4,4,4
Rater_4,Person_112,1,3,1,2,1,2,2,2,2,2,3,2
Rater_4,Person_113,1,1,4,4,2,2,4,5,1,4,1,4
Rater_4,Person_114,0,1,1,1,1,1,0,0,1,0,1,2
Rater_4,Person_115,1,2,3,3,2,1,5,4,1,3,4,4
Rater_4,Person_116,2,3,1,1,2,2,1,4,0,3,1,2
Rater_4,Person_117,5,4,4,5,3,2,5,5,4,4,4,5
Rater_4,Person_118,4,5,4,4,3,5,4,5,5,5,3,5
Rater_4,Person_119,5,4,3,4,4,4,5,4,2,3,4,4
Rater_4,Person_120,1,1,0,0,1,1,1,2,1,1,0,1
Rater_4,Person_121,3,2,3,3,1,3,5,4,2,4,2,3
Rater_4,Person_122,1,1,1,1,1,1,1,1,1,1,0,4
Rater_4,Person_123,2,2,3,5,2,4,4,2,3,5,5,5
Rater_4,Person_124,4,1,3,2,3,5,2,4,3,1,3,4
Rater_4,Person_125,2,1,2,0,2,0,2,1,0,1,2,2
Rater_4,Person_126,1,0,2,1,1,2,0,1,1,2,0,1
Rater_4,Person_127,5,5,4,4,4,5,5,5,5,5,3,5
Rater_4,Person_128,4,5,4,5,5,5,5,5,4,5,5,5
Rater_4,Person_129,3,1,1,1,1,0,5,2,1,1,2,3
Rater_4,Person_130,3,3,5,3,4,2,5,2,4,3,3,4
Rater_4,Person_131,1,1,1,1,2,2,3,4,1,2,0,1
Rater_4,Person_132,2,1,2,2,1,4,1,4,1,4,3,4
Rater_4,Person_133,1,0,0,1,0,0,1,1,0,1,0,1
Rater_4,Person_134,4,1,3,2,1,2,4,3,2,2,4,5
Rater_4,Person_135,1,4,2,2,1,1,5,5,3,2,3,4
Rater_4,Person_136,1,1,1,3,3,2,0,5,1,1,3,3
Rater_4,Person_137,3,3,2,3,3,1,4,3,3,4,2,3
Rater_4,Person_138,2,1,2,1,1,1,5,2,2,2,1,2
Rater_4,Person_139,3,4,5,3,3,4,5,4,2,4,4,5
Rater_4,Person_140,4,3,1,1,3,3,1,3,1,4,2,4
Rater_4,Person_141,3,3,4,2,3,3,1,4,3,3,1,4
Rater_4,Person_142,4,4,3,4,3,5,5,4,5,3,4,5
Rater_4,Person_143,1,2,1,3,1,4,4,4,3,4,3,3
Rater_4,Person_144,5,3,3,4,1,3,3,5,5,2,3,5
Rater_4,Person_145,1,1,1,0,0,1,1,1,1,0,0,0
Rater_4,Person_146,2,2,3,1,0,1,2,2,1,2,1,2
Rater_4,Person_147,5,5,5,5,5,4,5,5,5,5,5,4
Rater_4,Person_148,3,2,2,2,1,1,5,5,2,5,1,3
Rater_4,Person_149,4,3,4,3,1,4,5,5,5,4,4,4
Rater_4,Person_150,2,4,2,3,3,2,3,4,1,3,3,2
Rater_4,Person_151,4,5,5,5,5,5,4,5,5,5,5,5
Rater_4,Person_152,2,1,1,2,1,2,2,3,0,1,2,2
Rater_4,Person_153,1,1,1,1,0,2,2,3,2,1,0,2
Rater_4,Person_154,3,1,3,4,3,2,3,4,2,4,2,4
Rater_4,Person_155,4,4,1,3,4,3,4,5,3,5,4,4
Rater_4,Person_156,2,4,1,4,4,5,4,4,2,3,1,4
Rater_4,Person_157,4,1,4,4,1,1,4,5,3,2,2,3
Rater_4,Person_158,2,1,3,1,0,2,1,4,1,2,2,4
Rater_4,Person_159,5,5,5,4,3,3,5,5,3,5,3,4
Rater_4,Person_160,4,1,3,2,2,2,2,4,2,4,2,5
Rater_4,Person_161,5,4,2,3,4,5,4,5,5,4,2,4
Rater_4,Person_162,1,1,1,2,1,2,3,4,0,2,2,4
Rater_4,Person_163,5,5,4,5,5,5,5,5,5,5,3,5
Rater_4,Person_164,0,0,2,2,1,1,4,3,1,2,2,2
Rater_4,Person_165,2,4,3,1,1,4,3,5,2,3,3,3
Rater_4,Person_166,1,1,1,2,1,1,3,1,1,3,1,2
Rater_4,Person_167,2,1,1,1,1,1,2,3,1,1,1,2
Rater_4,Person_168,1,1,3,4,3,3,4,5,1,3,2,3
Rater_4,Person_169,1,1,1,1,1,2,2,3,1,3,0,3
Rater_4,Person_170,2,2,1,3,4,3,4,3,2,3,2,3
Rater_4,Person_171,1,0,2,0,1,2,2,3,1,2,1,1
Rater_4,Person_172,4,4,3,4,1,4,2,4,3,4,2,4
Rater_4,Person_173,4,1,3,2,1,3,3,4,1,3,2,5
Rater_4,Person_174,5,5,5,4,4,4,4,5,4,5,4,4
Rater_4,Person_175,1,1,2,0,2,1,1,1,1,2,1,1
Rater_4,Person_176,1,0,1,2,1,1,0,4,1,1,0,2
Rater_4,Person_177,1,1,3,0,2,1,1,2,2,1,1,2
Rater_4,Person_178,1,1,0,0,1,0,0,2,0,0,0,1
Rater_4,Person_179,1,0,1,1,1,1,0,2,0,1,0,1
Rater_4,Person_180,4,4,2,4,2,4,4,4,1,4,2,4
Rater_4,Person_181,5,5,5,5,3,5,5,5,5,5,5,5
Rater_4,Person_182,2,2,2,3,1,1,3,4,1,2,2,3
Rater_4,Person_183,5,1,2,2,3,4,3,5,2,3,1,3
Rater_4,Person_184,2,1,1,1,1,2,3,2,2,2,2,2
Rater_4,Person_185,3,3,4,5,2,4,4,4,4,5,3,5
Rater_4,Person_186,1,2,0,2,2,3,5,4,1,2,1,3
Rater_4,Person_187,3,2,1,1,1,2,4,4,1,1,1,4
Rater_4,Person_188,3,1,1,1,4,1,3,5,2,3,4,3
Rater_4,Person_189,0,1,1,1,0,1,1,2,1,1,0,1
Rater_4,Person_190,3,4,4,4,3,3,5,5,3,5,4,4
Rater_4,Person_191,1,1,0,1,0,1,3,2,0,0,1,2
Rater_4,Person_192,5,4,5,5,5,4,5,5,5,5,5,5
Rater_4,Person_193,4,3,3,4,4,4,5,5,5,5,5,5
Rater_4,Person_194,4,4,3,2,5,4,5,5,2,3,2,3
Rater_4,Person_195,1,0,0,0,1,0,0,0,0,1,0,1
Rater_4,Person_196,1,2,2,2,2,4,3,3,4,4,4,2
Rater_4,Person_197,3,4,4,2,3,3,4,5,4,3,4,5
Rater_4,Person_198,2,4,5,2,4,3,5,4,1,1,1,4
Rater_4,Person_199,1,0,1,3,1,3,3,3,1,4,1,3
Rater_4,Person_200,5,5,5,5,4,5,5,5,5,5,5,4
Rater_5,Person_1,0,0,0,0,0,0,0,3,0,0,0,0
Rater_5,Person_2,1,0,3,2,0,4,4,4,0,4,3,5
Rater_5,Person_3,4,5,5,4,4,5,5,4,2,5,4,5
Rater_5,Person_4,5,1,1,5,1,4,5,5,1,4,2,4
Rater_5,Person_5,4,3,4,1,3,4,5,5,4,5,4,5
Rater_5,Person_6,5,5,5,5,5,5,5,5,5,5,5,5
Rater_5,Person_7,0,0,0,1,0,0,0,1,0,0,0,0
Rater_5,Person_8,5,5,4,4,5,4,5,5,3,5,5,5
Rater_5,Person_9,0,0,0,0,0,0,1,1,0,1,0,1
Rater_5,Person_10,3,1,3,3,3,5,4,5,4,4,1,5
Rater_5,Person_11,0,2,4,0,0,0,5,5,0,4,2,3
Rater_5,Person_12,4,5,5,4,5,4,5,5,5,5,5,5
Rater_5,Person_13,2,0,0,0,2,0,1,1,0,0,1,2
Rater_5,Person_14,5,4,4,4,3,3,4,5,2,5,5,5
Rater_5,Person_15,2,2,1,1,0,0,1,3,0,0,0,1
Rater_5,Person_16,0,0,0,1,0,0,0,0,0,0,0,0
Rater_5,Person_17,5,0,3,4,5,5,5,5,0,5,3,5
Rater_5,Person_18,5,5,5,5,4,5,5,5,5,5,4,5
Rater_5,Person_19,5,0,3,5,1,5,5,5,1,5,3,5
Rater_5,Person_20,0,0,0,0,0,0,0,4,1,1,1,1
Rater_5,Person_21,4,2,2,2,2,4,5,5,0,5,4,4
Rater_5,Person_22,4,0,4,5,4,4,5,5,2,5,2,5
Rater_5,Person_23,5,5,5,5,5,5,5,5,4,5,5,5
Rater_5,Person_24,0,0,0,0,0,1,1,0,0,0,0,3
Rater_5,Person_25,4,3,4,3,4,2,5,5,1,5,3,5
Rater_5,Person_26,3,3,5,3,2,4,4,5,3,4,1,3
Rater_5,Person_27,4,0,0,2,2,0,5,5,0,5,0,3
Rater_5,Person_28,4,1,0,4,3,0,5,5,0,5,2,5
Rater_5,Person_29,1,0,0,0,1,1,4,3,0,0,1,2
Rater_5,Person_30,2,2,0,2,1,0,3,2,0,3,1,0
Rater_5,Person_31,5,5,5,5,5,5,5,5,4,5,1,5
Rater_5,Person_32,3,2,2,1,1,4,5,5,2,5,1,4
Rater_5,Person_33,0,2,2,0,0,0,4,5,1,2,0,4
Rater_5,Person_34,0,0,0,0,0,0,0,0,0,0,0,0
Rater_5,Person_35,1,0,0,1,2,0,2,5,0,1,0,4
Rater_5,Person_36,1,1,3,0,1,1,4,5,0,1,0,2
Rater_5,Person_37,1,1,0,0,0,0,0,1,0,1,0,1
Rater_5,Person_38,1,0,0,0,0,1,1,0,0,1,0,1
Rater_5,Person_39,5,1,5,3,3,5,5,5,5,5,3,4
Rater_5,Person_40,5,2,2,1,0,2,2,5,1,4,2,5
Rater_5,Person_41,0,0,0,0,0,0,0,2,0,0,1,0
Rater_5,Person_42,0,0,0,0,0,4,0,0,0,0,0,0
Rater_5,Person_43,2,3,0,1,1,2,3,4,0,5,1,5
Rater_5,Person_44,4,4,3,5,3,4,5,5,5,5,5,4
Rater_5,Person_45,2,0,0,0,0,0,0,1,0,1,0,0
Rater_5,Person_46,5,5,5,5,4,5,5,5,5,5,5,5
Rater_5,Person_47,1,0,1,0,0,1,5,3,0,1,0,3
Rater_5,Person_48,0,0,0,1,1,0,1,0,0,0,0,1
Rater_5,Person_49,5,5,4,4,1,3,5,5,1,5,3,5
Rater_5,Person_50,5,5,4,5,5,5,5,5,5,5,5,4
Rater_5,Person_51,2,0,0,2,0,1,5,2,0,1,1,4
Rater_5,Person_52,4,2,3,4,5,3,5,5,1,2,5,5
Rater_5,Person_53,1,2,1,1,1,2,5,4,0,1,1,2
Rater_5,Person_54,1,1,2,0,0,2,5,5,0,2,1,4
Rater_5,Person_55,5,5,5,5,5,4,5,5,5,5,5,5
Rater_5,Person_56,5,5,2,4,5,5,5,4,4,5,4,5
Rater_5,Person_57,0,0,0,0,0,0,1,0,1,0,0,1
Rater_5,Person_58,5,5,5,5,5,5,5,5,5,5,5,5
Rater_5,Person_59,1,0,0,0,0,2,1,1,0,1,0,0
Rater_5,Person_60,3,5,5,5,5,5,4,5,4,5,4,5
Rater_5,Person_61,4,3,2,1,2,5,5,5,2,5,5,4
Rater_5,Person_62,1,2,3,1,2,5,4,5,1,4,5,4
Rater_5,Person_63,1,5,1,5,1,3,4,5,2,5,1,5
Rater_5,Person_64,3,4,1,1,1,2,3,3,1,5,1,4
Rater_5,Person_65,5,4,5,5,5,4,5,5,5,4,4,4
Rater_5,Person_66,0,0,0,1,0,0,0,5,0,1,0,2
Rater_5,Person_67,1,0,0,0,0,0,0,3,0,0,0,1
Rater_5,Person_68,5,3,5,5,4,4,5,5,2,5,3,5
Rater_5,Person_69,5,5,5,5,4,5,5,5,5,5,5,5
Rater_5,Person_70,0,0,2,2,1,0,4,5,1,5,3,5
Rater_5,Person_71,5,5,5,5,5,4,5,5,4,5,5,5
Rater_5,Person_72,5,0,3,4,2,1,4,5,2,4,1,4
Rater_5,Person_73,5,5,5,5,5,5,5,5,4,5,5,5
Rater_5,Person_74,5,5,2,4,5,5,5,5,3,5,5,5
Rater_5,Person_75,4,5,1,4,3,5,4,4,3,4,5,5
Rater_5,Person_76,5,5,1,3,3,4,5,5,4,5,5,5
Rater_5,Person_77,1,1,0,1,0,0,5,3,0,0,3,1
Rater_5,Person_78,5,1,1,2,4,2,4,5,1,4,2,5
Rater_5,Person_79,1,1,0,0,0,0,1,0,0,0,0,0
Rater_5,Person_80,0,0,0,0,0,0,1,0,0,0,0,0
Rater_5,Person_81,5,2,5,5,2,5,5,5,4,5,5,5
Rater_5,Person_82,0,1,2,2,1,4,2,4,0,4,0,5
Rater_5,Person_83,4,5,4,3,5,3,4,5,5,5,4,5
Rater_5,Person_84,4,1,1,5,5,3,5,5,2,3,3,5
Rater_5,Person_85,3,0,0,0,0,1,2,5,0,1,0,4
Rater_5,Person_86,5,5,5,5,5,5,5,5,5,5,5,5
Rater_5,Person_87,5,4,5,5,5,5,5,5,3,5,5,5
Rater_5,Person_88,4,2,1,2,2,5,4,5,2,4,3,5
Rater_5,Person_89,4,0,1,0,0,2,2,5,4,5,2,5
Rater_5,Person_90,5,4,5,5,5,5,5,5,4,5,3,4
Rater_5,Person_91,1,0,1,2,0,2,5,5,0,4,1,0
Rater_5,Person_92,5,5,4,5,5,4,5,5,4,4,5,5
Rater_5,Person_93,5,3,5,5,4,1,5,5,3,5,2,5
Rater_5,Person_94,0,0,0,1,1,0,1,5,0,0,0,1
Rater_5,Person_95,5,5,1,4,3,5,5,5,3,5,4,4
Rater_5,Person_96,5,4,4,5,5,5,5,5,5,5,5,5
Rater_5,Person_97,5,4,4,4,5,5,5,5,3,5,4,5
Rater_5,Person_98,5,5,5,5,4,5,5,5,3,5,5,5
Rater_5,Person_99,4,5,5,3,5,5,5,5,5,4,4,5
Rater_5,Person_100,2,2,1,1,1,1,2,5,0,3,1,2
Rater_5,Person_101,5,5,5,5,5,5,5,5,5,5,5,5
Rater_5,Person_102,3,3,4,2,1,4,4,5,0,4,3,5
Rater_5,Person_103,5,5,4,4,4,3,4,4,2,5,1,4
Rater_5,Person_104,0,0,0,0,0,0,0,0,0,1,0,1
Rater_5,Person_105,5,2,4,5,5,5,5,5,5,5,3,5
Rater_5,Person_106,5,4,3,4,3,4,4,5,3,5,5,3
Rater_5,Person_107,0,0,1,1,0,0,3,4,0,2,0,1
Rater_5,Person_108,4,1,4,5,5,1,4,5,2,5,4,5
Rater_5,Person_109,3,2,5,5,4,4,5,5,5,5,2,4
Rater_5,Person_110,5,3,5,5,5,5,4,5,5,5,5,5
Rater_5,Person_111,4,2,4,5,4,5,4,4,4,5,4,5
Rater_5,Person_112,1,1,2,0,0,1,1,4,0,1,2,2
Rater_5,Person_113,4,3,1,2,1,1,5,5,0,5,1,5
Rater_5,Person_114,1,0,0,0,0,0,1,0,0,0,0,0
Rater_5,Person_115,2,0,1,2,3,5,3,2,2,5,1,5
Rater_5,Person_116,1,1,1,0,0,2,1,5,0,0,0,5
Rater_5,Person_117,5,4,5,3,5,4,5,5,1,5,5,5
Rater_5,Person_118,5,4,5,5,5,5,5,5,5,5,5,5
Rater_5,Person_119,5,3,1,4,5,5,4,5,3,4,2,5
Rater_5,Person_120,0,0,0,0,0,0,0,1,1,1,1,0
Rater_5,Person_121,5,4,2,4,5,4,4,5,3,3,3,5
Rater_5,Person_122,0,0,0,0,0,0,1,4,0,0,2,1
Rater_5,Person_123,4,0,2,3,4,5,5,5,3,3,2,5
Rater_5,Person_124,2,1,5,4,0,3,5,3,2,4,4,5
Rater_5,Person_125,0,2,0,0,1,0,1,4,0,1,0,2
Rater_5,Person_126,0,0,0,0,0,0,1,1,1,1,0,1
Rater_5,Person_127,4,4,4,5,5,5,5,5,4,5,4,4
Rater_5,Person_128,5,5,5,5,5,5,5,5,5,5,4,5
Rater_5,Person_129,1,0,0,1,2,2,4,4,2,2,2,4
Rater_5,Person_130,1,2,2,1,1,3,4,5,2,5,1,3
Rater_5,Person_131,1,1,2,0,2,0,0,4,0,2,3,4
Rater_5,Person_132,4,0,2,1,0,2,5,5,2,2,1,5
Rater_5,Person_133,0,0,0,0,0,0,2,2,0,1,0,3
Rater_5,Person_134,2,1,3,0,4,0,5,5,0,3,3,4
Rater_5,Person_135,0,4,3,2,2,2,3,4,1,3,2,3
Rater_5,Person_136,2,0,0,0,1,0,5,4,0,2,0,4
Rater_5,Person_137,2,1,1,2,2,2,5,3,0,3,5,5
Rater_5,Person_138,3,2,0,0,2,1,3,4,0,2,4,2
Rater_5,Person_139,4,5,5,5,4,5,5,5,5,5,5,5
Rater_5,Person_140,4,2,0,2,3,3,5,5,2,2,1,5
Rater_5,Person_141,2,0,3,2,5,3,5,5,0,5,2,5
Rater_5,Person_142,5,5,4,2,4,1,4,4,4,4,5,5
Rater_5,Person_143,3,4,2,1,2,5,5,4,1,5,1,5
Rater_5,Person_144,4,4,4,0,4,2,5,4,1,4,2,4
Rater_5,Person_145,1,0,1,0,0,1,0,0,0,0,0,0
Rater_5,Person_146,3,1,0,3,0,5,4,5,0,0,0,1
Rater_5,Person_147,5,5,5,4,5,5,5,5,5,5,5,5
Rater_5,Person_148,5,4,3,3,0,5,5,5,1,4,3,5
Rater_5,Person_149,5,5,4,5,4,4,5,5,5,5,4,4
Rater_5,Person_150,4,4,4,2,4,1,5,5,0,0,5,5
Rater_5,Person_151,5,5,5,5,4,5,5,5,4,5,5,5
Rater_5,Person_152,1,1,0,1,1,0,2,4,0,2,3,1
Rater_5,Person_153,0,0,0,1,0,0,2,4,0,0,0,2
Rater_5,Person_154,5,3,4,5,5,1,5,4,5,4,4,5
Rater_5,Person_155,4,5,3,3,2,4,4,5,4,5,5,5
Rater_5,Person_156,2,1,2,4,1,1,5,5,2,4,2,5
Rater_5,Person_157,2,2,3,1,5,4,5,3,0,5,4,3
Rater_5,Person_158,1,0,1,1,0,1,2,3,1,2,0,1
Rater_5,Person_159,4,5,4,2,4,5,5,5,5,5,5,5
Rater_5,Person_160,3,1,2,0,4,3,4,5,2,5,5,5
Rater_5,Person_161,4,3,2,3,1,3,4,5,3,5,3,5
Rater_5,Person_162,3,2,1,1,0,4,3,3,0,5,0,1
Rater_5,Person_163,4,5,5,5,5,5,5,5,4,5,5,5
Rater_5,Person_164,1,1,2,1,1,1,4,3,0,3,1,3
Rater_5,Person_165,1,3,1,0,0,0,5,5,2,2,3,4
Rater_5,Person_166,0,1,0,0,0,1,1,2,0,0,0,0
Rater_5,Person_167,1,0,1,2,0,0,1,2,1,1,0,1
Rater_5,Person_168,4,1,2,3,1,4,4,3,2,4,2,2
Rater_5,Person_169,1,1,1,1,0,2,1,5,1,0,0,0
Rater_5,Person_170,4,2,5,2,2,4,5,4,2,4,3,2
Rater_5,Person_171,3,0,0,2,0,0,2,3,0,1,2,2
Rater_5,Person_172,0,1,0,1,1,3,4,5,2,4,2,5
Rater_5,Person_173,2,0,0,4,1,3,3,5,1,5,0,3
Rater_5,Person_174,5,1,3,5,2,5,4,5,2,5,5,5
Rater_5,Person_175,0,3,3,0,1,1,4,3,0,1,1,5
Rater_5,Person_176,0,0,0,1,0,0,2,5,0,1,1,1
Rater_5,Person_177,1,0,0,0,1,0,5,5,1,3,0,0
Rater_5,Person_178,0,0,0,0,0,0,0,0,0,0,0,0
Rater_5,Person_179,0,0,0,0,1,0,0,0,0,0,0,0
Rater_5,Person_180,4,4,5,4,4,5,5,5,5,5,5,4
Rater_5,Person_181,5,5,5,5,4,5,5,5,5,5,4,5
Rater_5,Person_182,0,0,0,1,0,0,4,5,0,1,0,1
Rater_5,Person_183,1,3,4,2,2,0,5,5,0,2,2,5
Rater_5,Person_184,1,0,0,2,0,0,4,3,0,3,1,5
Rater_5,Person_185,5,5,3,4,4,4,5,4,5,5,1,4
Rater_5,Person_186,2,1,2,2,0,1,4,3,0,4,2,5
Rater_5,Person_187,2,2,0,1,0,3,1,5,0,4,1,4
Rater_5,Person_188,1,2,0,1,1,1,4,4,1,3,2,2
Rater_5,Person_189,0,0,0,0,0,0,0,1,0,2,1,1
Rater_5,Person_190,4,4,5,4,2,5,4,5,5,4,2,5
Rater_5,Person_191,1,0,0,2,0,0,1,2,0,2,0,0
Rater_5,Person_192,5,5,5,5,5,5,5,5,4,5,5,5
Rater_5,Person_193,5,5,4,5,5,5,5,5,5,5,5,5
Rater_5,Person_194,4,0,1,3,2,1,5,4,4,5,1,3
Rater_5,Person_195,0,0,0,0,0,0,0,0,0,0,0,0
Rater_5,Person_196,5,5,2,4,2,2,4,5,0,5,5,5
Rater_5,Person_197,3,2,5,4,5,4,3,5,3,5,4,5
Rater_5,Person_198,5,1,4,4,1,4,4,5,5,4,3,4
Rater_5,Person_199,4,0,1,2,0,0,2,5,1,2,1,3
Rater_5,Person_200,5,5,5,5,5,5,5,5,5,5,5,5
Rater_6,Person_1,1,0,0,1,2,1,0,2,0,1,1,1
Rater_6,Person_2,2,2,2,2,1,5,5,5,1,3,4,4
Rater_6,Person_3,5,5,2,5,5,5,5,5,3,5,4,4
Rater_6,Person_4,4,4,3,1,4,4,5,5,1,5,4,5
Rater_6,Person_5,2,4,1,3,4,5,5,5,3,4,3,4
Rater_6,Person_6,5,5,5,5,5,5,5,5,5,5,5,5
Rater_6,Person_7,1,2,0,1,1,1,2,3,0,0,1,3
Rater_6,Person_8,4,4,4,5,5,5,3,5,5,5,2,5
Rater_6,Person_9,2,1,0,1,0,1,1,1,0,1,1,0
Rater_6,Person_10,3,5,4,3,4,4,4,4,1,5,2,5
Rater_6,Person_11,3,1,2,1,3,0,3,2,1,2,2,3
Rater_6,Person_12,5,3,4,4,5,3,5,5,5,5,4,5
Rater_6,Person_13,3,1,0,2,1,2,3,3,1,2,1,3
Rater_6,Person_14,3,4,2,3,4,5,5,5,3,5,5,4
Rater_6,Person_15,1,2,1,1,1,1,1,2,0,1,2,1
Rater_6,Person_16,0,0,1,0,0,1,1,1,0,2,0,0
Rater_6,Person_17,3,3,1,4,4,1,5,5,1,5,2,5
Rater_6,Person_18,5,5,5,5,5,4,4,5,5,5,4,5
Rater_6,Person_19,4,4,5,5,4,4,4,5,4,5,4,5
Rater_6,Person_20,1,2,1,1,1,0,3,2,1,1,1,2
Rater_6,Person_21,3,4,4,4,5,1,4,5,3,2,4,5
Rater_6,Person_22,5,5,5,4,4,4,4,5,4,4,3,5
Rater_6,Person_23,5,4,5,3,5,4,5,5,3,4,3,5
Rater_6,Person_24,1,1,1,1,1,0,3,2,2,1,1,1
Rater_6,Person_25,4,4,4,5,5,4,5,5,5,4,4,5
Rater_6,Person_26,5,1,4,4,1,4,3,4,3,3,3,3
Rater_6,Person_27,2,1,2,1,3,3,3,5,1,2,2,4
Rater_6,Person_28,4,2,2,3,3,2,5,4,1,2,3,5
Rater_6,Person_29,3,2,1,2,2,0,4,4,3,1,3,2
Rater_6,Person_30,2,2,0,1,1,1,4,4,2,2,2,4
Rater_6,Person_31,5,4,5,5,4,4,5,5,5,4,4,5
Rater_6,Person_32,4,5,3,3,3,3,5,5,2,4,4,5
Rater_6,Person_33,4,1,1,2,1,3,2,3,1,4,1,2
Rater_6,Person_34,0,1,0,0,1,0,1,0,0,0,1,1
Rater_6,Person_35,1,4,0,2,0,1,3,4,1,3,1,2
Rater_6,Person_36,1,0,1,1,1,1,3,3,0,1,1,1
Rater_6,Person_37,0,0,0,1,0,1,2,2,1,2,2,2
Rater_6,Person_38,1,1,1,1,1,2,2,4,1,1,1,2
Rater_6,Person_39,5,5,4,4,3,5,4,5,3,5,5,5
Rater_6,Person_40,0,1,5,2,1,4,5,2,1,5,1,5
Rater_6,Person_41,0,1,1,0,0,1,2,4,1,1,0,1
Rater_6,Person_42,1,1,1,1,0,1,4,1,2,1,0,2
Rater_6,Person_43,3,1,0,3,1,2,4,5,0,2,1,3
Rater_6,Person_44,3,5,5,5,3,5,4,5,2,4,5,5
Rater_6,Person_45,2,0,0,0,1,0,1,1,1,1,1,2
Rater_6,Person_46,5,4,5,5,5,5,5,5,5,5,5,5
Rater_6,Person_47,1,1,1,1,1,1,5,1,1,2,1,5
Rater_6,Person_48,0,0,2,1,0,0,1,1,1,2,1,1
Rater_6,Person_49,4,4,4,3,5,3,4,5,3,5,4,4
Rater_6,Person_50,4,4,5,5,5,5,4,5,4,3,4,5
Rater_6,Person_51,3,4,3,3,2,2,4,4,2,3,2,4
Rater_6,Person_52,5,3,3,4,4,5,5,5,3,5,5,5
Rater_6,Person_53,4,1,2,1,2,4,2,4,2,3,1,4
Rater_6,Person_54,4,0,3,5,3,3,5,4,2,5,3,4
Rater_6,Person_55,5,5,4,5,5,5,5,5,5,5,5,5
Rater_6,Person_56,4,5,3,4,4,5,5,5,3,5,4,5
Rater_6,Person_57,3,1,1,1,1,1,2,4,0,1,0,2
Rater_6,Person_58,5,4,5,5,5,5,5,5,5,5,5,5
Rater_6,Person_59,3,1,0,1,1,1,2,2,1,2,2,1
Rater_6,Person_60,5,5,4,4,4,4,5,5,4,1,3,5
Rater_6,Person_61,4,4,3,4,4,3,5,5,2,2,2,5
Rater_6,Person_62,4,2,5,4,2,1,4,4,3,3,3,2
Rater_6,Person_63,3,2,2,5,1,5,5,4,4,4,5,4
Rater_6,Person_64,3,4,2,2,1,4,4,4,3,5,1,4
Rater_6,Person_65,4,4,5,4,5,4,5,5,4,5,5,5
Rater_6,Person_66,1,0,1,2,1,1,4,5,0,2,1,4
Rater_6,Person_67,1,1,0,3,0,1,1,3,0,1,1,4
Rater_6,Person_68,4,4,4,4,3,5,4,5,2,5,5,5
Rater_6,Person_69,4,5,4,5,5,5,5,5,4,5,5,5
Rater_6,Person_70,3,2,2,3,2,3,4,5,2,3,4,5
Rater_6,Person_71,5,4,5,5,5,4,5,5,5,5,3,5
Rater_6,Person_72,1,1,4,2,1,2,4,3,3,2,0,4
Rater_6,Person_73,5,5,4,5,5,4,5,5,3,5,5,5
Rater_6,Person_74,4,4,5,5,4,5,4,5,3,5,4,4
Rater_6,Person_75,3,4,5,5,2,4,4,5,3,5,4,5
Rater_6,Person_76,4,5,2,4,4,4,5,5,1,5,4,4
Rater_6,Person_77,3,0,1,3,1,1,2,4,0,1,0,4
Rater_6,Person_78,2,2,5,3,2,3,4,3,1,5,1,4
Rater_6,Person_79,1,1,0,0,1,1,2,2,0,1,1,2
Rater_6,Person_80,1,1,1,1,0,0,3,2,0,0,1,1
Rater_6,Person_81,4,4,4,4,4,3,5,5,3,5,4,5
Rater_6,Person_82,2,3,1,3,2,3,5,5,1,4,3,5
Rater_6,Person_83,4,3,4,5,4,5,4,5,3,5,5,4
Rater_6,Person_84,4,3,3,4,2,4,5,4,1,5,1,5
Rater_6,Person_85,1,3,1,1,1,2,5,3,0,2,1,4
Rater_6,Person_86,5,5,5,5,5,5,5,5,5,5,5,5
Rater_6,Person_87,5,5,4,5,4,5,5,5,5,5,4,5
Rater_6,Person_88,5,5,3,4,3,3,5,4,1,4,2,4
Rater_6,Person_89,4,2,4,2,3,3,5,5,2,4,4,4
Rater_6,Person_90,5,5,5,5,5,5,5,5,5,5,5,5
Rater_6,Person_91,4,1,1,1,3,3,5,4,0,1,2,5
Rater_6,Person_92,5,5,5,5,4,5,4,5,4,5,5,5
Rater_6,Person_93,3,5,4,5,3,5,5,5,5,4,5,4
Rater_6,Person_94,1,1,1,1,1,1,4,2,1,1,1,1
Rater_6,Person_95,4,4,4,3,5,5,5,5,2,5,4,5
Rater_6,Person_96,5,5,5,4,5,5,5,5,4,4,4,5
Rater_6,Person_97,3,1,3,5,4,4,5,5,4,4,4,5
Rater_6,Person_98,4,4,5,2,5,5,5,5,1,5,2,5
Rater_6,Person_99,5,4,4,5,5,5,4,5,5,4,5,5
Rater_6,Person_100,2,1,2,0,1,2,5,4,0,3,1,5
Rater_6,Person_101,5,5,5,5,5,5,5,5,5,4,5,5
Rater_6,Person_102,2,3,1,2,4,4,5,5,1,4,2,4
Rater_6,Person_103,5,1,5,5,4,4,5,4,5,4,4,5
Rater_6,Person_104,0,0,0,1,1,2,1,1,0,0,1,1
Rater_6,Person_105,4,5,5,3,4,4,4,5,5,5,3,5
Rater_6,Person_106,5,3,3,4,4,5,5,5,4,3,4,4
Rater_6,Person_107,2,4,0,3,1,1,3,4,0,2,0,3
Rater_6,Person_108,3,3,4,4,4,4,5,5,4,3,4,5
Rater_6,Person_109,5,3,1,4,4,4,5,5,1,5,3,4
Rater_6,Person_110,5,5,4,5,4,5,5,5,3,5,5,4
Rater_6,Person_111,5,5,4,5,4,4,5,5,4,4,3,4
Rater_6,Person_112,1,2,3,1,1,1,3,4,0,4,1,4
Rater_6,Person_113,1,2,3,2,4,2,5,4,1,4,1,2
Rater_6,Person_114,1,0,1,1,1,0,1,1,0,0,0,1
Rater_6,Person_115,4,4,4,4,2,4,5,4,3,3,1,5
Rater_6,Person_116,2,2,1,3,1,1,5,5,3,1,2,5
Rater_6,Person_117,5,4,5,1,5,5,5,5,5,5,4,5
Rater_6,Person_118,5,5,5,4,5,5,5,4,5,5,4,5
Rater_6,Person_119,4,3,5,4,4,4,5,5,3,5,5,5
Rater_6,Person_120,1,0,0,0,0,1,1,1,1,0,0,0
Rater_6,Person_121,5,3,3,5,5,4,4,5,2,5,3,5
Rater_6,Person_122,2,1,0,0,1,1,1,2,1,0,1,2
Rater_6,Person_123,4,2,4,4,5,4,5,5,1,4,4,5
Rater_6,Person_124,4,3,4,3,1,5,4,5,1,4,3,4
Rater_6,Person_125,2,0,1,0,2,1,2,4,1,2,3,4
Rater_6,Person_126,1,1,1,1,1,0,1,1,0,1,1,2
Rater_6,Person_127,5,4,2,4,4,4,5,5,2,5,4,5
Rater_6,Person_128,4,4,5,5,5,5,5,5,4,5,4,5
Rater_6,Person_129,3,2,1,2,3,0,4,5,3,3,4,5
Rater_6,Person_130,5,2,2,3,2,5,5,5,2,5,4,4
Rater_6,Person_131,1,1,2,1,1,0,3,4,1,4,1,2
Rater_6,Person_132,2,2,3,2,1,2,5,4,1,4,3,4
Rater_6,Person_133,0,0,1,0,1,1,1,1,0,0,1,2
Rater_6,Person_134,3,4,5,4,1,4,3,5,3,3,2,5
Rater_6,Person_135,4,3,3,5,0,3,5,4,2,4,4,5
Rater_6,Person_136,2,2,2,2,2,2,4,4,2,5,4,2
Rater_6,Person_137,1,4,2,3,1,5,4,4,2,5,2,4
Rater_6,Person_138,1,2,2,0,4,1,4,5,2,2,1,1
Rater_6,Person_139,5,4,5,4,5,5,5,5,4,5,4,5
Rater_6,Person_140,4,2,1,1,4,4,5,4,1,2,2,4
Rater_6,Person_141,4,3,3,2,5,5,5,4,3,5,4,4
Rater_6,Person_142,5,5,3,4,2,4,4,5,3,4,5,4
Rater_6,Person_143,4,2,2,3,3,5,4,5,2,5,3,4
Rater_6,Person_144,4,5,1,4,4,4,5,5,3,2,3,5
Rater_6,Person_145,1,0,0,1,1,0,0,2,0,0,2,2
Rater_6,Person_146,3,1,2,1,1,1,2,4,0,3,3,2
Rater_6,Person_147,5,5,5,5,5,5,5,5,5,5,5,5
Rater_6,Person_148,4,4,2,3,1,4,4,5,1,4,3,5
Rater_6,Person_149,5,4,4,5,2,2,5,5,4,4,4,4
Rater_6,Person_150,5,4,5,3,4,5,5,5,1,5,2,4
Rater_6,Person_151,5,5,5,4,5,4,5,5,5,4,5,5
Rater_6,Person_152,2,2,1,4,1,2,1,4,2,1,1,2
Rater_6,Person_153,1,3,3,0,1,1,5,5,0,1,1,3
Rater_6,Person_154,4,3,3,4,4,5,5,5,3,4,3,5
Rater_6,Person_155,4,5,1,4,5,5,5,5,4,4,4,5
Rater_6,Person_156,5,3,2,3,2,4,5,5,1,4,5,4
Rater_6,Person_157,3,3,2,2,4,2,4,5,4,4,4,5
Rater_6,Person_158,2,1,2,1,1,1,2,5,0,1,1,2
Rater_6,Person_159,4,5,5,4,5,3,5,4,4,5,5,5
Rater_6,Person_160,3,1,3,1,4,2,5,4,1,2,2,2
Rater_6,Person_161,5,3,2,4,2,4,4,5,4,5,4,5
Rater_6,Person_162,3,1,3,0,1,1,4,4,0,1,1,4
Rater_6,Person_163,4,4,5,5,5,5,5,5,5,5,4,5
Rater_6,Person_164,4,2,1,4,2,2,5,2,0,1,2,3
Rater_6,Person_165,2,1,2,4,5,3,5,5,2,3,4,4
Rater_6,Person_166,2,0,0,2,1,1,2,1,2,1,1,1
Rater_6,Person_167,2,0,1,0,0,2,3,3,1,1,1,1
Rater_6,Person_168,3,2,1,4,2,2,3,5,1,3,1,4
Rater_6,Person_169,1,1,1,1,2,0,2,3,2,3,0,1
Rater_6,Person_170,4,4,1,3,1,5,5,5,1,1,3,2
Rater_6,Person_171,0,3,1,1,1,1,4,1,1,0,0,3
Rater_6,Person_172,2,2,2,4,2,3,5,4,3,4,3,5
Rater_6,Person_173,4,3,2,1,1,3,5,5,1,4,3,2
Rater_6,Person_174,5,5,5,3,4,5,5,5,5,4,5,5
Rater_6,Person_175,1,2,2,1,2,2,3,4,2,5,1,5
Rater_6,Person_176,1,1,0,1,1,3,1,2,1,1,1,1
Rater_6,Person_177,1,1,0,1,1,1,3,3,1,3,0,4
Rater_6,Person_178,0,0,1,0,0,1,1,1,0,1,1,1
Rater_6,Person_179,1,0,1,1,0,0,1,1,1,1,0,0
Rater_6,Person_180,5,4,5,4,4,5,5,5,5,5,4,4
Rater_6,Person_181,5,4,5,5,5,5,5,5,5,5,5,5
Rater_6,Person_182,1,3,1,1,2,1,3,4,1,3,2,4
Rater_6,Person_183,2,0,5,2,2,2,4,4,1,3,1,5
Rater_6,Person_184,1,2,1,1,1,1,4,5,1,3,0,5
Rater_6,Person_185,3,4,5,3,3,5,5,5,4,4,5,5
Rater_6,Person_186,2,5,1,1,2,2,4,4,1,4,4,3
Rater_6,Person_187,3,2,4,2,1,3,4,5,1,1,2,4
Rater_6,Person_188,5,3,1,1,1,3,5,4,4,3,2,4
Rater_6,Person_189,0,0,0,0,0,1,1,2,0,1,1,1
Rater_6,Person_190,4,5,4,5,2,4,5,5,5,5,4,4
Rater_6,Person_191,1,0,0,1,0,1,1,3,0,2,1,2
Rater_6,Person_192,5,5,5,5,5,5,5,5,5,5,5,5
Rater_6,Person_193,5,5,4,5,4,4,5,5,4,5,4,5
Rater_6,Person_194,5,1,4,5,1,4,3,5,4,4,1,4
Rater_6,Person_195,0,0,0,0,0,0,0,0,0,0,0,0
Rater_6,Person_196,4,3,3,1,4,3,4,5,1,4,1,5
Rater_6,Person_197,5,4,4,4,3,4,5,5,4,3,4,5
Rater_6,Person_198,2,2,2,5,3,4,5,4,2,5,2,5
Rater_6,Person_199,3,3,2,1,3,3,2,4,1,3,1,2
Rater_6,Person_200,5,5,5,4,5,5,5,5,5,5,5,5
Rater_7,Person_1,1,0,0,0,2,1,1,1,0,0,1,1
Rater_7,Person_2,1,3,2,2,3,3,4,5,1,5,2,3
Rater_7,Person_3,4,5,2,3,4,2,2,5,1,5,2,4
Rater_7,Person_4,1,2,4,1,4,5,4,4,3,3,3,3
Rater_7,Person_5,4,5,5,4,5,5,5,5,5,4,5,5
Rater_7,Person_6,5,5,5,5,5,5,5,5,5,5,5,5
Rater_7,Person_7,1,0,0,0,1,1,1,3,1,1,0,2
Rater_7,Person_8,5,3,5,3,4,5,5,5,4,5,4,5
Rater_7,Person_9,0,1,0,0,1,1,1,1,0,1,1,1
Rater_7,Person_10,3,5,5,1,2,2,5,4,3,2,4,4
Rater_7,Person_11,1,2,0,1,2,1,1,3,1,2,1,3
Rater_7,Person_12,4,2,5,5,5,5,5,5,5,5,5,5
Rater_7,Person_13,1,2,1,1,1,1,2,4,2,1,1,3
Rater_7,Person_14,3,2,1,5,3,3,5,5,1,4,1,3
Rater_7,Person_15,4,1,2,0,1,1,1,2,0,1,0,3
Rater_7,Person_16,1,1,0,0,1,0,1,1,0,0,1,0
Rater_7,Person_17,3,1,5,4,5,4,4,5,3,5,2,5
Rater_7,Person_18,4,4,4,5,3,5,5,5,5,5,5,5
Rater_7,Person_19,3,5,3,2,2,4,5,5,2,3,5,4
Rater_7,Person_20,3,1,1,1,1,0,4,2,1,2,1,2
Rater_7,Person_21,2,1,4,5,4,4,5,4,3,2,3,5
Rater_7,Person_22,4,5,5,5,4,4,4,5,1,4,3,5
Rater_7,Person_23,5,4,4,4,5,4,5,5,5,5,5,4
Rater_7,Person_24,1,2,0,0,1,0,1,4,1,2,1,1
Rater_7,Person_25,4,5,1,3,3,5,4,5,4,5,3,4
Rater_7,Person_26,5,4,3,4,4,3,3,4,4,5,4,1
Rater_7,Person_27,1,2,1,1,2,3,4,4,3,2,3,4
Rater_7,Person_28,4,1,0,2,2,3,3,3,1,2,4,5
Rater_7,Person_29,3,0,3,1,4,1,1,3,0,3,1,0
Rater_7,Person_30,1,2,1,2,1,2,1,3,0,1,2,3
Rater_7,Person_31,5,5,5,4,4,5,5,5,5,3,4,5
Rater_7,Person_32,4,2,4,2,4,4,5,5,2,5,0,4
Rater_7,Person_33,3,1,3,1,3,2,3,2,1,2,1,1
Rater_7,Person_34,0,1,0,1,0,0,0,0,0,0,0,0
Rater_7,Person_35,1,0,0,1,1,1,1,2,1,1,1,2
Rater_7,Person_36,1,2,1,2,1,1,3,2,3,2,0,5
Rater_7,Person_37,1,1,0,0,1,0,1,2,1,0,0,1
Rater_7,Person_38,0,0,2,1,1,0,1,0,0,1,0,1
Rater_7,Person_39,4,1,5,5,5,4,4,5,3,5,4,5
Rater_7,Person_40,2,3,1,1,3,4,4,4,1,2,2,3
Rater_7,Person_41,1,0,0,1,1,0,1,1,1,1,1,2
Rater_7,Person_42,0,0,1,1,1,0,1,2,0,0,1,1
Rater_7,Person_43,3,1,2,2,4,3,3,4,1,3,0,4
Rater_7,Person_44,5,4,5,4,5,3,4,5,4,4,4,5
Rater_7,Person_45,0,1,1,1,0,0,1,1,0,1,1,1
Rater_7,Person_46,4,5,4,5,4,5,5,4,5,5,4,5
Rater_7,Person_47,3,1,2,0,2,1,1,5,1,4,1,0
Rater_7,Person_48,0,0,1,1,1,1,2,1,0,1,1,2
Rater_7,Person_49,1,2,3,3,2,2,5,5,2,4,3,5
Rater_7,Person_50,4,4,5,5,4,5,5,4,5,5,5,1
Rater_7,Person_51,3,1,1,1,1,1,2,5,2,1,1,4
Rater_7,Person_52,5,2,3,3,4,4,4,5,5,4,3,4
Rater_7,Person_53,3,1,2,1,1,1,2,5,2,1,1,2
Rater_7,Person_54,2,3,1,1,1,1,2,4,2,2,3,3
Rater_7,Person_55,5,4,4,5,5,5,5,5,5,5,5,5
Rater_7,Person_56,4,2,4,5,1,4,4,5,5,5,3,4
Rater_7,Person_57,1,2,0,0,2,1,1,1,1,1,1,1
Rater_7,Person_58,5,5,5,4,5,4,5,5,5,5,5,5
Rater_7,Person_59,0,1,1,1,0,3,3,2,1,1,0,1
Rater_7,Person_60,4,3,4,4,4,5,5,5,4,4,4,4
Rater_7,Person_61,4,4,3,2,4,2,4,4,1,5,1,4
Rater_7,Person_62,4,1,1,4,2,3,3,3,1,4,1,4
Rater_7,Person_63,3,2,3,3,3,1,2,5,3,5,3,3
Rater_7,Person_64,4,2,1,3,2,2,3,3,1,2,2,1
Rater_7,Person_65,4,3,2,3,4,3,4,3,1,5,3,5
Rater_7,Person_66,4,2,2,4,0,2,2,2,1,2,0,1
Rater_7,Person_67,1,0,1,1,1,2,1,2,0,4,1,2
Rater_7,Person_68,4,4,4,1,3,5,5,5,1,3,3,4
Rater_7,Person_69,3,5,5,5,4,5,5,5,5,5,4,5
Rater_7,Person_70,4,3,1,1,0,2,4,3,1,5,2,4
Rater_7,Person_71,5,5,4,4,4,5,4,5,4,5,5,4
Rater_7,Person_72,1,2,2,2,3,4,1,3,1,4,4,5
Rater_7,Person_73,5,3,5,4,5,5,5,5,5,5,5,5
Rater_7,Person_74,5,4,5,5,5,5,4,5,3,4,3,5
Rater_7,Person_75,5,5,3,2,3,5,5,4,2,4,4,5
Rater_7,Person_76,4,3,5,5,4,4,5,5,3,5,3,3
Rater_7,Person_77,3,0,2,1,1,1,2,4,1,2,1,2
Rater_7,Person_78,2,1,3,4,1,1,4,4,3,3,3,1
Rater_7,Person_79,2,0,1,1,0,1,0,2,0,0,0,0
Rater_7,Person_80,0,0,0,0,0,0,0,1,0,3,0,2
Rater_7,Person_81,4,5,2,5,4,5,5,5,2,5,4,5
Rater_7,Person_82,1,3,2,4,2,3,5,2,1,2,1,5
Rater_7,Person_83,5,3,4,4,2,3,5,4,3,4,3,5
Rater_7,Person_84,4,3,3,1,2,1,4,5,2,2,1,3
Rater_7,Person_85,2,1,0,1,2,1,2,3,0,0,2,1
Rater_7,Person_86,5,5,5,5,5,5,5,5,4,5,5,5
Rater_7,Person_87,4,5,4,5,4,5,4,5,5,5,5,5
Rater_7,Person_88,2,1,3,1,4,3,3,5,3,4,1,5
Rater_7,Person_89,2,1,4,1,3,2,5,5,1,3,2,5
Rater_7,Person_90,5,3,3,4,4,5,5,5,4,5,5,4
Rater_7,Person_91,2,1,4,3,3,2,3,2,0,1,3,3
Rater_7,Person_92,5,5,5,4,5,5,5,5,4,5,5,5
Rater_7,Person_93,3,4,3,5,4,2,5,5,2,5,2,4
Rater_7,Person_94,3,0,1,1,1,1,2,1,1,2,0,1
Rater_7,Person_95,4,1,4,3,4,4,5,5,1,4,5,5
Rater_7,Person_96,5,2,4,4,5,5,5,5,5,4,5,4
Rater_7,Person_97,3,1,2,4,3,3,4,3,3,5,3,5
Rater_7,Person_98,5,5,5,4,5,4,5,5,2,5,3,4
Rater_7,Person_99,5,4,4,3,4,4,5,5,5,5,5,5
Rater_7,Person_100,2,1,1,2,3,2,2,4,0,3,1,3
Rater_7,Person_101,5,4,5,5,5,5,5,5,4,5,5,5
Rater_7,Person_102,4,5,1,0,2,1,5,4,2,2,1,5
Rater_7,Person_103,4,0,3,4,1,5,4,5,3,4,4,5
Rater_7,Person_104,2,1,0,1,1,1,0,1,0,1,1,1
Rater_7,Person_105,4,5,5,4,5,4,4,5,3,3,4,3
Rater_7,Person_106,5,4,4,4,3,4,5,4,5,5,4,5
Rater_7,Person_107,3,1,3,1,0,1,2,5,1,3,1,2
Rater_7,Person_108,4,4,3,3,4,4,5,4,4,5,4,5
Rater_7,Person_109,4,5,1,5,5,1,5,4,1,5,4,3
Rater_7,Person_110,5,3,3,3,5,4,5,5,2,5,4,5
Rater_7,Person_111,4,1,3,5,4,4,4,4,2,3,3,5
Rater_7,Person_112,1,2,1,1,1,2,3,4,1,3,2,5
Rater_7,Person_113,4,1,3,2,1,4,4,3,1,4,2,4
Rater_7,Person_114,0,0,1,2,0,0,1,1,1,1,0,0
Rater_7,Person_115,1,1,1,2,1,4,2,5,3,2,2,1
Rater_7,Person_116,2,0,2,3,1,0,0,4,1,1,1,3
Rater_7,Person_117,5,4,4,3,4,5,5,5,4,4,5,5
Rater_7,Person_118,5,4,4,2,4,5,4,5,4,4,5,5
Rater_7,Person_119,4,4,4,5,3,3,3,5,2,4,3,3
Rater_7,Person_120,0,0,1,1,0,0,0,1,0,2,0,2
Rater_7,Person_121,4,3,5,4,1,1,4,5,1,4,2,4
Rater_7,Person_122,1,2,1,0,0,0,3,2,1,1,1,1
Rater_7,Person_123,3,4,3,1,2,4,5,4,2,4,5,4
Rater_7,Person_124,3,4,3,1,2,4,4,5,3,4,2,3
Rater_7,Person_125,1,1,1,1,3,1,1,3,1,1,1,0
Rater_7,Person_126,1,1,0,1,1,1,2,4,1,1,0,1
Rater_7,Person_127,5,2,4,4,3,4,5,5,1,4,4,4
Rater_7,Person_128,4,4,5,5,5,4,5,5,5,5,5,5
Rater_7,Person_129,3,1,1,1,1,4,3,5,1,1,2,5
Rater_7,Person_130,2,3,4,4,2,1,4,5,1,1,5,4
Rater_7,Person_131,1,0,1,2,1,1,5,4,3,2,4,1
Rater_7,Person_132,2,2,1,1,2,2,3,3,2,1,1,5
Rater_7,Person_133,0,0,0,0,1,0,1,1,0,2,1,0
Rater_7,Person_134,2,4,3,4,4,3,4,4,1,2,2,5
Rater_7,Person_135,3,4,3,4,3,4,4,5,4,3,4,5
Rater_7,Person_136,2,0,2,1,2,3,1,4,0,1,2,4
Rater_7,Person_137,4,2,2,4,2,3,3,3,0,3,3,3
Rater_7,Person_138,5,2,2,1,1,4,2,4,0,1,1,2
Rater_7,Person_139,4,5,5,5,4,5,5,4,4,5,3,5
Rater_7,Person_140,2,1,3,1,4,3,5,3,1,5,2,3
Rater_7,Person_141,1,4,5,3,4,3,4,5,4,5,2,5
Rater_7,Person_142,5,4,4,4,5,4,5,5,3,5,3,4
Rater_7,Person_143,4,1,3,3,2,2,4,4,2,5,2,4
Rater_7,Person_144,2,4,2,3,4,4,5,4,5,5,3,4
Rater_7,Person_145,1,0,0,1,1,0,1,1,1,1,1,3
Rater_7,Person_146,1,2,1,4,1,1,3,4,1,3,2,3
Rater_7,Person_147,5,5,5,5,5,4,5,5,4,5,5,5
Rater_7,Person_148,4,4,1,3,4,4,2,4,3,3,4,4
Rater_7,Person_149,5,4,3,4,4,4,5,5,4,4,2,4
Rater_7,Person_150,5,4,4,4,3,3,3,5,5,3,3,5
Rater_7,Person_151,5,5,5,4,5,5,5,5,5,5,4,5
Rater_7,Person_152,1,1,1,1,4,1,4,3,1,1,1,1
Rater_7,Person_153,1,1,1,1,2,1,1,4,2,2,0,0
Rater_7,Person_154,3,4,4,5,2,5,4,5,5,4,5,4
Rater_7,Person_155,4,4,4,5,2,3,4,5,1,5,4,4
Rater_7,Person_156,4,4,4,3,3,4,3,5,3,3,3,5
Rater_7,Person_157,3,1,1,1,2,5,4,4,4,4,5,4
Rater_7,Person_158,1,2,1,0,1,2,2,3,2,3,2,3
Rater_7,Person_159,5,4,2,4,4,4,3,4,3,4,5,5
Rater_7,Person_160,2,2,1,1,1,1,5,4,1,3,5,2
Rater_7,Person_161,3,4,1,4,4,4,4,5,3,4,4,4
Rater_7,Person_162,1,2,1,3,1,3,4,4,1,0,2,3
Rater_7,Person_163,5,5,3,4,5,5,5,5,5,5,5,5
Rater_7,Person_164,1,1,1,0,1,1,4,5,1,1,1,1
Rater_7,Person_165,4,5,4,1,4,1,4,5,1,3,2,5
Rater_7,Person_166,1,1,1,0,1,0,0,3,0,2,0,2
Rater_7,Person_167,1,2,0,0,0,1,1,2,1,1,1,2
Rater_7,Person_168,3,2,2,3,2,2,4,5,1,3,2,2
Rater_7,Person_169,1,2,1,2,1,2,2,1,2,1,0,3
Rater_7,Person_170,2,1,5,3,2,2,5,3,1,4,1,4
Rater_7,Person_171,0,2,0,1,1,1,0,1,2,2,1,3
Rater_7,Person_172,4,3,3,3,3,3,4,5,1,3,3,4
Rater_7,Person_173,4,1,2,2,2,3,4,3,2,2,1,5
Rater_7,Person_174,5,5,4,5,4,4,4,5,5,5,4,4
Rater_7,Person_175,2,1,1,2,1,2,4,1,1,1,1,4
Rater_7,Person_176,1,0,3,1,0,1,4,3,1,0,0,2
Rater_7,Person_177,1,1,1,0,1,4,2,3,0,1,2,3
Rater_7,Person_178,1,0,0,1,0,0,1,1,0,0,1,1
Rater_7,Person_179,0,0,0,1,0,0,1,1,1,1,0,1
Rater_7,Person_180,3,1,4,4,2,5,5,5,5,4,4,5
Rater_7,Person_181,5,5,5,5,4,5,4,5,5,5,5,5
Rater_7,Person_182,2,1,2,1,1,0,1,4,3,2,1,2
Rater_7,Person_183,2,1,3,2,1,3,2,5,4,4,4,4
Rater_7,Person_184,2,1,4,0,2,2,2,3,1,2,2,2
Rater_7,Person_185,5,5,5,5,4,5,5,5,3,4,3,4
Rater_7,Person_186,1,3,1,0,2,2,2,3,2,3,3,4
Rater_7,Person_187,2,2,1,2,1,4,4,5,1,5,1,4
Rater_7,Person_188,0,1,1,1,1,3,5,5,1,2,2,2
Rater_7,Person_189,0,0,0,0,0,0,1,1,0,1,0,2
Rater_7,Person_190,5,3,5,5,5,5,5,5,1,4,4,5
Rater_7,Person_191,0,1,0,1,0,1,2,2,0,1,1,0
Rater_7,Person_192,5,5,4,5,5,4,5,5,5,5,5,5
Rater_7,Person_193,4,4,4,5,4,5,5,4,5,5,5,5
Rater_7,Person_194,4,3,0,3,2,5,5,4,3,4,4,4
Rater_7,Person_195,0,0,0,0,0,0,0,0,0,0,0,0
Rater_7,Person_196,1,2,2,2,1,1,4,5,1,2,2,5
Rater_7,Person_197,3,3,5,4,4,1,5,5,4,4,4,5
Rater_7,Person_198,4,4,1,4,4,4,4,5,3,4,5,4
Rater_7,Person_199,1,0,2,1,2,2,3,2,2,4,1,3
Rater_7,Person_200,4,4,5,5,5,5,5,5,4,5,4,5
Rater_8,Person_1,1,1,0,1,0,0,1,1,0,1,0,1
Rater_8,Person_2,2,2,3,2,4,4,3,4,3,3,1,1
Rater_8,Person_3,5,4,4,3,3,3,5,5,1,4,4,4
Rater_8,Person_4,3,1,1,2,2,2,5,3,2,2,3,3
Rater_8,Person_5,4,2,4,5,5,5,4,5,5,4,4,5
Rater_8,Person_6,5,5,5,5,4,5,5,5,5,5,5,5
Rater_8,Person_7,1,0,0,1,1,2,1,1,0,3,2,0
Rater_8,Person_8,5,5,4,4,4,0,5,5,2,5,4,5
Rater_8,Person_9,0,1,0,1,1,0,0,3,0,0,0,1
Rater_8,Person_10,4,3,2,2,2,2,5,4,3,2,3,2
Rater_8,Person_11,1,2,1,1,1,1,4,4,0,1,1,3
Rater_8,Person_12,3,4,4,5,4,5,5,5,4,5,5,5
Rater_8,Person_13,2,2,1,0,0,1,2,2,0,1,1,4
Rater_8,Person_14,3,4,4,4,2,3,3,5,2,3,5,4
Rater_8,Person_15,1,0,0,1,0,2,1,2,1,1,0,0
Rater_8,Person_16,0,0,0,0,0,0,1,0,0,0,0,0
Rater_8,Person_17,3,4,5,5,3,4,5,4,3,4,4,5
Rater_8,Person_18,5,4,5,5,5,5,3,5,5,5,4,5
Rater_8,Person_19,3,2,1,3,2,4,4,4,3,5,1,5
Rater_8,Person_20,0,1,1,1,2,1,1,3,1,0,1,2
Rater_8,Person_21,4,3,5,2,4,5,5,3,1,2,1,4
Rater_8,Person_22,3,3,4,2,3,5,4,4,2,5,2,5
Rater_8,Person_23,5,4,4,4,3,5,5,5,4,5,5,5
Rater_8,Person_24,1,0,1,0,2,1,4,1,0,1,0,1
Rater_8,Person_25,5,2,4,5,4,1,3,5,2,5,5,5
Rater_8,Person_26,3,4,4,2,2,1,4,5,1,4,2,4
Rater_8,Person_27,3,3,1,2,4,2,3,5,3,1,2,5
Rater_8,Person_28,3,2,5,4,2,4,4,4,1,2,2,5
Rater_8,Person_29,1,0,1,3,1,2,2,3,1,1,1,3
Rater_8,Person_30,1,1,0,3,1,1,1,2,0,2,1,2
Rater_8,Person_31,5,4,4,5,5,5,5,5,5,5,4,4
Rater_8,Person_32,2,3,4,2,2,4,4,4,1,5,2,4
Rater_8,Person_33,0,0,1,1,2,1,3,3,2,2,2,1
Rater_8,Person_34,1,0,0,0,0,0,0,0,0,0,0,0
Rater_8,Person_35,1,1,1,1,1,2,1,4,1,2,2,2
Rater_8,Person_36,0,1,1,1,0,3,4,3,1,5,0,2
Rater_8,Person_37,0,0,1,0,0,1,1,1,0,1,1,1
Rater_8,Person_38,0,1,1,0,0,1,1,3,0,1,0,2
Rater_8,Person_39,4,5,4,2,2,2,4,3,4,5,4,5
Rater_8,Person_40,2,1,0,1,2,1,4,4,2,4,2,5
Rater_8,Person_41,0,0,1,1,0,0,1,1,1,0,0,1
Rater_8,Person_42,0,1,1,1,0,0,1,3,1,1,1,1
Rater_8,Person_43,0,1,3,1,2,3,2,5,3,2,1,2
Rater_8,Person_44,5,5,4,4,4,2,3,5,4,3,3,5
Rater_8,Person_45,1,0,0,0,0,1,0,0,1,2,1,1
Rater_8,Person_46,5,4,5,4,5,5,5,4,5,5,4,5
Rater_8,Person_47,1,1,1,1,3,3,4,5,0,3,1,4
Rater_8,Person_48,0,0,0,0,0,1,1,1,0,0,1,0
Rater_8,Person_49,4,4,3,2,1,5,4,5,3,4,3,5
Rater_8,Person_50,5,5,2,5,5,3,5,5,5,5,5,5
Rater_8,Person_51,0,1,2,2,1,2,3,5,1,2,1,3
Rater_8,Person_52,4,3,3,1,5,2,4,4,3,3,2,2
Rater_8,Person_53,2,1,0,2,3,1,1,2,3,2,1,1
Rater_8,Person_54,3,1,1,1,3,1,3,5,1,1,1,4
Rater_8,Person_55,5,4,4,4,5,5,5,5,4,4,4,5
Rater_8,Person_56,4,5,4,4,4,5,4,5,2,5,3,5
Rater_8,Person_57,0,0,1,1,1,1,0,0,1,2,1,1
Rater_8,Person_58,5,5,5,5,5,5,5,5,5,5,5,5
Rater_8,Person_59,1,1,0,0,1,0,0,1,0,1,1,1
Rater_8,Person_60,5,5,4,4,4,5,4,4,2,5,4,5
Rater_8,Person_61,1,2,4,4,2,3,5,3,1,2,3,3
Rater_8,Person_62,2,1,2,2,1,2,3,5,2,3,4,2
Rater_8,Person_63,2,1,3,2,2,2,4,5,3,3,1,3
Rater_8,Person_64,3,1,2,4,0,2,3,4,1,2,3,5
Rater_8,Person_65,4,4,4,5,2,4,4,5,4,5,5,4
Rater_8,Person_66,1,1,0,0,0,1,4,3,1,1,1,3
Rater_8,Person_67,0,1,1,1,1,1,0,2,0,1,0,1
Rater_8,Person_68,4,1,4,3,4,3,3,5,4,5,4,3
Rater_8,Person_69,5,4,5,5,4,4,5,5,5,5,4,5
Rater_8,Person_70,2,2,1,3,2,1,3,3,1,4,1,4
Rater_8,Person_71,5,5,4,5,3,5,4,5,5,5,4,5
Rater_8,Person_72,3,3,1,1,3,1,3,5,1,0,3,2
Rater_8,Person_73,5,4,5,4,5,5,5,5,5,5,4,5
Rater_8,Person_74,5,3,3,4,4,4,5,5,4,5,4,4
Rater_8,Person_75,4,3,2,3,5,4,5,5,2,5,4,2
Rater_8,Person_76,4,5,4,4,3,5,4,5,5,4,3,5
Rater_8,Person_77,2,4,1,1,1,2,1,2,2,3,1,2
Rater_8,Person_78,3,1,3,1,4,4,3,5,2,4,2,4
Rater_8,Person_79,1,1,0,0,0,1,1,2,1,0,1,1
Rater_8,Person_80,0,0,1,1,1,0,1,2,0,1,1,1
Rater_8,Person_81,4,4,4,5,3,5,5,5,4,5,5,5
Rater_8,Person_82,1,1,4,1,2,1,2,4,2,2,3,3
Rater_8,Person_83,4,5,4,5,5,5,5,5,4,4,3,3
Rater_8,Person_84,4,1,1,1,2,2,5,5,2,4,2,5
Rater_8,Person_85,1,1,0,1,0,1,2,2,1,2,0,3
Rater_8,Person_86,5,4,5,5,5,5,5,5,5,5,5,5
Rater_8,Person_87,5,5,5,4,4,3,5,5,5,5,5,5
Rater_8,Person_88,3,3,2,2,2,4,5,5,3,4,4,2
Rater_8,Person_89,4,1,1,1,3,1,3,4,2,3,3,3
Rater_8,Person_90,5,4,5,3,4,5,5,5,5,5,5,5
Rater_8,Person_91,1,1,2,2,3,1,4,3,1,1,1,4
Rater_8,Person_92,4,4,5,4,5,4,5,5,4,4,5,5
Rater_8,Person_93,5,1,2,3,5,3,4,3,3,4,3,5
Rater_8,Person_94,0,1,0,1,1,2,2,2,1,0,1,0
Rater_8,Person_95,4,3,4,3,3,5,5,5,2,5,3,4
Rater_8,Person_96,5,3,5,4,2,5,5,5,4,5,5,5
Rater_8,Person_97,4,4,5,4,4,3,4,5,1,4,4,5
Rater_8,Person_98,3,5,4,5,5,5,3,5,4,4,4,5
Rater_8,Person_99,2,4,5,4,4,4,5,5,4,4,3,5
Rater_8,Person_100,2,2,1,1,1,2,2,2,1,2,4,1
Rater_8,Person_101,5,5,5,4,5,4,5,5,5,5,5,5
Rater_8,Person_102,4,4,0,3,3,1,3,4,1,3,3,2
Rater_8,Person_103,5,2,3,4,5,3,4,5,4,5,4,4
Rater_8,Person_104,1,1,1,1,0,0,1,1,0,0,1,0
Rater_8,Person_105,5,3,3,4,3,3,5,5,4,5,4,5
Rater_8,Person_106,4,2,2,4,4,5,5,4,2,5,4,4
Rater_8,Person_107,1,0,0,3,1,1,2,1,2,4,0,1
Rater_8,Person_108,4,3,1,5,3,3,2,5,2,5,4,5
Rater_8,Person_109,4,2,5,3,4,4,4,3,3,4,2,3
Rater_8,Person_110,4,4,3,4,5,5,5,5,4,4,5,4
Rater_8,Person_111,3,4,3,3,4,4,4,4,1,4,4,5
Rater_8,Person_112,1,0,2,1,2,1,2,1,0,3,1,0
Rater_8,Person_113,3,0,1,2,1,5,3,4,0,4,2,2
Rater_8,Person_114,0,0,1,0,1,1,0,1,1,1,1,0
Rater_8,Person_115,2,2,2,1,4,1,5,4,1,3,3,4
Rater_8,Person_116,1,2,3,0,1,1,2,3,1,1,1,1
Rater_8,Person_117,4,4,5,5,4,5,5,5,4,5,4,5
Rater_8,Person_118,3,4,5,4,5,5,5,5,5,3,4,5
Rater_8,Person_119,1,4,2,2,4,5,4,4,2,4,3,4
Rater_8,Person_120,2,1,0,0,0,1,2,2,0,1,0,1
Rater_8,Person_121,4,4,3,2,4,4,4,5,3,3,5,5
Rater_8,Person_122,3,1,1,0,0,1,3,2,0,4,1,1
Rater_8,Person_123,4,1,1,2,1,4,5,4,1,5,1,4
Rater_8,Person_124,2,3,3,1,1,2,5,4,1,2,3,3
Rater_8,Person_125,1,0,1,2,1,1,2,1,2,1,1,2
Rater_8,Person_126,1,1,1,0,1,0,3,1,0,2,1,2
Rater_8,Person_127,3,4,4,4,2,4,5,4,5,5,3,5
Rater_8,Person_128,4,4,5,5,5,5,5,5,5,4,5,5
Rater_8,Person_129,2,0,1,3,0,4,2,4,1,4,1,4
Rater_8,Person_130,3,1,2,2,3,2,2,5,4,3,4,5
Rater_8,Person_131,3,2,1,2,1,2,2,3,3,2,1,4
Rater_8,Person_132,1,0,1,2,2,3,2,3,1,4,0,4
Rater_8,Person_133,0,1,0,1,0,1,3,1,0,1,0,1
Rater_8,Person_134,2,1,1,1,2,2,4,5,2,4,1,4
Rater_8,Person_135,2,2,2,2,3,1,4,4,3,2,2,1
Rater_8,Person_136,1,2,3,0,2,1,4,4,1,5,1,2
Rater_8,Person_137,3,4,1,5,3,4,3,3,2,2,2,4
Rater_8,Person_138,3,1,2,1,1,2,1,5,1,1,1,2
Rater_8,Person_139,5,3,5,5,4,5,5,5,4,5,3,5
Rater_8,Person_140,2,1,2,2,1,2,1,3,1,2,3,4
Rater_8,Person_141,4,3,1,4,5,1,4,4,1,3,1,2
Rater_8,Person_142,5,5,4,2,4,1,5,4,4,5,3,4
Rater_8,Person_143,5,4,4,4,1,4,3,5,2,3,2,5
Rater_8,Person_144,4,2,4,4,4,3,4,3,1,4,3,5
Rater_8,Person_145,0,1,0,0,1,1,0,0,0,1,0,1
Rater_8,Person_146,1,1,2,1,2,1,2,4,1,0,1,5
Rater_8,Person_147,5,5,5,5,5,5,5,5,5,5,5,5
Rater_8,Person_148,4,4,4,3,2,3,4,4,3,3,3,5
Rater_8,Person_149,5,4,4,5,5,5,5,5,2,4,4,5
Rater_8,Person_150,5,1,4,2,4,2,4,4,1,5,3,5
Rater_8,Person_151,5,5,5,5,5,4,5,5,5,5,4,4
Rater_8,Person_152,2,0,1,1,1,1,2,3,3,5,0,3
Rater_8,Person_153,0,1,0,1,1,1,1,1,3,1,1,2
Rater_8,Person_154,5,2,4,4,4,4,4,4,2,5,2,5
Rater_8,Person_155,4,4,2,4,4,3,5,4,3,5,3,5
Rater_8,Person_156,4,3,1,3,0,4,5,4,1,5,1,5
Rater_8,Person_157,2,2,2,1,1,5,5,5,2,3,4,4
Rater_8,Person_158,1,2,2,2,1,0,3,3,1,1,2,5
Rater_8,Person_159,3,5,5,2,3,5,5,5,1,5,4,4
Rater_8,Person_160,3,4,2,4,2,2,4,4,1,3,4,4
Rater_8,Person_161,2,4,3,4,1,2,3,5,2,3,2,5
Rater_8,Person_162,3,2,1,1,1,2,1,4,0,1,1,2
Rater_8,Person_163,5,5,5,4,5,5,5,5,5,5,5,5
Rater_8,Person_164,2,1,1,1,1,3,2,3,2,2,2,1
Rater_8,Person_165,1,3,1,4,3,1,4,5,2,4,3,4
Rater_8,Person_166,0,1,1,1,1,1,3,2,0,0,1,0
Rater_8,Person_167,1,0,1,1,1,1,1,1,2,1,1,1
Rater_8,Person_168,2,1,1,2,2,1,4,4,0,4,2,4
Rater_8,Person_169,1,0,2,1,0,1,2,1,1,1,0,3
Rater_8,Person_170,1,1,3,0,2,5,1,4,1,3,2,5
Rater_8,Person_171,1,1,1,3,1,2,1,0,0,3,1,2
Rater_8,Person_172,5,3,1,4,1,4,3,4,2,1,1,3
Rater_8,Person_173,2,5,2,3,1,1,3,3,1,4,1,4
Rater_8,Person_174,4,3,5,5,3,5,5,5,3,5,4,5
Rater_8,Person_175,1,0,3,0,2,1,2,3,2,0,1,2
Rater_8,Person_176,1,0,2,1,1,1,2,1,1,0,1,1
Rater_8,Person_177,1,1,1,1,1,1,1,1,1,1,0,1
Rater_8,Person_178,1,0,0,0,0,0,1,0,0,1,0,0
Rater_8,Person_179,0,0,0,0,0,1,1,1,0,1,0,1
Rater_8,Person_180,3,4,3,4,5,4,4,4,3,4,3,4
Rater_8,Person_181,5,4,5,5,5,5,5,5,5,5,4,5
Rater_8,Person_182,2,0,1,1,2,1,2,1,0,4,1,5
Rater_8,Person_183,2,3,2,2,1,3,5,2,1,5,5,3
Rater_8,Person_184,2,0,1,1,1,2,2,2,1,3,0,1
Rater_8,Person_185,5,5,3,4,3,5,5,5,4,4,3,5
Rater_8,Person_186,3,0,3,0,1,4,1,4,3,3,1,3
Rater_8,Person_187,2,0,4,1,2,1,2,5,1,3,3,3
Rater_8,Person_188,2,1,1,0,0,1,1,2,1,2,1,4
Rater_8,Person_189,1,0,0,0,0,1,0,1,0,0,0,1
Rater_8,Person_190,4,3,3,4,4,2,5,5,3,4,5,3
Rater_8,Person_191,1,0,0,0,1,1,1,1,0,1,1,1
Rater_8,Person_192,4,5,5,5,5,5,5,5,5,5,5,5
Rater_8,Person_193,5,4,4,3,3,4,5,5,5,5,5,5
Rater_8,Person_194,4,3,1,2,3,2,4,5,2,4,0,2
Rater_8,Person_195,0,0,0,0,0,0,0,0,0,1,0,0
Rater_8,Person_196,1,4,4,5,0,2,3,4,2,4,1,2
Rater_8,Person_197,5,4,4,1,3,4,3,5,3,4,3,4
Rater_8,Person_198,4,3,4,1,2,4,5,4,1,4,4,3
Rater_8,Person_199,1,2,2,1,1,2,1,4,1,1,3,1
Rater_8,Person_200,5,4,4,4,5,5,5,5,5,5,4,5
