,Item_1,Item_1,Item_2,Item_2,Item_3,Item_3,Item_4,Item_4,Item_5,Item_5,Item_6,Item_6,Item_7,Item_7,Item_8,Item_8,Item_9,Item_9,Item_10,Item_10,Item_11,Item_11,Item_12,Item_12,Threshold 1,Threshold 1,Threshold 2,Threshold 2,Threshold 3,Threshold 3,Threshold 4,Threshold 4,Threshold 5,Threshold 5,Overall statistics,Overall statistics,Overall statistics
,Estimate,SE,Estimate,SE,Estimate,SE,Estimate,SE,Estimate,SE,Estimate,SE,Estimate,SE,Estimate,SE,Estimate,SE,Estimate,SE,Estimate,SE,Estimate,SE,Estimate,SE,Estimate,SE,Estimate,SE,Estimate,SE,Estimate,SE,Count,Infit MS,Outfit MS
Rater_1,0.73,0.084,0.526,0.052,0.325,0.057,0.635,0.067,0.692,0.076,0.398,0.05,0.396,0.052,0.167,0.084,0.222,0.075,0.404,0.051,0.208,0.078,0.691,0.077,0.836,0.085,0.332,0.04,0.278,0.036,-0.466,0.043,-0.9,0.077,2400.0,0.975,0.961
Rater_2,-1.032,0.09,-0.751,0.063,-0.475,0.093,-0.902,0.072,-0.98,0.081,-0.576,0.076,-0.573,0.078,-0.257,0.135,-0.333,0.118,-0.584,0.074,-0.315,0.12,-0.978,0.08,0.332,0.113,0.128,0.046,0.106,0.039,-0.195,0.071,-0.372,0.13,2400.0,0.962,0.965
Rater_3,0.372,0.069,0.316,0.047,0.26,0.066,0.346,0.054,0.362,0.063,0.281,0.055,0.28,0.055,0.217,0.097,0.232,0.086,0.282,0.054,0.228,0.088,0.362,0.063,0.039,0.079,0.015,0.034,0.012,0.029,-0.023,0.048,-0.043,0.088,2400.0,0.975,0.981
Rater_4,0.341,0.089,0.289,0.055,0.238,0.072,0.317,0.068,0.331,0.081,0.256,0.06,0.256,0.06,0.197,0.109,0.211,0.095,0.258,0.059,0.208,0.099,0.331,0.08,-0.766,0.095,-0.295,0.039,-0.245,0.032,0.45,0.057,0.856,0.104,2400.0,1.024,1.037
Rater_5,-0.488,0.107,-0.578,0.07,-0.668,0.086,-0.53,0.086,-0.504,0.099,-0.635,0.074,-0.636,0.074,-0.738,0.124,-0.714,0.11,-0.633,0.073,-0.72,0.113,-0.505,0.098,-0.493,0.139,-0.205,0.066,-0.174,0.058,0.251,0.071,0.499,0.137,2400.0,1.0,1.001
Rater_6,0.666,0.106,0.655,0.058,0.645,0.061,0.661,0.081,0.664,0.096,0.649,0.052,0.649,0.052,0.637,0.099,0.64,0.085,0.649,0.051,0.639,0.087,0.664,0.095,0.526,0.092,0.203,0.039,0.168,0.033,-0.309,0.063,-0.588,0.112,2400.0,0.943,0.951
Rater_7,-0.768,0.134,-0.716,0.078,-0.665,0.08,-0.744,0.104,-0.758,0.123,-0.683,0.07,-0.683,0.07,-0.624,0.124,-0.638,0.107,-0.685,0.069,-0.635,0.111,-0.758,0.121,-0.188,0.125,-0.072,0.052,-0.06,0.045,0.11,0.076,0.21,0.139,2400.0,0.915,0.905
Rater_8,0.161,0.071,0.253,0.051,0.344,0.066,0.204,0.057,0.178,0.066,0.31,0.057,0.311,0.057,0.415,0.093,0.39,0.084,0.308,0.056,0.396,0.085,0.179,0.065,-0.304,0.092,-0.11,0.032,-0.089,0.026,0.196,0.082,0.363,0.138,2400.0,1.003,1.013
