,Item_1,Item_2,Item_3,Item_4,Item_5,Item_6,Item_7,Item_8,Item_9,Item_10
Person_1,1,2,4,3,3,3,1,1,0,2
Person_2,0,0,0,0,1,1,0,0,0,2
Person_3,3,4,4,4,3,2,2,3,2,3
Person_4,2,5,3,4,3,1,2,3,2,3
Person_5,0,0,1,1,0,1,0,0,0,0
Person_6,1,1,0,1,1,1,0,0,0,3
Person_7,1,1,3,3,3,3,1,1,0,2
Person_8,0,2,3,2,1,2,0,1,0,3
Person_9,3,3,4,4,3,3,0,2,0,2
Person_10,1,2,0,1,1,1,1,0,0,3
Person_11,3,5,3,4,3,3,2,1,3,3
Person_12,4,5,3,4,1,3,1,2,2,3
Person_13,0,2,4,3,2,3,0,0,1,2
Person_14,3,5,5,4,3,3,2,1,1,3
Person_15,3,5,3,4,3,3,2,3,2,2
Person_16,0,2,0,2,2,0,1,0,0,3
Person_17,2,5,4,4,3,3,2,0,2,3
Person_18,2,2,2,1,2,0,0,1,1,3
Person_19,3,5,3,3,3,3,0,3,2,3
Person_20,0,2,2,3,1,3,1,0,1,3
Person_21,1,4,3,3,3,2,0,1,1,3
Person_22,0,0,0,2,2,2,0,0,0,2
Person_23,4,5,4,5,3,3,2,3,2,3
Person_24,2,2,1,2,2,3,0,1,0,3
Person_25,4,4,2,2,3,2,0,0,0,3
Person_26,0,3,1,3,2,3,1,0,0,2
Person_27,1,2,3,4,3,2,1,3,1,3
Person_28,2,1,3,3,3,3,2,0,0,3
Person_29,3,2,5,3,3,3,2,1,2,3
Person_30,4,4,3,4,3,3,1,2,0,3
Person_31,4,4,5,4,3,3,3,3,3,3
Person_32,0,0,4,2,3,1,2,0,0,3
Person_33,3,1,3,2,1,2,1,0,2,1
Person_34,1,2,2,0,3,1,0,0,0,1
Person_35,1,5,3,3,3,2,0,1,2,3
Person_36,4,5,4,5,3,3,2,1,2,3
Person_37,3,4,1,3,3,1,0,1,2,3
Person_38,2,2,1,0,1,1,1,0,0,1
Person_39,0,2,3,2,2,0,0,0,0,3
Person_40,3,4,3,4,3,3,2,0,2,3
Person_41,3,4,4,4,1,3,1,2,3,3
Person_42,3,4,5,2,3,2,1,3,1,3
Person_43,0,2,1,1,1,2,0,0,0,2
Person_44,2,2,3,2,3,3,1,2,2,3
Person_45,1,2,4,4,1,3,1,1,1,2
Person_46,1,3,4,3,3,3,1,1,2,3
Person_47,3,5,4,3,3,3,2,1,2,3
Person_48,3,4,3,4,2,3,1,2,1,3
Person_49,3,5,3,2,3,3,1,0,1,2
Person_50,0,2,3,4,3,3,1,1,1,3
Person_51,1,5,4,2,2,1,0,0,2,3
Person_52,3,4,2,4,3,3,2,2,3,2
Person_53,0,0,0,1,2,0,0,0,0,1
Person_54,0,3,3,0,3,3,1,1,0,2
Person_55,1,1,3,4,2,0,2,1,0,2
Person_56,2,2,1,2,3,3,0,0,0,2
Person_57,1,0,3,3,1,3,0,0,2,3
Person_58,4,5,4,4,3,3,1,3,3,3
Person_59,1,0,2,2,1,2,1,1,0,1
Person_60,4,3,3,3,3,3,1,2,2,3
Person_61,1,0,0,0,1,0,0,0,0,0
Person_62,2,4,3,2,2,2,1,0,0,3
Person_63,1,3,3,4,2,1,1,0,0,3
Person_64,2,4,2,4,3,2,2,1,2,2
Person_65,2,5,3,4,3,3,1,3,2,3
Person_66,3,4,5,4,2,3,2,0,3,3
Person_67,2,1,2,1,3,2,0,1,1,3
Person_68,0,1,2,2,2,2,1,0,1,1
Person_69,2,5,4,4,2,2,1,2,2,3
Person_70,3,4,4,0,3,3,0,0,0,2
Person_71,0,0,1,0,1,1,0,0,0,2
Person_72,1,2,0,2,1,0,1,0,0,2
Person_73,0,0,2,1,2,1,0,0,0,3
Person_74,2,3,3,4,3,3,2,2,1,3
Person_75,3,2,3,2,3,3,1,0,1,3
Person_76,3,4,5,3,3,2,1,1,0,3
Person_77,2,3,4,5,2,2,0,2,0,3
Person_78,0,4,3,3,3,3,0,1,0,3
Person_79,2,3,1,4,3,3,2,1,0,2
Person_80,1,2,1,1,3,2,0,1,1,1
Person_81,0,2,3,4,3,3,1,1,1,3
Person_82,0,2,2,3,3,1,0,1,0,2
Person_83,3,3,3,2,3,3,2,0,2,2
Person_84,2,2,3,2,3,2,0,2,1,1
Person_85,0,2,2,1,1,1,0,0,0,2
Person_86,3,5,5,4,3,3,1,1,1,3
Person_87,0,1,3,2,2,3,2,1,0,3
Person_88,3,2,2,3,1,3,0,0,3,2
Person_89,0,2,2,3,3,2,1,1,2,3
Person_90,3,3,4,3,2,3,1,1,0,3
Person_91,3,5,4,3,2,3,2,0,2,3
Person_92,2,2,1,3,2,1,1,2,0,3
Person_93,3,2,2,3,3,1,0,0,0,1
Person_94,1,4,2,3,3,3,0,2,1,3
Person_95,0,0,0,1,2,0,0,0,0,3
Person_96,0,1,1,0,1,1,0,1,0,2
Person_97,0,2,0,0,3,1,0,0,0,1
Person_98,0,0,3,1,1,3,0,0,2,2
Person_99,1,4,3,1,3,3,2,0,2,3
Person_100,2,2,0,1,0,2,0,0,0,2
Person_101,0,2,2,0,3,3,2,0,1,2
Person_102,4,5,5,4,3,3,2,3,1,3
Person_103,2,1,3,4,2,3,1,0,1,2
Person_104,1,4,3,3,1,3,2,1,2,3
Person_105,0,4,0,2,3,3,1,0,1,2
Person_106,2,3,3,3,3,3,2,1,0,1
Person_107,0,1,1,2,1,1,0,0,0,1
Person_108,0,3,1,3,0,2,1,0,2,2
Person_109,2,4,3,4,3,3,3,2,2,3
Person_110,0,0,1,0,1,1,0,0,0,1
Person_111,3,4,3,3,2,3,0,0,0,2
Person_112,3,3,4,2,3,3,0,2,1,3
Person_113,2,2,1,3,2,3,0,1,0,1
Person_114,1,1,0,0,1,2,1,0,0,0
Person_115,2,2,4,4,1,1,1,1,1,3
Person_116,2,1,3,2,3,3,0,0,0,3
Person_117,0,3,2,4,3,3,1,1,2,3
Person_118,3,3,4,3,2,3,1,1,0,3
Person_119,4,4,4,3,3,3,3,2,1,3
Person_120,3,2,4,2,2,2,0,0,0,2
Person_121,0,0,3,1,2,1,0,0,1,2
Person_122,1,4,4,2,2,3,1,0,0,3
Person_123,3,4,4,2,3,3,1,0,0,3
Person_124,4,5,5,4,3,3,1,0,3,3
Person_125,4,5,4,4,3,3,0,3,3,3
Person_126,4,4,1,4,3,3,1,1,1,2
Person_127,4,5,4,3,3,3,3,3,3,3
Person_128,1,0,3,0,0,3,1,1,0,2
Person_129,0,2,1,2,2,0,1,0,1,2
Person_130,0,1,1,2,2,2,0,0,0,2
Person_131,2,2,3,1,2,3,0,0,1,3
Person_132,2,2,0,0,2,0,1,0,0,2
Person_133,5,4,2,4,3,3,1,1,1,3
Person_134,0,2,3,2,3,3,0,0,0,3
Person_135,0,1,2,1,1,2,0,0,0,1
Person_136,1,0,0,3,1,1,0,0,0,2
Person_137,3,3,2,3,3,3,1,0,2,3
Person_138,3,5,4,5,3,3,1,1,1,3
Person_139,4,5,5,4,3,3,3,2,2,3
Person_140,5,5,5,4,3,3,3,3,2,3
Person_141,2,4,5,4,3,3,0,1,2,3
Person_142,1,0,2,0,1,3,0,0,0,3
Person_143,0,0,0,0,1,0,0,1,0,0
Person_144,1,4,4,2,2,3,1,1,1,3
Person_145,2,2,0,3,2,2,1,1,0,2
Person_146,1,1,3,1,1,1,0,0,0,2
Person_147,3,0,2,1,2,3,0,0,0,3
Person_148,2,2,3,1,3,3,1,0,1,2
Person_149,2,5,4,5,3,3,3,2,2,3
Person_150,2,3,3,4,3,3,0,3,1,2
Person_151,0,2,2,2,1,3,0,2,0,3
Person_152,1,4,1,2,2,2,0,0,0,1
Person_153,1,1,0,2,1,0,0,0,0,1
Person_154,0,4,3,2,3,2,1,0,0,2
Person_155,1,4,3,3,2,2,0,0,0,3
Person_156,3,5,5,4,3,3,3,3,2,3
Person_157,2,3,3,3,3,2,1,0,0,3
Person_158,2,5,3,3,3,3,1,0,2,3
Person_159,0,2,0,2,2,3,1,0,0,3
Person_160,1,1,0,0,3,1,0,0,0,2
Person_161,0,1,1,1,1,1,0,0,0,3
Person_162,0,2,1,2,1,3,0,0,0,1
Person_163,3,5,5,4,3,3,2,3,3,3
Person_164,0,1,2,0,2,3,0,0,1,3
Person_165,4,3,4,4,1,3,1,1,1,3
Person_166,0,2,1,1,3,2,0,2,0,2
Person_167,3,5,4,4,3,3,1,3,1,3
Person_168,2,4,3,4,3,3,3,2,1,2
Person_169,3,1,2,2,2,2,1,0,0,3
Person_170,2,5,1,3,2,2,0,1,0,2
Person_171,2,1,2,1,2,3,1,1,1,2
Person_172,3,5,3,3,3,2,1,0,2,3
Person_173,0,1,2,2,3,2,0,0,0,3
Person_174,0,2,2,1,1,2,1,1,0,1
Person_175,1,3,0,1,1,1,0,0,0,3
Person_176,0,1,3,3,3,2,0,1,1,3
Person_177,3,5,4,4,3,3,3,2,2,3
Person_178,3,4,3,3,3,2,1,1,1,2
Person_179,2,2,1,2,3,2,1,1,1,3
Person_180,3,4,4,3,3,2,2,1,1,3
Person_181,4,5,5,4,3,3,3,3,3,3
Person_182,3,3,4,4,1,3,2,2,0,3
Person_183,1,0,4,0,3,2,1,0,0,3
Person_184,1,5,4,2,3,2,2,1,3,3
Person_185,2,4,4,4,2,3,1,0,3,3
Person_186,3,5,4,4,3,3,2,2,3,3
Person_187,1,3,3,3,3,3,3,0,2,2
Person_188,1,1,1,1,0,0,0,0,0,2
Person_189,0,1,1,2,3,2,0,0,0,2
Person_190,4,5,4,5,3,3,3,3,2,3
Person_191,3,5,4,4,3,3,1,3,3,3
Person_192,1,4,3,4,2,3,0,0,0,3
Person_193,1,2,2,2,3,0,1,0,0,3
Person_194,3,5,4,4,3,3,2,3,1,3
Person_195,0,2,0,0,3,2,1,0,0,2
Person_196,0,2,3,2,1,1,0,0,1,3
Person_197,3,2,3,3,3,3,1,2,0,3
Person_198,1,1,0,2,2,1,1,0,1,2
Person_199,1,2,3,2,3,3,1,0,1,3
Person_200,0,3,3,3,3,2,1,2,0,2
Person_201,2,2,2,3,3,3,1,2,2,3
Person_202,3,4,5,5,3,3,1,1,1,3
Person_203,0,3,4,4,3,3,1,0,2,2
Person_204,2,4,3,4,3,3,0,2,2,3
Person_205,0,0,0,1,0,1,0,0,0,1
Person_206,2,4,4,3,3,2,0,1,0,3
Person_207,2,1,1,0,3,1,0,0,1,0
Person_208,1,0,0,0,1,0,1,2,0,2
Person_209,1,2,2,3,3,0,0,0,0,3
Person_210,0,2,2,3,3,3,0,0,0,2
Person_211,1,4,5,3,3,3,2,0,2,3
Person_212,1,2,2,0,0,2,0,0,1,1
Person_213,1,2,3,3,3,3,0,0,0,2
Person_214,0,0,2,4,3,3,1,0,0,2
Person_215,1,3,2,3,3,3,1,1,0,2
Person_216,3,5,3,3,3,3,2,2,3,3
Person_217,4,5,4,2,3,3,2,0,1,2
Person_218,4,5,4,4,3,3,2,1,2,3
Person_219,1,5,2,4,3,2,2,1,0,3
Person_220,1,2,3,3,1,0,1,0,0,2
Person_221,1,2,2,2,2,3,1,0,2,3
Person_222,3,4,3,3,3,3,1,1,0,3
Person_223,2,3,1,2,3,3,2,0,1,3
Person_224,0,0,3,3,3,1,1,0,0,2
Person_225,2,4,4,2,3,3,1,3,1,2
Person_226,1,3,2,3,2,3,1,0,2,3
Person_227,5,5,5,5,3,3,3,3,2,3
Person_228,5,5,4,4,3,3,3,3,3,3
Person_229,1,1,2,1,2,1,0,0,0,2
Person_230,1,3,3,2,2,3,1,0,2,2
Person_231,1,0,1,3,0,1,0,0,0,0
Person_232,1,3,1,2,0,2,1,1,0,1
Person_233,4,3,2,4,3,3,1,2,0,3
Person_234,2,4,4,4,3,3,3,2,3,3
Person_235,2,2,3,1,1,3,0,0,0,2
Person_236,1,3,2,3,1,1,0,0,0,0
Person_237,0,1,0,0,1,2,0,0,0,2
Person_238,2,1,3,2,2,3,0,0,0,3
Person_239,2,0,0,0,0,3,0,0,0,3
Person_240,1,1,1,2,3,3,0,0,0,2
Person_241,1,1,2,0,0,0,0,0,0,1
Person_242,1,2,2,2,2,3,1,0,3,2
Person_243,0,1,0,0,0,1,0,0,0,3
Person_244,0,0,0,1,0,1,0,0,0,0
Person_245,3,4,4,4,3,3,2,3,2,3
Person_246,0,1,1,2,2,0,0,1,1,1
Person_247,1,0,0,2,1,2,0,0,0,1
Person_248,4,5,5,4,2,3,2,2,2,3
Person_249,5,5,5,5,3,3,3,3,3,3
Person_250,1,0,0,0,1,0,0,0,1,2
Person_251,1,3,3,1,3,2,1,0,0,3
Person_252,2,2,3,3,3,2,1,0,2,2
Person_253,5,5,2,4,3,3,3,3,3,3
Person_254,1,0,4,2,2,2,1,0,0,2
Person_255,0,2,2,3,3,3,0,0,1,3
Person_256,2,4,4,3,3,3,2,3,0,3
Person_257,3,4,5,2,3,2,1,1,3,2
Person_258,2,4,2,3,3,3,0,1,1,3
Person_259,2,3,4,3,3,2,2,1,0,2
Person_260,0,1,1,2,2,1,0,0,0,2
Person_261,2,2,1,3,2,3,2,0,1,3
Person_262,1,3,4,3,1,2,1,2,0,3
Person_263,2,3,3,3,3,3,1,0,2,3
Person_264,0,4,3,2,2,2,0,0,0,0
Person_265,2,3,3,3,2,2,1,1,1,2
Person_266,3,4,3,2,3,3,1,0,1,3
Person_267,2,4,1,3,2,2,1,1,2,2
Person_268,2,5,3,4,2,3,2,2,1,3
Person_269,1,3,3,3,3,1,1,0,1,3
Person_270,3,5,2,3,3,2,1,0,0,2
Person_271,0,1,2,1,3,1,0,1,0,1
Person_272,3,4,2,2,3,3,1,1,2,3
Person_273,3,2,2,2,2,3,1,2,1,3
Person_274,5,5,5,4,3,3,2,3,3,3
Person_275,5,5,5,4,3,3,1,2,2,3
Person_276,4,3,3,4,3,2,1,1,1,3
Person_277,1,2,2,1,3,1,1,0,0,2
Person_278,0,0,1,0,1,2,0,0,0,2
Person_279,4,5,5,3,3,3,3,2,3,3
Person_280,3,2,4,3,3,3,1,1,2,3
Person_281,4,0,4,5,2,3,1,1,0,3
Person_282,0,0,2,0,0,0,0,0,0,1
Person_283,3,3,4,4,3,3,2,3,1,3
Person_284,3,4,3,3,2,3,1,1,1,2
Person_285,0,1,2,1,1,1,0,0,0,2
Person_286,0,3,2,2,1,3,0,0,0,2
Person_287,4,4,4,3,3,3,2,2,2,3
Person_288,1,4,2,3,3,2,1,1,0,2
Person_289,1,4,2,0,1,3,1,1,1,2
Person_290,2,3,4,3,3,3,1,0,2,3
Person_291,2,4,3,4,3,3,0,1,1,2
Person_292,3,4,4,4,3,1,0,0,1,3
Person_293,4,5,5,5,3,3,3,2,3,3
Person_294,0,0,0,0,1,1,0,0,0,0
Person_295,3,2,3,3,3,3,0,1,1,3
Person_296,1,2,2,3,3,3,0,1,1,3
Person_297,2,5,4,3,2,3,0,1,0,3
Person_298,0,2,3,3,3,3,0,0,0,2
Person_299,0,0,0,1,0,1,0,0,0,2
Person_300,2,5,3,4,3,2,2,1,1,3
Person_301,5,5,5,4,3,3,3,3,3,3
Person_302,0,0,0,0,0,2,0,0,0,0
Person_303,4,5,4,3,3,3,1,2,1,3
Person_304,2,1,4,2,2,1,1,1,0,2
Person_305,2,2,3,2,2,3,1,0,0,2
Person_306,0,0,2,1,1,1,0,0,0,2
Person_307,1,2,4,2,1,2,0,0,0,3
Person_308,4,5,5,5,3,3,2,3,2,3
Person_309,3,4,5,2,3,3,2,1,2,2
Person_310,4,5,5,5,3,3,3,1,2,2
Person_311,4,4,4,4,2,3,1,1,3,3
Person_312,3,2,3,4,3,3,1,2,1,3
Person_313,3,5,4,5,3,3,3,3,2,3
Person_314,2,3,3,4,3,3,2,1,2,3
Person_315,4,4,4,3,3,2,1,3,3,3
Person_316,2,3,1,2,3,2,1,0,2,2
Person_317,1,5,4,3,2,3,1,0,0,3
Person_318,1,1,3,1,3,3,0,0,1,3
Person_319,3,4,5,5,3,2,2,0,1,3
Person_320,0,0,1,1,0,1,0,0,0,1
Person_321,2,5,5,4,2,3,1,3,2,3
Person_322,3,1,4,1,3,0,0,1,2,3
Person_323,3,4,4,4,3,3,1,2,2,2
Person_324,3,5,5,3,3,2,1,1,1,3
Person_325,3,5,4,3,3,3,3,2,2,3
Person_326,4,5,4,5,3,3,0,3,0,3
Person_327,0,0,2,3,2,1,0,0,0,1
Person_328,2,2,1,2,1,3,0,1,2,2
Person_329,1,0,0,0,2,1,0,0,0,1
Person_330,0,1,3,2,2,3,1,1,1,2
Person_331,4,5,5,4,3,3,3,3,3,3
Person_332,3,3,3,4,3,3,1,2,1,3
Person_333,0,2,2,3,1,3,0,0,0,3
Person_334,1,1,1,0,2,0,1,0,1,1
Person_335,3,4,2,3,3,3,1,1,2,3
Person_336,1,1,1,2,2,2,1,0,0,1
Person_337,1,2,2,1,3,2,1,1,0,1
Person_338,1,5,3,3,3,3,3,0,0,3
Person_339,3,5,4,5,3,3,1,2,2,3
Person_340,1,5,4,4,3,1,2,0,2,3
Person_341,1,0,0,0,1,0,0,0,0,0
Person_342,3,2,4,2,3,3,1,1,0,1
Person_343,3,4,3,3,3,2,0,3,1,3
Person_344,3,5,4,3,3,3,1,1,1,2
Person_345,5,5,5,4,3,3,3,3,3,3
Person_346,0,0,0,0,0,1,0,0,0,0
Person_347,1,2,3,2,1,3,1,1,2,0
Person_348,3,5,4,2,3,3,2,3,1,3
Person_349,0,1,0,0,0,3,0,0,0,2
Person_350,3,5,4,4,3,3,2,3,1,3
Person_351,3,2,4,2,3,3,2,1,0,2
Person_352,1,4,3,4,2,3,1,2,2,3
Person_353,2,3,0,2,3,3,1,0,0,0
Person_354,3,4,4,3,3,3,0,1,2,3
Person_355,3,5,4,5,3,3,2,3,1,3
Person_356,1,5,3,2,3,3,1,1,1,3
Person_357,3,3,4,3,2,3,1,1,3,3
Person_358,4,4,1,2,3,3,1,0,0,3
Person_359,1,2,0,0,3,1,1,0,0,2
Person_360,3,2,3,2,3,2,1,1,1,3
Person_361,2,2,4,4,3,3,0,0,2,2
Person_362,2,1,4,4,3,2,1,1,2,3
Person_363,2,5,4,4,3,3,1,0,2,3
Person_364,0,2,2,3,1,2,0,0,0,1
Person_365,0,2,4,3,2,3,1,1,1,3
Person_366,3,5,5,4,3,3,2,3,1,3
Person_367,1,0,1,1,3,3,0,1,1,1
Person_368,1,3,3,2,1,1,1,1,0,2
Person_369,2,2,3,3,1,3,0,1,1,2
Person_370,3,5,4,3,3,3,1,1,2,3
Person_371,2,5,4,3,3,3,1,1,0,2
Person_372,3,3,3,4,3,3,2,2,3,3
Person_373,1,5,4,4,3,3,1,2,2,3
Person_374,3,4,3,4,3,3,1,1,1,3
Person_375,1,4,5,4,3,3,1,1,2,3
Person_376,4,5,5,5,3,3,2,3,3,3
Person_377,1,3,2,4,3,3,1,0,1,3
Person_378,0,0,0,1,0,1,0,0,0,0
Person_379,5,5,3,4,3,3,3,3,2,3
Person_380,0,2,3,3,3,2,0,0,1,2
Person_381,2,3,3,3,2,3,1,1,1,3
Person_382,4,4,4,5,3,3,0,3,3,3
Person_383,0,0,0,1,1,0,0,0,0,2
Person_384,0,0,0,0,2,1,0,1,0,2
Person_385,0,1,0,0,0,0,0,0,0,2
Person_386,0,2,2,2,2,1,1,0,0,1
Person_387,3,3,4,3,3,3,2,0,3,3
Person_388,0,4,3,3,3,3,1,2,1,3
Person_389,0,4,4,2,3,3,1,2,2,3
Person_390,0,1,3,1,1,3,0,0,1,2
Person_391,0,0,0,0,1,0,0,0,0,1
Person_392,3,4,3,3,3,2,2,3,0,2
Person_393,1,2,3,3,2,3,0,1,0,2
Person_394,3,5,4,3,3,3,1,2,1,3
Person_395,2,5,4,3,3,3,1,0,1,2
Person_396,2,3,3,3,3,3,2,3,0,3
Person_397,3,4,4,3,3,2,1,2,2,3
Person_398,2,4,0,4,2,3,0,1,1,3
Person_399,4,3,4,3,3,3,3,2,2,3
Person_400,2,0,2,1,2,2,0,0,0,2
Person_401,1,0,3,3,3,3,0,1,0,3
Person_402,4,2,3,2,3,2,1,1,0,3
Person_403,3,2,4,3,3,3,1,1,2,3
Person_404,1,1,3,3,3,2,0,1,0,2
Person_405,1,5,2,3,3,3,1,1,2,3
Person_406,1,2,4,3,3,1,0,1,1,3
Person_407,2,1,3,4,3,3,0,0,0,3
Person_408,2,5,3,3,3,2,2,1,3,3
Person_409,0,1,2,0,0,0,0,0,0,2
Person_410,0,0,0,1,0,2,0,0,0,1
Person_411,1,1,2,1,3,1,0,0,0,3
Person_412,0,1,0,1,0,0,0,0,0,1
Person_413,0,0,0,2,2,1,0,0,1,3
Person_414,3,5,5,5,2,3,3,2,2,2
Person_415,0,2,3,3,3,3,1,1,0,3
Person_416,3,3,3,4,3,3,1,0,0,3
Person_417,3,4,4,4,3,3,2,3,2,3
Person_418,4,5,4,4,3,3,1,2,3,3
Person_419,1,2,2,2,3,3,1,0,0,3
Person_420,3,5,5,4,3,3,2,1,1,3
Person_421,1,3,2,3,2,3,0,0,1,1
Person_422,1,2,3,1,1,2,0,0,0,1
Person_423,0,1,2,0,3,3,1,0,0,2
Person_424,0,3,0,0,1,2,0,0,0,2
Person_425,0,2,2,3,0,2,0,1,0,1
Person_426,3,3,3,2,1,3,1,0,0,3
Person_427,4,5,3,3,3,3,2,2,3,3
Person_428,4,5,5,4,3,3,3,1,2,3
Person_429,0,0,0,0,1,1,0,0,1,2
Person_430,1,2,2,3,2,2,1,2,0,3
Person_431,0,1,0,2,1,2,0,0,0,1
Person_432,3,5,3,4,3,3,0,1,2,2
Person_433,2,3,3,3,3,2,2,0,1,3
Person_434,0,0,0,0,1,1,0,0,0,1
Person_435,4,4,4,5,2,3,2,2,2,3
Person_436,3,0,2,0,1,1,0,0,0,2
Person_437,1,1,3,1,3,1,1,1,0,2
Person_438,0,0,2,0,2,1,0,2,0,1
Person_439,2,0,2,3,1,3,1,0,1,3
Person_440,2,5,3,3,3,3,2,1,2,2
Person_441,2,2,4,3,3,2,0,2,3,3
Person_442,3,2,2,2,3,3,1,1,1,3
Person_443,3,2,4,2,3,3,1,2,1,3
Person_444,3,4,4,5,3,3,2,3,2,3
Person_445,2,4,0,3,3,3,0,0,1,3
Person_446,0,1,0,1,1,0,0,0,0,1
Person_447,4,4,4,4,3,3,3,0,2,3
Person_448,1,2,3,0,2,2,1,1,2,3
Person_449,4,4,3,4,3,3,3,1,2,3
Person_450,3,2,4,3,3,3,0,2,3,3
Person_451,0,3,4,0,2,2,0,0,1,3
Person_452,2,3,2,3,3,3,1,1,0,3
Person_453,5,5,4,4,3,3,3,3,3,3
Person_454,3,5,5,5,3,3,2,3,2,3
Person_455,1,3,4,3,2,3,2,1,1,3
Person_456,2,5,3,2,2,3,1,1,2,3
Person_457,4,5,4,4,3,3,2,2,1,3
Person_458,1,1,2,1,3,2,1,0,0,2
Person_459,3,4,4,2,2,3,1,1,3,3
Person_460,3,4,2,3,1,2,0,0,0,3
Person_461,2,4,2,4,3,2,1,0,1,3
Person_462,0,2,4,3,2,1,0,0,1,2
Person_463,0,0,1,2,0,0,1,0,0,2
Person_464,0,0,0,0,0,2,0,0,0,0
Person_465,0,2,2,0,0,3,1,0,1,3
Person_466,0,1,1,2,3,1,1,1,0,2
Person_467,0,3,1,2,2,1,1,0,0,2
Person_468,3,5,5,5,3,3,1,3,3,3
Person_469,3,5,4,5,3,3,3,3,1,3
Person_470,0,1,1,2,1,2,0,0,0,2
Person_471,2,5,5,3,3,3,2,0,0,3
Person_472,0,3,2,1,1,1,1,0,0,3
Person_473,3,2,2,2,1,2,1,0,0,2
Person_474,2,3,3,2,2,3,0,1,2,3
Person_475,2,4,3,4,3,3,1,1,1,3
Person_476,2,3,3,2,3,2,0,0,1,3
Person_477,3,5,5,3,3,3,2,2,2,3
Person_478,0,1,0,0,2,3,0,0,0,3
Person_479,3,5,2,3,3,3,1,0,2,3
Person_480,4,5,5,4,3,3,3,3,3,3
Person_481,3,5,3,3,3,2,1,1,2,2
Person_482,2,5,5,4,3,3,3,1,2,3
Person_483,1,5,2,4,2,3,2,0,2,3
Person_484,2,4,3,3,3,3,2,0,2,3
Person_485,2,4,3,2,2,2,1,1,3,2
Person_486,2,2,4,2,2,1,2,0,1,3
Person_487,1,2,1,2,2,1,0,0,0,3
Person_488,1,5,4,4,3,3,1,1,1,3
Person_489,2,2,1,1,3,1,1,1,1,2
Person_490,3,4,4,3,3,3,1,2,3,3
Person_491,1,3,5,3,3,3,1,2,2,3
Person_492,3,3,4,4,3,2,1,2,1,2
Person_493,0,2,3,2,1,1,0,0,1,2
Person_494,3,5,3,3,2,2,0,0,1,3
Person_495,1,4,4,3,1,2,0,0,0,3
Person_496,2,4,3,4,3,2,2,2,2,3
Person_497,1,0,0,0,1,1,0,0,1,0
Person_498,0,2,3,3,3,3,1,0,0,2
Person_499,0,2,1,1,0,0,0,0,0,1
Person_500,0,1,0,1,1,1,1,0,1,3
Person_501,4,4,4,4,3,3,1,3,3,3
Person_502,4,5,3,4,3,3,1,3,3,3
Person_503,0,0,2,3,2,2,1,0,1,1
Person_504,0,1,0,0,2,1,0,1,0,2
Person_505,0,0,0,0,0,0,1,0,0,0
Person_506,1,4,3,3,3,2,1,1,0,2
Person_507,5,5,5,4,3,3,3,3,3,3
Person_508,2,4,3,3,3,2,1,0,1,3
Person_509,1,2,3,2,3,3,0,0,0,3
Person_510,2,2,3,3,3,3,1,0,1,3
Person_511,0,1,0,0,1,1,0,1,0,0
Person_512,1,3,2,2,3,2,0,0,1,3
Person_513,2,5,3,2,3,3,0,1,1,3
Person_514,3,4,2,3,3,3,0,2,0,3
Person_515,3,5,4,3,3,3,2,2,2,3
Person_516,3,4,4,3,3,3,1,0,1,2
Person_517,3,5,5,4,3,2,1,1,2,3
Person_518,0,3,3,0,0,2,0,0,1,2
Person_519,3,3,3,3,3,3,2,1,3,3
Person_520,3,5,4,5,3,3,3,3,3,3
Person_521,2,3,0,2,1,1,1,0,0,2
Person_522,2,0,1,1,0,2,0,0,0,1
Person_523,1,5,4,3,3,3,1,3,2,3
Person_524,2,2,4,2,1,3,0,1,0,1
Person_525,4,5,4,4,3,3,2,3,2,3
Person_526,2,2,3,1,2,2,1,0,0,2
Person_527,4,5,5,4,3,3,2,1,1,3
Person_528,2,4,3,1,2,3,1,0,0,2
Person_529,2,4,3,3,2,3,1,1,1,3
Person_530,5,4,5,4,3,3,2,1,3,2
Person_531,0,3,3,3,1,3,1,0,0,2
Person_532,0,2,0,2,3,0,1,1,0,2
Person_533,2,2,1,1,3,2,0,1,1,3
Person_534,3,5,3,2,3,3,2,3,1,3
Person_535,0,0,1,1,1,0,0,0,0,1
Person_536,2,5,5,4,3,3,2,1,2,3
Person_537,0,2,2,2,3,1,0,0,0,1
Person_538,3,5,5,4,3,3,1,3,2,3
Person_539,0,0,0,0,0,0,0,0,0,0
Person_540,1,1,0,2,1,0,0,0,0,0
Person_541,0,1,2,0,1,1,0,0,0,0
Person_542,0,0,0,2,1,3,0,0,0,1
Person_543,3,2,5,3,3,3,1,0,1,3
Person_544,0,2,4,1,3,2,1,0,1,3
Person_545,0,4,3,2,2,3,1,0,1,3
Person_546,2,3,0,3,3,3,2,1,0,2
Person_547,4,4,4,4,3,3,0,0,2,2
Person_548,0,2,0,3,1,1,0,0,0,1
Person_549,4,5,4,3,3,2,2,1,2,3
Person_550,1,4,3,3,3,3,0,1,1,3
Person_551,2,4,3,3,2,1,0,0,1,3
Person_552,3,4,4,5,2,2,1,2,1,3
Person_553,1,0,4,4,3,3,1,3,2,3
Person_554,5,5,5,4,3,3,3,3,3,3
Person_555,3,0,4,3,2,3,1,0,1,3
Person_556,1,5,1,2,2,3,0,0,2,2
Person_557,0,1,2,3,1,1,0,1,0,3
Person_558,1,1,3,3,3,0,0,0,0,1
Person_559,0,1,1,1,0,0,0,0,0,2
Person_560,0,2,1,1,2,2,0,0,0,2
Person_561,2,2,4,3,1,3,1,0,0,3
Person_562,1,5,4,2,2,3,1,1,2,2
Person_563,1,3,4,3,3,2,1,1,1,1
Person_564,2,2,2,3,2,2,1,1,0,3
Person_565,3,4,3,3,3,3,2,2,2,3
Person_566,4,5,4,5,3,3,1,1,2,3
Person_567,0,4,0,4,2,2,1,0,1,3
Person_568,3,3,3,2,2,2,0,2,1,2
Person_569,1,4,5,3,2,3,2,3,1,2
Person_570,2,4,3,2,3,2,1,1,1,3
Person_571,0,0,1,1,1,1,0,0,0,1
Person_572,3,2,3,3,2,2,0,1,1,2
Person_573,2,3,3,2,3,3,2,1,1,3
Person_574,1,0,0,1,0,2,0,1,0,2
Person_575,3,3,4,3,3,3,0,0,0,3
Person_576,1,0,0,3,0,1,0,0,0,2
Person_577,2,5,5,5,3,2,1,2,0,3
Person_578,4,5,5,4,3,3,1,0,2,3
Person_579,1,4,3,3,3,3,1,1,0,3
Person_580,3,4,4,3,3,3,1,1,1,3
Person_581,0,0,0,1,0,0,0,0,0,0
Person_582,0,0,0,1,2,1,0,0,0,3
Person_583,2,3,4,1,3,2,0,1,0,2
Person_584,1,1,0,0,0,0,0,0,0,1
Person_585,2,4,3,4,3,3,1,1,1,3
Person_586,4,5,5,5,3,3,1,3,2,3
Person_587,0,1,0,0,1,3,0,0,0,1
Person_588,0,2,1,1,1,1,0,0,0,3
Person_589,2,3,3,3,3,3,0,1,2,3
Person_590,4,5,4,4,3,3,2,2,3,3
Person_591,0,1,3,0,2,1,0,0,0,2
Person_592,1,4,3,3,3,3,2,2,2,2
Person_593,4,5,4,4,3,3,2,2,2,3
Person_594,0,0,0,0,2,3,0,0,0,3
Person_595,0,1,0,1,3,3,0,0,0,2
Person_596,1,4,2,2,3,2,0,3,1,3
Person_597,2,3,2,3,1,1,0,0,1,3
Person_598,4,2,2,4,3,3,2,0,2,3
Person_599,2,5,3,2,3,3,1,2,3,3
Person_600,1,0,0,0,0,1,0,0,0,1
Person_601,3,3,4,4,1,3,0,0,0,3
Person_602,2,2,1,1,3,3,1,0,0,1
Person_603,3,5,5,4,3,3,3,3,3,3
Person_604,2,2,4,2,2,2,1,0,0,2
Person_605,1,1,0,2,1,3,0,0,2,1
Person_606,1,5,1,4,3,2,2,1,1,3
Person_607,3,5,3,4,3,3,2,2,1,3
Person_608,4,3,3,4,2,3,1,1,1,1
Person_609,0,0,0,0,0,1,0,0,0,1
Person_610,2,2,4,3,3,3,3,1,1,3
Person_611,0,1,4,2,0,0,0,0,0,1
Person_612,3,5,3,3,3,3,1,1,2,3
Person_613,0,0,0,2,0,1,0,0,0,3
Person_614,0,4,4,3,3,3,1,1,1,3
Person_615,0,1,3,1,1,2,1,1,1,2
Person_616,1,0,2,3,1,2,0,0,0,2
Person_617,3,4,3,4,3,3,1,1,2,3
Person_618,1,4,1,2,3,2,1,1,1,2
Person_619,0,2,4,2,1,1,1,0,0,2
Person_620,5,5,5,4,3,3,3,1,1,3
Person_621,2,2,1,2,2,2,0,0,1,3
Person_622,3,1,2,2,3,3,1,1,1,2
Person_623,3,3,1,3,3,2,1,1,1,2
Person_624,1,2,2,3,1,3,1,0,1,2
Person_625,2,4,4,2,1,3,1,3,3,3
Person_626,0,1,3,0,2,3,1,1,0,3
Person_627,1,2,1,2,2,3,0,0,1,1
Person_628,5,5,4,4,3,3,3,3,3,2
Person_629,0,1,1,1,2,2,0,0,0,1
Person_630,0,0,1,0,0,0,0,0,0,0
Person_631,3,5,5,5,2,3,3,3,3,3
Person_632,5,5,4,5,3,3,3,3,3,3
Person_633,0,1,1,2,3,0,0,0,1,3
Person_634,0,0,2,0,0,0,0,0,0,2
Person_635,1,2,1,3,1,3,1,1,1,3
Person_636,1,2,3,0,3,2,0,0,0,2
Person_637,3,5,3,4,3,3,0,0,0,2
Person_638,1,3,0,1,1,1,0,0,0,2
Person_639,3,2,4,3,2,3,1,1,1,3
Person_640,1,2,5,4,3,3,1,2,1,3
Person_641,0,1,0,1,1,1,0,0,0,1
Person_642,2,5,3,4,3,3,3,0,0,3
Person_643,5,4,4,5,3,3,3,3,2,3
Person_644,2,3,3,1,2,3,1,1,1,3
Person_645,1,2,2,1,2,3,2,1,1,3
Person_646,3,4,3,2,2,3,1,1,2,3
Person_647,4,5,2,3,2,3,2,0,2,3
Person_648,0,0,1,0,2,2,1,0,0,1
Person_649,3,3,2,3,3,2,0,0,1,3
Person_650,1,3,1,4,2,1,0,0,0,3
Person_651,4,5,3,4,3,3,3,3,2,3
Person_652,0,2,3,3,0,2,1,1,0,2
Person_653,3,5,4,5,3,3,2,0,1,3
Person_654,0,0,0,0,3,2,0,0,0,1
Person_655,3,4,3,4,3,3,1,2,1,3
Person_656,3,4,4,2,2,3,0,1,1,2
Person_657,0,2,4,2,0,1,0,1,0,2
Person_658,1,3,4,4,3,3,1,0,2,3
Person_659,5,5,4,3,3,3,2,2,0,3
Person_660,0,3,3,2,3,2,1,0,1,1
Person_661,0,0,0,1,0,0,0,0,0,1
Person_662,0,5,2,3,2,3,1,2,1,3
Person_663,1,2,1,2,1,3,0,1,0,2
Person_664,1,2,2,3,2,3,0,0,0,3
Person_665,2,3,4,3,2,2,1,1,0,3
Person_666,0,0,0,1,1,0,0,0,0,1
Person_667,0,0,0,0,1,2,0,0,0,0
Person_668,1,3,3,3,3,3,1,0,2,2
Person_669,0,2,0,3,3,3,0,0,0,3
Person_670,0,0,2,0,0,0,0,0,0,1
Person_671,1,4,4,4,2,3,1,1,2,3
Person_672,3,4,2,3,2,3,1,0,1,3
Person_673,1,1,1,2,1,2,1,1,0,2
Person_674,0,1,0,0,1,0,1,0,0,1
Person_675,4,4,4,3,3,2,2,1,2,3
Person_676,3,1,4,2,3,2,2,0,1,3
Person_677,4,5,5,5,3,3,3,2,3,3
Person_678,2,5,4,3,3,3,1,1,0,3
Person_679,3,4,3,4,3,2,1,1,3,3
Person_680,1,2,3,4,3,2,0,2,2,3
Person_681,4,4,5,3,3,2,0,2,3,3
Person_682,2,5,4,4,3,3,1,1,0,3
Person_683,4,5,4,4,3,2,2,3,2,2
Person_684,0,0,3,2,1,2,1,0,1,3
Person_685,0,1,0,1,3,1,1,0,1,2
Person_686,1,1,3,3,2,3,0,1,0,3
Person_687,4,4,4,4,3,3,1,3,2,3
Person_688,4,5,5,3,3,3,1,2,2,3
Person_689,3,1,2,2,3,3,0,1,1,2
Person_690,0,3,1,2,1,3,2,0,1,2
Person_691,4,3,2,2,1,2,1,1,0,2
Person_692,0,2,3,1,1,2,0,0,0,3
Person_693,2,5,4,4,3,3,0,2,1,3
Person_694,1,0,0,0,0,0,0,0,0,0
Person_695,1,5,2,1,1,2,0,1,0,1
Person_696,1,2,2,2,1,0,0,0,0,2
Person_697,0,2,0,0,0,1,0,0,0,0
Person_698,0,0,2,1,0,1,0,0,0,1
Person_699,0,0,1,1,2,1,0,0,0,2
Person_700,1,1,4,3,3,3,0,1,0,3
Person_701,3,3,4,5,3,2,0,3,2,3
Person_702,1,4,2,1,3,3,1,1,2,3
Person_703,0,3,0,3,1,2,0,0,1,1
Person_704,1,2,4,3,2,2,1,1,1,1
Person_705,3,5,3,4,3,3,1,2,2,3
Person_706,1,0,2,2,1,1,0,0,0,1
Person_707,0,2,2,1,3,1,0,0,0,2
Person_708,3,4,3,4,3,2,2,1,1,3
Person_709,0,2,0,1,3,3,1,1,0,3
Person_710,3,5,3,3,2,3,1,0,1,3
Person_711,2,5,2,2,3,3,1,1,0,3
Person_712,4,5,3,4,3,3,1,1,1,3
Person_713,0,0,1,1,2,2,1,1,0,2
Person_714,1,4,3,3,3,2,0,1,0,3
Person_715,1,3,4,2,2,3,0,1,0,3
Person_716,0,1,2,0,2,0,0,0,0,0
Person_717,0,0,2,0,1,0,0,1,0,0
Person_718,3,2,4,4,3,3,3,2,2,3
Person_719,0,2,3,2,3,2,0,1,2,2
Person_720,0,1,0,0,2,1,0,0,1,0
Person_721,1,3,3,3,2,1,1,1,0,3
Person_722,3,5,5,4,2,3,2,1,1,3
Person_723,1,0,0,0,1,3,0,0,0,1
Person_724,0,0,2,0,0,1,0,0,0,3
Person_725,1,2,1,0,0,2,0,1,0,3
Person_726,2,4,5,4,3,3,2,3,2,3
Person_727,2,4,3,2,3,3,1,2,1,3
Person_728,3,3,4,3,3,3,3,0,1,3
Person_729,1,1,0,1,2,0,1,0,0,2
Person_730,0,1,0,2,1,2,1,0,0,2
Person_731,3,3,3,3,2,3,1,1,1,3
Person_732,2,4,3,1,3,3,1,0,1,3
Person_733,2,5,3,3,3,1,1,1,2,3
Person_734,0,1,2,3,2,1,0,0,1,2
Person_735,3,5,3,2,2,3,2,1,0,3
Person_736,0,4,3,2,3,1,1,3,2,2
Person_737,3,4,3,4,3,2,2,1,2,3
Person_738,3,3,5,4,3,3,1,0,3,3
Person_739,0,1,2,0,0,0,0,0,0,1
Person_740,0,0,0,0,0,0,0,0,0,1
Person_741,5,5,4,3,3,3,1,3,3,3
Person_742,3,4,3,3,3,3,1,3,1,3
Person_743,0,1,1,2,0,1,2,1,0,3
Person_744,0,0,0,0,1,0,0,0,0,1
Person_745,0,3,3,2,3,3,2,0,1,1
Person_746,3,5,3,3,3,3,2,1,3,3
Person_747,3,5,5,5,3,3,3,3,3,3
Person_748,0,4,4,3,3,3,1,1,1,3
Person_749,0,1,3,2,2,3,0,1,1,2
Person_750,1,2,2,0,2,1,0,0,0,1
Person_751,2,1,3,4,3,2,1,0,1,3
Person_752,4,1,3,3,2,2,0,0,2,2
Person_753,0,2,0,1,1,2,0,0,1,2
Person_754,3,5,5,5,3,3,3,3,2,3
Person_755,5,5,4,4,3,3,2,1,2,3
Person_756,3,5,5,4,3,3,1,2,2,3
Person_757,0,2,1,2,2,1,2,0,0,3
Person_758,3,5,4,3,3,3,1,2,0,2
Person_759,4,5,4,4,3,3,1,2,2,1
Person_760,1,5,3,3,3,3,0,3,2,1
Person_761,4,5,4,3,3,3,1,3,2,3
Person_762,2,5,4,3,3,3,1,1,2,3
Person_763,4,4,4,4,3,3,2,2,2,3
Person_764,3,4,4,4,3,3,2,1,2,3
Person_765,2,5,5,4,3,3,2,0,1,3
Person_766,0,0,0,0,1,2,0,0,0,1
Person_767,2,2,4,3,3,2,1,3,0,3
Person_768,0,2,2,2,1,1,0,0,0,2
Person_769,0,2,1,1,2,1,0,0,1,2
Person_770,4,5,5,4,2,3,3,3,1,3
Person_771,3,5,5,4,3,3,3,3,3,3
Person_772,4,5,5,4,3,3,1,1,1,3
Person_773,1,3,3,3,3,3,1,2,2,3
Person_774,4,4,4,5,3,3,1,1,0,3
Person_775,0,1,3,2,2,2,0,1,1,3
Person_776,1,2,2,2,1,3,0,2,1,3
Person_777,0,1,3,1,1,2,0,0,1,3
Person_778,2,3,3,2,3,2,0,1,2,3
Person_779,2,3,4,2,1,3,1,1,1,2
Person_780,0,2,1,2,1,1,0,0,0,3
Person_781,1,5,3,2,2,3,1,0,0,3
Person_782,4,3,4,4,2,2,2,0,0,2
Person_783,4,5,5,5,3,3,3,3,2,3
Person_784,3,3,4,4,3,3,2,2,2,3
Person_785,2,3,3,3,3,2,0,1,0,3
Person_786,3,4,3,2,1,3,1,1,2,3
Person_787,0,2,1,3,3,3,0,1,2,3
Person_788,1,2,2,4,2,3,1,1,1,3
Person_789,0,1,1,1,1,3,0,0,0,1
Person_790,1,3,4,3,3,1,1,0,1,2
Person_791,2,2,3,3,0,1,0,0,0,2
Person_792,0,1,0,2,0,3,0,0,0,2
Person_793,3,4,2,3,3,2,1,0,2,3
Person_794,4,5,3,4,3,3,3,1,1,2
Person_795,0,0,0,0,1,0,0,0,0,0
Person_796,1,2,3,2,2,3,2,1,0,3
Person_797,2,5,4,3,3,3,3,3,3,3
Person_798,3,5,5,4,3,2,2,3,2,3
Person_799,3,4,3,4,1,3,1,1,1,3
Person_800,1,4,3,3,3,2,1,1,1,3
Person_801,0,1,3,1,1,3,0,0,0,3
Person_802,1,3,3,2,0,1,0,0,0,3
Person_803,3,5,3,3,3,3,0,1,1,3
Person_804,2,3,3,4,3,2,1,0,2,3
Person_805,4,5,3,5,3,3,1,2,1,3
Person_806,4,4,3,4,3,3,1,3,2,3
Person_807,1,5,2,3,2,3,1,1,0,3
Person_808,0,2,0,2,1,1,1,0,0,1
Person_809,0,2,1,2,3,3,1,1,0,2
Person_810,2,3,3,3,3,3,1,2,1,3
Person_811,2,1,0,3,2,2,2,1,2,3
Person_812,0,1,0,1,2,1,0,0,1,2
Person_813,3,4,4,3,3,3,1,2,0,3
Person_814,1,4,1,2,2,3,0,0,0,3
Person_815,2,5,1,0,0,1,1,0,0,3
Person_816,2,5,3,0,2,2,1,2,0,3
Person_817,0,3,3,3,2,2,0,1,0,3
Person_818,3,4,3,3,3,3,0,1,1,3
Person_819,1,2,4,3,2,3,1,0,2,3
Person_820,0,2,0,1,0,0,0,1,0,0
Person_821,1,2,4,1,3,3,0,0,0,2
Person_822,4,5,5,3,3,3,3,3,1,3
Person_823,1,2,1,2,0,1,1,0,0,2
Person_824,0,2,0,0,0,1,0,0,0,1
Person_825,0,1,0,0,1,0,0,0,0,2
Person_826,1,3,3,3,3,3,1,0,2,3
Person_827,1,2,2,3,3,3,1,2,3,2
Person_828,2,2,3,3,2,2,2,0,1,3
Person_829,3,4,4,2,3,3,3,3,2,3
Person_830,0,0,0,0,0,0,0,0,0,0
Person_831,0,4,4,0,3,3,2,1,1,3
Person_832,3,5,4,3,3,3,3,2,2,3
Person_833,1,0,0,1,0,1,0,0,0,2
Person_834,1,2,2,2,3,2,0,1,1,3
Person_835,0,0,1,2,1,2,0,1,2,2
Person_836,1,1,0,3,2,1,0,0,1,2
Person_837,1,2,2,3,2,2,1,0,0,2
Person_838,4,5,5,4,3,3,3,1,3,3
Person_839,4,5,5,5,3,3,1,2,3,3
Person_840,2,0,3,3,2,2,1,0,2,3
Person_841,5,5,3,4,3,3,2,1,3,2
Person_842,1,2,4,2,3,1,0,1,0,2
Person_843,4,5,5,5,3,2,3,2,2,3
Person_844,2,2,3,2,3,2,2,0,1,3
Person_845,1,4,2,2,3,3,2,0,1,3
Person_846,2,5,3,3,3,2,1,1,1,2
Person_847,5,5,5,5,3,3,3,2,2,3
Person_848,3,4,4,3,3,3,2,0,3,3
Person_849,2,3,4,2,1,2,0,0,1,3
Person_850,3,4,4,4,3,3,1,3,2,3
Person_851,0,4,2,3,2,3,1,0,2,3
Person_852,0,1,1,3,2,1,1,0,1,1
Person_853,3,5,4,4,3,3,1,2,2,3
Person_854,2,4,1,3,3,1,1,0,0,3
Person_855,3,5,3,5,3,3,1,2,1,2
Person_856,1,2,3,3,3,1,1,0,0,3
Person_857,3,3,5,3,2,3,1,0,2,2
Person_858,4,2,3,3,3,3,1,0,0,3
Person_859,0,0,0,0,2,0,0,0,0,1
Person_860,2,5,3,2,1,2,1,2,0,2
Person_861,0,1,3,1,1,2,0,0,1,0
Person_862,0,2,3,0,0,2,1,0,0,1
Person_863,3,3,3,3,3,3,1,2,2,1
Person_864,3,4,4,2,1,2,1,0,1,2
Person_865,0,5,2,2,3,1,2,0,0,2
Person_866,3,4,3,4,3,3,0,2,2,2
Person_867,1,2,0,3,2,1,0,0,0,1
Person_868,1,1,1,2,1,1,1,0,0,3
Person_869,3,2,2,1,2,3,1,0,2,2
Person_870,2,3,3,3,2,2,2,1,0,2
Person_871,2,3,4,4,3,3,0,2,1,3
Person_872,1,1,1,2,2,2,0,0,1,3
Person_873,4,5,4,5,3,3,2,3,1,3
Person_874,1,4,2,2,3,3,0,1,1,3
Person_875,1,0,1,2,3,1,0,0,0,1
Person_876,0,0,1,0,0,1,0,0,0,0
Person_877,1,2,5,3,3,2,0,0,1,3
Person_878,1,3,3,2,3,3,2,1,0,3
Person_879,3,4,4,2,2,3,1,1,1,3
Person_880,0,5,3,5,2,3,0,2,0,3
Person_881,3,4,4,2,2,3,1,1,2,3
Person_882,3,5,3,3,3,3,1,2,2,3
Person_883,0,1,0,1,0,1,0,0,0,1
Person_884,0,1,0,1,0,2,0,1,0,1
Person_885,1,1,2,1,1,3,0,0,0,1
Person_886,4,5,1,3,3,2,1,2,1,3
Person_887,4,4,5,4,3,3,1,1,3,3
Person_888,1,3,4,1,3,2,0,2,0,2
Person_889,0,0,0,0,1,0,0,0,0,1
Person_890,0,2,3,1,0,1,0,0,0,0
Person_891,1,1,3,1,1,3,1,0,2,0
Person_892,0,2,0,1,1,3,1,1,1,3
Person_893,2,2,3,3,3,3,1,0,0,3
Person_894,4,4,4,3,1,3,1,0,1,3
Person_895,2,1,4,2,1,3,0,1,1,3
Person_896,1,5,5,3,3,3,1,2,1,3
Person_897,2,0,0,0,1,2,0,2,0,2
Person_898,0,2,2,1,2,0,0,2,2,2
Person_899,3,3,4,5,3,3,0,0,1,3
Person_900,1,0,0,1,0,1,1,0,0,2
Person_901,1,5,3,3,3,3,1,1,2,3
Person_902,0,3,2,2,2,3,1,0,2,3
Person_903,1,1,2,4,1,3,1,0,0,1
Person_904,3,5,5,4,3,3,3,3,3,3
Person_905,0,4,2,0,2,2,1,1,1,3
Person_906,5,5,5,5,3,3,3,2,3,3
Person_907,0,2,3,2,2,3,2,3,0,3
Person_908,1,1,0,3,3,1,0,0,0,3
Person_909,2,4,3,3,2,3,0,1,1,3
Person_910,0,2,0,0,0,0,1,0,0,1
Person_911,1,2,1,3,1,2,0,0,0,3
Person_912,4,5,4,3,3,3,2,0,2,3
Person_913,3,5,2,4,3,3,1,1,1,3
Person_914,1,1,2,2,3,3,1,2,0,3
Person_915,3,4,4,3,3,3,1,1,1,3
Person_916,3,4,4,3,3,3,2,2,2,3
Person_917,4,4,5,3,3,3,2,3,3,3
Person_918,3,5,3,4,3,3,0,0,0,2
Person_919,4,5,5,3,3,3,1,1,1,3
Person_920,0,1,0,0,1,0,0,0,0,1
Person_921,1,3,3,2,2,3,0,0,0,3
Person_922,0,2,2,0,0,2,1,0,0,1
Person_923,2,5,3,2,3,3,0,1,1,3
Person_924,1,1,2,2,3,2,1,2,0,2
Person_925,0,2,2,3,2,1,1,0,0,3
Person_926,4,5,5,5,3,3,2,3,2,3
Person_927,4,4,1,2,1,3,0,0,0,3
Person_928,1,4,3,3,3,3,0,2,1,3
Person_929,1,2,2,2,2,2,0,0,0,3
Person_930,1,5,4,2,3,3,0,1,2,3
Person_931,3,2,2,3,3,3,2,0,0,3
Person_932,2,3,4,3,3,3,2,1,0,3
Person_933,3,5,4,5,3,3,1,1,3,3
Person_934,4,5,5,4,3,3,3,3,3,3
Person_935,2,4,2,3,3,3,1,2,2,3
Person_936,3,4,4,4,3,3,1,3,1,3
Person_937,0,1,0,2,0,0,0,0,0,0
Person_938,1,2,4,2,3,3,1,1,0,2
Person_939,4,5,3,4,3,3,1,0,2,3
Person_940,3,5,3,4,3,3,2,2,2,3
Person_941,1,4,4,3,3,3,0,0,2,2
Person_942,3,5,4,4,3,1,1,2,2,2
Person_943,3,2,3,4,3,3,1,1,3,3
Person_944,3,4,4,4,3,3,1,2,1,3
Person_945,3,2,4,4,3,3,0,0,0,3
Person_946,1,1,3,0,2,3,1,0,2,3
Person_947,2,5,4,3,2,3,0,0,1,3
Person_948,0,0,0,0,0,0,0,0,0,0
Person_949,4,3,2,3,3,2,0,1,1,2
Person_950,0,0,0,0,0,0,0,0,0,0
Person_951,0,0,0,0,1,1,1,0,0,1
Person_952,3,4,3,3,1,3,1,3,0,3
Person_953,3,3,4,4,3,3,0,1,1,2
Person_954,0,1,2,1,0,0,0,0,0,1
Person_955,2,1,2,2,1,0,0,0,0,1
Person_956,3,5,4,4,3,3,2,3,3,2
Person_957,0,2,4,0,1,2,1,0,0,2
Person_958,3,5,5,5,3,3,3,3,3,3
Person_959,3,3,3,2,2,3,1,1,0,1
Person_960,2,5,3,4,3,3,2,2,0,3
Person_961,3,4,4,4,3,3,3,3,2,3
Person_962,1,2,3,2,2,3,0,0,1,3
Person_963,1,0,3,1,1,0,0,0,0,3
Person_964,1,4,3,1,2,2,0,0,1,3
Person_965,3,2,3,3,2,3,1,1,1,3
Person_966,1,0,0,0,1,0,0,0,1,1
Person_967,0,3,3,3,3,2,1,0,0,3
Person_968,0,1,2,2,1,2,1,0,1,2
Person_969,4,4,4,3,3,2,1,3,1,3
Person_970,1,2,3,3,3,2,0,2,1,3
Person_971,1,4,3,1,2,2,1,0,0,3
Person_972,2,0,2,2,3,3,1,0,0,3
Person_973,0,5,3,4,3,2,0,2,2,3
Person_974,4,4,3,4,3,3,0,1,1,3
Person_975,0,2,3,1,1,2,0,0,1,3
Person_976,0,2,1,1,1,1,0,0,1,2
Person_977,3,5,5,4,3,3,1,1,2,3
Person_978,0,3,1,2,3,1,0,0,0,2
Person_979,0,0,1,0,0,1,0,0,0,2
Person_980,3,4,4,4,3,3,0,1,2,2
Person_981,3,1,3,4,3,3,1,2,0,3
Person_982,0,0,1,0,0,1,1,0,0,0
Person_983,2,3,2,3,2,3,2,2,1,3
Person_984,3,5,5,3,3,3,0,1,1,3
Person_985,2,2,2,3,3,2,3,1,1,3
Person_986,3,5,4,3,2,2,2,2,1,3
Person_987,0,1,2,0,1,1,0,0,0,1
Person_988,3,2,2,2,2,3,2,1,0,3
Person_989,0,1,0,1,2,2,0,1,1,1
Person_990,0,2,3,2,1,2,1,0,0,1
Person_991,3,4,4,4,3,3,1,2,2,3
Person_992,4,5,5,5,1,3,1,2,2,3
Person_993,5,5,4,5,3,3,1,2,3,3
Person_994,2,4,5,3,3,3,1,2,1,3
Person_995,2,1,3,3,3,3,0,1,0,1
Person_996,2,4,3,5,2,3,0,1,2,1
Person_997,3,3,3,3,3,3,1,0,2,3
Person_998,3,3,2,2,3,3,1,2,1,2
Person_999,2,4,3,3,3,2,2,1,1,3
Person_1000,3,5,4,3,3,3,2,0,3,3
