,,Item_1,Item_2,Item_3,Item_4
Rater_1,Person_1,3.0,3.0,1.0,
Rater_1,Person_2,5.0,2.0,3.0,2.0
Rater_1,Person_3,4.0,2.0,1.0,0.0
Rater_1,Person_4,,3.0,3.0,3.0
Rater_1,Person_5,4.0,5.0,1.0,1.0
Rater_1,Person_6,4.0,4.0,1.0,0.0
Rater_1,Person_7,3.0,4.0,2.0,3.0
Rater_1,Person_8,4.0,2.0,1.0,0.0
Rater_1,Person_9,3.0,2.0,1.0,1.0
Rater_1,Person_10,4.0,2.0,2.0,0.0
Rater_1,Person_11,,3.0,3.0,3.0
Rater_1,Person_12,3.0,2.0,3.0,2.0
Rater_1,Person_13,3.0,4.0,,
Rater_1,Person_14,3.0,3.0,2.0,1.0
Rater_1,Person_15,,3.0,3.0,2.0
Rater_1,Person_16,5.0,4.0,3.0,
Rater_1,Person_17,3.0,3.0,2.0,1.0
Rater_1,Person_18,4.0,2.0,1.0,0.0
Rater_1,Person_19,3.0,3.0,3.0,1.0
Rater_1,Person_20,5.0,4.0,3.0,2.0
Rater_1,Person_21,3.0,2.0,0.0,1.0
Rater_1,Person_22,5.0,5.0,3.0,2.0
Rater_1,Person_23,4.0,2.0,2.0,0.0
Rater_1,Person_24,5.0,5.0,4.0,2.0
Rater_1,Person_25,,5.0,3.0,0.0
Rater_1,Person_26,4.0,4.0,4.0,1.0
Rater_1,Person_27,2.0,1.0,1.0,0.0
Rater_1,Person_28,4.0,0.0,1.0,1.0
Rater_1,Person_29,3.0,2.0,,0.0
Rater_1,Person_30,4.0,4.0,4.0,2.0
Rater_1,Person_31,,2.0,,1.0
Rater_1,Person_32,5.0,2.0,,2.0
Rater_1,Person_33,4.0,2.0,2.0,0.0
Rater_1,Person_34,4.0,4.0,2.0,3.0
Rater_1,Person_35,3.0,4.0,2.0,
Rater_1,Person_36,,1.0,0.0,0.0
Rater_1,Person_37,3.0,3.0,,
Rater_1,Person_38,4.0,4.0,1.0,0.0
Rater_1,Person_39,,4.0,4.0,2.0
Rater_1,Person_40,5.0,4.0,2.0,1.0
Rater_1,Person_41,4.0,1.0,2.0,2.0
Rater_1,Person_42,5.0,5.0,2.0,2.0
Rater_1,Person_43,5.0,2.0,3.0,2.0
Rater_1,Person_44,3.0,0.0,2.0,2.0
Rater_1,Person_45,,0.0,0.0,0.0
Rater_1,Person_46,3.0,2.0,2.0,
Rater_1,Person_47,,,2.0,2.0
Rater_1,Person_48,4.0,4.0,1.0,2.0
Rater_1,Person_49,3.0,0.0,,1.0
Rater_1,Person_50,,1.0,2.0,1.0
Rater_1,Person_51,4.0,2.0,3.0,3.0
Rater_1,Person_52,4.0,2.0,2.0,0.0
Rater_1,Person_53,5.0,3.0,,1.0
Rater_1,Person_54,,4.0,3.0,2.0
Rater_1,Person_55,5.0,,,2.0
Rater_1,Person_56,5.0,4.0,2.0,0.0
Rater_1,Person_57,5.0,3.0,5.0,
Rater_1,Person_58,,3.0,2.0,0.0
Rater_1,Person_59,2.0,2.0,0.0,0.0
Rater_1,Person_60,2.0,1.0,2.0,1.0
Rater_1,Person_61,3.0,,3.0,1.0
Rater_1,Person_62,4.0,3.0,,2.0
Rater_1,Person_63,,3.0,2.0,0.0
Rater_1,Person_64,4.0,3.0,2.0,0.0
Rater_1,Person_65,4.0,5.0,4.0,2.0
Rater_1,Person_66,4.0,1.0,,1.0
Rater_1,Person_67,1.0,2.0,1.0,1.0
Rater_1,Person_68,5.0,5.0,5.0,3.0
Rater_1,Person_69,5.0,2.0,1.0,1.0
Rater_1,Person_70,5.0,3.0,,0.0
Rater_1,Person_71,5.0,5.0,4.0,3.0
Rater_1,Person_72,2.0,1.0,2.0,0.0
Rater_1,Person_73,4.0,5.0,2.0,3.0
Rater_1,Person_74,2.0,3.0,,0.0
Rater_1,Person_75,3.0,4.0,3.0,2.0
Rater_1,Person_76,3.0,4.0,2.0,1.0
Rater_1,Person_77,3.0,4.0,3.0,1.0
Rater_1,Person_78,3.0,2.0,,0.0
Rater_1,Person_79,4.0,3.0,2.0,1.0
Rater_1,Person_80,3.0,2.0,2.0,0.0
Rater_1,Person_81,3.0,4.0,3.0,2.0
Rater_1,Person_82,4.0,,3.0,2.0
Rater_1,Person_83,3.0,3.0,1.0,1.0
Rater_1,Person_84,2.0,,2.0,0.0
Rater_1,Person_85,5.0,3.0,4.0,0.0
Rater_1,Person_86,3.0,0.0,,0.0
Rater_1,Person_87,3.0,2.0,0.0,1.0
Rater_1,Person_88,4.0,5.0,2.0,3.0
Rater_1,Person_89,3.0,2.0,2.0,1.0
Rater_1,Person_90,3.0,2.0,2.0,1.0
Rater_1,Person_91,2.0,3.0,2.0,1.0
Rater_1,Person_92,,4.0,3.0,2.0
Rater_1,Person_93,3.0,1.0,0.0,
Rater_1,Person_94,4.0,4.0,3.0,2.0
Rater_1,Person_95,4.0,4.0,4.0,
Rater_1,Person_96,4.0,2.0,,1.0
Rater_1,Person_97,3.0,0.0,0.0,0.0
Rater_1,Person_98,5.0,2.0,2.0,2.0
Rater_1,Person_99,2.0,1.0,2.0,0.0
Rater_1,Person_100,,5.0,4.0,3.0
Rater_1,Person_101,5.0,2.0,2.0,3.0
Rater_1,Person_102,1.0,2.0,2.0,0.0
Rater_1,Person_103,4.0,0.0,1.0,
Rater_1,Person_104,5.0,3.0,5.0,3.0
Rater_1,Person_105,4.0,,,0.0
Rater_1,Person_106,2.0,3.0,3.0,1.0
Rater_1,Person_107,4.0,2.0,3.0,0.0
Rater_1,Person_108,5.0,3.0,,1.0
Rater_1,Person_109,4.0,3.0,4.0,2.0
Rater_1,Person_110,5.0,4.0,3.0,2.0
Rater_1,Person_111,4.0,5.0,3.0,4.0
Rater_1,Person_112,3.0,,0.0,
Rater_1,Person_113,,2.0,3.0,0.0
Rater_1,Person_114,2.0,3.0,2.0,1.0
Rater_1,Person_115,3.0,5.0,3.0,2.0
Rater_1,Person_116,4.0,5.0,,2.0
Rater_1,Person_117,3.0,1.0,1.0,0.0
Rater_1,Person_118,3.0,1.0,1.0,0.0
Rater_1,Person_119,4.0,3.0,1.0,
Rater_1,Person_120,4.0,3.0,2.0,1.0
Rater_1,Person_121,4.0,,1.0,1.0
Rater_1,Person_122,5.0,4.0,3.0,
Rater_1,Person_123,4.0,4.0,2.0,2.0
Rater_1,Person_124,4.0,4.0,2.0,1.0
Rater_1,Person_125,4.0,2.0,2.0,1.0
Rater_1,Person_126,3.0,,0.0,0.0
Rater_1,Person_127,5.0,3.0,4.0,
Rater_1,Person_128,,3.0,2.0,0.0
Rater_1,Person_129,4.0,2.0,1.0,1.0
Rater_1,Person_130,,3.0,5.0,1.0
Rater_1,Person_131,2.0,3.0,,0.0
Rater_1,Person_132,5.0,5.0,2.0,0.0
Rater_1,Person_133,4.0,5.0,3.0,
Rater_1,Person_134,2.0,1.0,3.0,1.0
Rater_1,Person_135,4.0,4.0,3.0,0.0
Rater_1,Person_136,2.0,3.0,1.0,0.0
Rater_1,Person_137,5.0,3.0,2.0,2.0
Rater_1,Person_138,3.0,3.0,2.0,2.0
Rater_1,Person_139,4.0,,3.0,1.0
Rater_1,Person_140,4.0,,2.0,1.0
Rater_1,Person_141,5.0,4.0,1.0,1.0
Rater_1,Person_142,4.0,4.0,2.0,3.0
Rater_1,Person_143,4.0,2.0,2.0,0.0
Rater_1,Person_144,5.0,4.0,3.0,3.0
Rater_1,Person_145,2.0,2.0,1.0,
Rater_1,Person_146,5.0,4.0,5.0,3.0
Rater_1,Person_147,3.0,3.0,4.0,2.0
Rater_1,Person_148,4.0,4.0,,0.0
Rater_1,Person_149,5.0,4.0,5.0,4.0
Rater_1,Person_150,4.0,4.0,,2.0
Rater_1,Person_151,4.0,3.0,1.0,1.0
Rater_1,Person_152,4.0,4.0,3.0,4.0
Rater_1,Person_153,2.0,2.0,1.0,0.0
Rater_1,Person_154,3.0,2.0,4.0,2.0
Rater_1,Person_155,2.0,2.0,2.0,1.0
Rater_1,Person_156,4.0,4.0,1.0,2.0
Rater_1,Person_157,4.0,5.0,3.0,
Rater_1,Person_158,5.0,3.0,2.0,2.0
Rater_1,Person_159,5.0,5.0,5.0,
Rater_1,Person_160,2.0,1.0,0.0,0.0
Rater_1,Person_161,2.0,0.0,2.0,0.0
Rater_1,Person_162,2.0,1.0,3.0,0.0
Rater_1,Person_163,2.0,3.0,1.0,0.0
Rater_1,Person_164,2.0,2.0,0.0,0.0
Rater_1,Person_165,3.0,4.0,2.0,2.0
Rater_1,Person_166,4.0,1.0,2.0,2.0
Rater_1,Person_167,5.0,4.0,2.0,
Rater_1,Person_168,5.0,5.0,5.0,3.0
Rater_1,Person_169,1.0,2.0,2.0,1.0
Rater_1,Person_170,2.0,2.0,,1.0
Rater_1,Person_171,4.0,2.0,3.0,0.0
Rater_1,Person_172,3.0,3.0,1.0,0.0
Rater_1,Person_173,2.0,2.0,1.0,0.0
Rater_1,Person_174,,2.0,0.0,0.0
Rater_1,Person_175,3.0,2.0,1.0,1.0
Rater_1,Person_176,3.0,2.0,2.0,0.0
Rater_1,Person_177,5.0,3.0,1.0,1.0
Rater_1,Person_178,4.0,4.0,0.0,1.0
Rater_1,Person_179,3.0,2.0,1.0,2.0
Rater_1,Person_180,2.0,2.0,,0.0
Rater_1,Person_181,4.0,4.0,,0.0
Rater_1,Person_182,5.0,5.0,3.0,2.0
Rater_1,Person_183,3.0,2.0,2.0,
Rater_1,Person_184,5.0,4.0,4.0,1.0
Rater_1,Person_185,5.0,4.0,3.0,2.0
Rater_1,Person_186,5.0,3.0,,3.0
Rater_1,Person_187,2.0,1.0,1.0,0.0
Rater_1,Person_188,3.0,2.0,3.0,2.0
Rater_1,Person_189,3.0,1.0,0.0,1.0
Rater_1,Person_190,4.0,1.0,3.0,1.0
Rater_1,Person_191,4.0,5.0,5.0,3.0
Rater_1,Person_192,3.0,5.0,3.0,3.0
Rater_1,Person_193,3.0,1.0,,0.0
Rater_1,Person_194,2.0,1.0,3.0,0.0
Rater_1,Person_195,3.0,4.0,1.0,0.0
Rater_1,Person_196,5.0,2.0,2.0,1.0
Rater_1,Person_197,1.0,2.0,0.0,1.0
Rater_1,Person_198,,1.0,1.0,0.0
Rater_1,Person_199,4.0,4.0,3.0,1.0
Rater_1,Person_200,5.0,4.0,1.0,0.0
Rater_1,Person_201,2.0,2.0,0.0,
Rater_1,Person_202,5.0,4.0,2.0,2.0
Rater_1,Person_203,4.0,1.0,5.0,3.0
Rater_1,Person_204,1.0,2.0,3.0,
Rater_1,Person_205,4.0,5.0,4.0,4.0
Rater_1,Person_206,5.0,3.0,3.0,1.0
Rater_1,Person_207,3.0,5.0,2.0,2.0
Rater_1,Person_208,2.0,3.0,1.0,
Rater_1,Person_209,5.0,4.0,3.0,
Rater_1,Person_210,2.0,0.0,1.0,0.0
Rater_1,Person_211,5.0,4.0,4.0,3.0
Rater_1,Person_212,4.0,1.0,1.0,
Rater_1,Person_213,5.0,2.0,4.0,3.0
Rater_1,Person_214,1.0,0.0,1.0,0.0
Rater_1,Person_215,2.0,1.0,1.0,0.0
Rater_1,Person_216,2.0,1.0,0.0,0.0
Rater_1,Person_217,5.0,3.0,,
Rater_1,Person_218,5.0,5.0,3.0,4.0
Rater_1,Person_219,3.0,4.0,2.0,1.0
Rater_1,Person_220,4.0,3.0,1.0,0.0
Rater_1,Person_221,4.0,3.0,1.0,1.0
Rater_1,Person_222,5.0,4.0,3.0,3.0
Rater_1,Person_223,5.0,,3.0,0.0
Rater_1,Person_224,5.0,5.0,2.0,1.0
Rater_1,Person_225,4.0,4.0,,1.0
Rater_1,Person_226,4.0,3.0,3.0,1.0
Rater_1,Person_227,2.0,,2.0,
Rater_1,Person_228,3.0,2.0,0.0,0.0
Rater_1,Person_229,2.0,0.0,0.0,0.0
Rater_1,Person_230,5.0,5.0,3.0,
Rater_1,Person_231,5.0,3.0,3.0,2.0
Rater_1,Person_232,4.0,3.0,2.0,0.0
Rater_1,Person_233,4.0,3.0,3.0,2.0
Rater_1,Person_234,4.0,2.0,1.0,1.0
Rater_1,Person_235,4.0,5.0,2.0,4.0
Rater_1,Person_236,5.0,4.0,5.0,3.0
Rater_1,Person_237,5.0,4.0,2.0,1.0
Rater_1,Person_238,1.0,2.0,0.0,0.0
Rater_1,Person_239,5.0,5.0,2.0,1.0
Rater_1,Person_240,3.0,2.0,1.0,1.0
Rater_1,Person_241,4.0,4.0,4.0,3.0
Rater_1,Person_242,1.0,2.0,0.0,1.0
Rater_1,Person_243,2.0,2.0,1.0,2.0
Rater_1,Person_244,5.0,2.0,3.0,1.0
Rater_1,Person_245,3.0,2.0,1.0,1.0
Rater_1,Person_246,3.0,3.0,2.0,2.0
Rater_1,Person_247,5.0,3.0,4.0,4.0
Rater_1,Person_248,3.0,1.0,0.0,0.0
Rater_1,Person_249,4.0,4.0,1.0,2.0
Rater_1,Person_250,4.0,5.0,1.0,2.0
Rater_1,Person_251,5.0,,4.0,3.0
Rater_1,Person_252,4.0,4.0,2.0,3.0
Rater_1,Person_253,5.0,5.0,3.0,2.0
Rater_1,Person_254,5.0,3.0,4.0,4.0
Rater_1,Person_255,5.0,4.0,5.0,3.0
Rater_1,Person_256,2.0,2.0,0.0,1.0
Rater_1,Person_257,5.0,5.0,,3.0
Rater_1,Person_258,2.0,2.0,1.0,0.0
Rater_1,Person_259,3.0,1.0,2.0,0.0
Rater_1,Person_260,4.0,3.0,1.0,2.0
Rater_1,Person_261,5.0,4.0,3.0,2.0
Rater_1,Person_262,5.0,3.0,2.0,0.0
Rater_1,Person_263,4.0,5.0,4.0,4.0
Rater_1,Person_264,3.0,3.0,1.0,0.0
Rater_1,Person_265,1.0,2.0,0.0,
Rater_1,Person_266,3.0,3.0,3.0,1.0
Rater_1,Person_267,3.0,0.0,1.0,0.0
Rater_1,Person_268,5.0,4.0,2.0,1.0
Rater_1,Person_269,2.0,0.0,0.0,0.0
Rater_1,Person_270,,3.0,2.0,2.0
Rater_1,Person_271,3.0,0.0,0.0,0.0
Rater_1,Person_272,3.0,4.0,3.0,2.0
Rater_1,Person_273,4.0,4.0,3.0,1.0
Rater_1,Person_274,4.0,3.0,,1.0
Rater_1,Person_275,,1.0,0.0,1.0
Rater_1,Person_276,5.0,,0.0,0.0
Rater_1,Person_277,4.0,1.0,2.0,1.0
Rater_1,Person_278,2.0,5.0,4.0,2.0
Rater_1,Person_279,3.0,1.0,0.0,2.0
Rater_1,Person_280,4.0,1.0,1.0,0.0
Rater_1,Person_281,4.0,5.0,2.0,
Rater_1,Person_282,5.0,4.0,3.0,2.0
Rater_1,Person_283,,2.0,0.0,2.0
Rater_1,Person_284,3.0,1.0,0.0,0.0
Rater_1,Person_285,2.0,2.0,2.0,0.0
Rater_1,Person_286,5.0,3.0,2.0,
Rater_1,Person_287,4.0,4.0,2.0,
Rater_1,Person_288,4.0,2.0,3.0,0.0
Rater_1,Person_289,5.0,5.0,3.0,
Rater_1,Person_290,5.0,5.0,4.0,2.0
Rater_1,Person_291,5.0,4.0,2.0,3.0
Rater_1,Person_292,4.0,1.0,,1.0
Rater_1,Person_293,3.0,4.0,,1.0
Rater_1,Person_294,4.0,2.0,1.0,0.0
Rater_1,Person_295,5.0,4.0,4.0,3.0
Rater_1,Person_296,2.0,,2.0,1.0
Rater_1,Person_297,,3.0,3.0,0.0
Rater_1,Person_298,4.0,2.0,1.0,1.0
Rater_1,Person_299,4.0,2.0,2.0,3.0
Rater_1,Person_300,,4.0,4.0,
Rater_1,Person_301,2.0,1.0,0.0,0.0
Rater_1,Person_302,5.0,5.0,2.0,2.0
Rater_1,Person_303,5.0,4.0,3.0,2.0
Rater_1,Person_304,2.0,,1.0,
Rater_1,Person_305,3.0,1.0,0.0,1.0
Rater_1,Person_306,5.0,5.0,,3.0
Rater_1,Person_307,,4.0,4.0,3.0
Rater_1,Person_308,3.0,5.0,,2.0
Rater_1,Person_309,,4.0,4.0,4.0
Rater_1,Person_310,3.0,2.0,2.0,1.0
Rater_1,Person_311,3.0,,2.0,3.0
Rater_1,Person_312,3.0,2.0,1.0,1.0
Rater_1,Person_313,4.0,2.0,4.0,3.0
Rater_1,Person_314,3.0,1.0,1.0,
Rater_1,Person_315,4.0,4.0,3.0,0.0
Rater_1,Person_316,4.0,1.0,1.0,0.0
Rater_1,Person_317,,3.0,4.0,0.0
Rater_1,Person_318,,4.0,1.0,3.0
Rater_1,Person_319,4.0,3.0,,2.0
Rater_1,Person_320,5.0,5.0,2.0,2.0
Rater_1,Person_321,,2.0,1.0,
Rater_1,Person_322,1.0,0.0,1.0,0.0
Rater_1,Person_323,4.0,3.0,2.0,1.0
Rater_1,Person_324,3.0,3.0,2.0,1.0
Rater_1,Person_325,5.0,4.0,2.0,2.0
Rater_1,Person_326,5.0,3.0,1.0,2.0
Rater_1,Person_327,3.0,2.0,2.0,1.0
Rater_1,Person_328,,0.0,1.0,0.0
Rater_1,Person_329,5.0,5.0,5.0,2.0
Rater_1,Person_330,4.0,,2.0,1.0
Rater_1,Person_331,4.0,3.0,4.0,0.0
Rater_1,Person_332,3.0,0.0,1.0,
Rater_1,Person_333,3.0,2.0,0.0,0.0
Rater_1,Person_334,5.0,2.0,1.0,
Rater_1,Person_335,4.0,2.0,0.0,1.0
Rater_1,Person_336,5.0,3.0,3.0,2.0
Rater_1,Person_337,2.0,3.0,2.0,
Rater_1,Person_338,5.0,5.0,,1.0
Rater_1,Person_339,,4.0,1.0,3.0
Rater_1,Person_340,2.0,1.0,0.0,1.0
Rater_1,Person_341,4.0,4.0,2.0,3.0
Rater_1,Person_342,5.0,5.0,5.0,4.0
Rater_1,Person_343,4.0,3.0,2.0,0.0
Rater_1,Person_344,3.0,1.0,,
Rater_1,Person_345,4.0,2.0,2.0,1.0
Rater_1,Person_346,3.0,4.0,1.0,0.0
Rater_1,Person_347,4.0,5.0,3.0,3.0
Rater_1,Person_348,4.0,5.0,2.0,1.0
Rater_1,Person_349,3.0,3.0,0.0,1.0
Rater_1,Person_350,4.0,2.0,2.0,2.0
Rater_1,Person_351,4.0,4.0,0.0,1.0
Rater_1,Person_352,3.0,2.0,0.0,1.0
Rater_1,Person_353,3.0,3.0,1.0,
Rater_1,Person_354,3.0,1.0,3.0,0.0
Rater_1,Person_355,4.0,3.0,1.0,0.0
Rater_1,Person_356,4.0,3.0,2.0,2.0
Rater_1,Person_357,,5.0,5.0,4.0
Rater_1,Person_358,,4.0,2.0,
Rater_1,Person_359,5.0,5.0,5.0,1.0
Rater_1,Person_360,3.0,1.0,0.0,0.0
Rater_1,Person_361,3.0,3.0,2.0,
Rater_1,Person_362,5.0,,1.0,1.0
Rater_1,Person_363,3.0,3.0,1.0,0.0
Rater_1,Person_364,4.0,,3.0,
Rater_1,Person_365,4.0,,0.0,
Rater_1,Person_366,3.0,2.0,2.0,1.0
Rater_1,Person_367,3.0,2.0,1.0,1.0
Rater_1,Person_368,5.0,5.0,2.0,4.0
Rater_1,Person_369,,,,
Rater_1,Person_370,4.0,1.0,2.0,1.0
Rater_1,Person_371,5.0,5.0,3.0,3.0
Rater_1,Person_372,3.0,4.0,0.0,1.0
Rater_1,Person_373,3.0,3.0,4.0,
Rater_1,Person_374,,1.0,1.0,0.0
Rater_1,Person_375,,4.0,4.0,2.0
Rater_1,Person_376,5.0,3.0,4.0,3.0
Rater_1,Person_377,2.0,1.0,0.0,
Rater_1,Person_378,3.0,1.0,2.0,1.0
Rater_1,Person_379,5.0,4.0,2.0,3.0
Rater_1,Person_380,4.0,0.0,2.0,1.0
Rater_1,Person_381,5.0,,2.0,
Rater_1,Person_382,3.0,4.0,,1.0
Rater_1,Person_383,5.0,4.0,3.0,
Rater_1,Person_384,,3.0,4.0,1.0
Rater_1,Person_385,3.0,2.0,1.0,1.0
Rater_1,Person_386,4.0,,3.0,3.0
Rater_1,Person_387,4.0,3.0,3.0,0.0
Rater_1,Person_388,5.0,5.0,4.0,2.0
Rater_1,Person_389,5.0,4.0,4.0,2.0
Rater_1,Person_390,3.0,3.0,2.0,0.0
Rater_1,Person_391,1.0,3.0,1.0,0.0
Rater_1,Person_392,3.0,2.0,3.0,3.0
Rater_1,Person_393,2.0,1.0,1.0,0.0
Rater_1,Person_394,3.0,1.0,2.0,
Rater_1,Person_395,2.0,1.0,0.0,0.0
Rater_1,Person_396,2.0,2.0,1.0,1.0
Rater_1,Person_397,3.0,1.0,2.0,0.0
Rater_1,Person_398,5.0,5.0,4.0,4.0
Rater_1,Person_399,4.0,5.0,3.0,2.0
Rater_1,Person_400,3.0,2.0,0.0,
Rater_1,Person_401,1.0,3.0,0.0,0.0
Rater_1,Person_402,4.0,3.0,0.0,1.0
Rater_1,Person_403,,,,1.0
Rater_1,Person_404,3.0,3.0,1.0,1.0
Rater_1,Person_405,5.0,4.0,1.0,4.0
Rater_1,Person_406,5.0,4.0,2.0,4.0
Rater_1,Person_407,3.0,1.0,1.0,1.0
Rater_1,Person_408,5.0,3.0,2.0,0.0
Rater_1,Person_409,4.0,4.0,1.0,2.0
Rater_1,Person_410,5.0,3.0,4.0,2.0
Rater_1,Person_411,3.0,,2.0,2.0
Rater_1,Person_412,4.0,2.0,2.0,0.0
Rater_1,Person_413,4.0,4.0,4.0,4.0
Rater_1,Person_414,3.0,3.0,0.0,0.0
Rater_1,Person_415,5.0,2.0,2.0,3.0
Rater_1,Person_416,5.0,4.0,2.0,3.0
Rater_1,Person_417,1.0,1.0,0.0,1.0
Rater_1,Person_418,4.0,0.0,1.0,0.0
Rater_1,Person_419,3.0,4.0,,0.0
Rater_1,Person_420,3.0,3.0,1.0,1.0
Rater_1,Person_421,3.0,2.0,1.0,1.0
Rater_1,Person_422,4.0,2.0,1.0,0.0
Rater_1,Person_423,4.0,3.0,1.0,0.0
Rater_1,Person_424,3.0,1.0,0.0,0.0
Rater_1,Person_425,5.0,2.0,0.0,1.0
Rater_1,Person_426,4.0,3.0,4.0,3.0
Rater_1,Person_427,5.0,3.0,5.0,
Rater_1,Person_428,3.0,3.0,1.0,
Rater_1,Person_429,,3.0,4.0,2.0
Rater_1,Person_430,5.0,4.0,3.0,2.0
Rater_1,Person_431,,2.0,0.0,0.0
Rater_1,Person_432,,,1.0,0.0
Rater_1,Person_433,5.0,3.0,0.0,2.0
Rater_1,Person_434,3.0,3.0,1.0,0.0
Rater_1,Person_435,2.0,3.0,1.0,0.0
Rater_1,Person_436,4.0,3.0,3.0,0.0
Rater_1,Person_437,3.0,2.0,1.0,1.0
Rater_1,Person_438,5.0,4.0,3.0,3.0
Rater_1,Person_439,4.0,4.0,4.0,3.0
Rater_1,Person_440,5.0,1.0,1.0,0.0
Rater_1,Person_441,3.0,2.0,,1.0
Rater_1,Person_442,5.0,,1.0,4.0
Rater_1,Person_443,,1.0,1.0,0.0
Rater_1,Person_444,3.0,1.0,1.0,
Rater_1,Person_445,,4.0,3.0,2.0
Rater_1,Person_446,,1.0,1.0,1.0
Rater_1,Person_447,5.0,,4.0,3.0
Rater_1,Person_448,2.0,3.0,0.0,1.0
Rater_1,Person_449,5.0,3.0,1.0,2.0
Rater_1,Person_450,5.0,4.0,3.0,2.0
Rater_1,Person_451,3.0,2.0,2.0,0.0
Rater_1,Person_452,3.0,2.0,3.0,1.0
Rater_1,Person_453,5.0,5.0,4.0,3.0
Rater_1,Person_454,2.0,2.0,0.0,0.0
Rater_1,Person_455,2.0,2.0,,0.0
Rater_1,Person_456,1.0,1.0,1.0,0.0
Rater_1,Person_457,4.0,5.0,2.0,1.0
Rater_1,Person_458,4.0,,4.0,1.0
Rater_1,Person_459,3.0,2.0,1.0,1.0
Rater_1,Person_460,5.0,2.0,0.0,
Rater_1,Person_461,5.0,4.0,4.0,1.0
Rater_1,Person_462,3.0,1.0,1.0,0.0
Rater_1,Person_463,5.0,,3.0,1.0
Rater_1,Person_464,4.0,3.0,2.0,0.0
Rater_1,Person_465,4.0,3.0,2.0,1.0
Rater_1,Person_466,3.0,0.0,0.0,1.0
Rater_1,Person_467,5.0,3.0,2.0,3.0
Rater_1,Person_468,3.0,1.0,,1.0
Rater_1,Person_469,2.0,,1.0,1.0
Rater_1,Person_470,5.0,,,2.0
Rater_1,Person_471,2.0,1.0,1.0,0.0
Rater_1,Person_472,2.0,2.0,1.0,1.0
Rater_1,Person_473,2.0,,1.0,0.0
Rater_1,Person_474,3.0,4.0,,1.0
Rater_1,Person_475,5.0,5.0,5.0,4.0
Rater_1,Person_476,3.0,4.0,0.0,1.0
Rater_1,Person_477,4.0,4.0,3.0,3.0
Rater_1,Person_478,3.0,2.0,4.0,2.0
Rater_1,Person_479,1.0,2.0,2.0,1.0
Rater_1,Person_480,5.0,4.0,3.0,1.0
Rater_1,Person_481,5.0,5.0,4.0,3.0
Rater_1,Person_482,4.0,3.0,1.0,0.0
Rater_1,Person_483,4.0,2.0,0.0,0.0
Rater_1,Person_484,2.0,1.0,0.0,1.0
Rater_1,Person_485,3.0,2.0,2.0,2.0
Rater_1,Person_486,5.0,3.0,2.0,2.0
Rater_1,Person_487,4.0,3.0,4.0,1.0
Rater_1,Person_488,5.0,3.0,2.0,5.0
Rater_1,Person_489,,0.0,0.0,0.0
Rater_1,Person_490,2.0,3.0,0.0,0.0
Rater_1,Person_491,4.0,4.0,3.0,3.0
Rater_1,Person_492,3.0,4.0,1.0,0.0
Rater_1,Person_493,3.0,2.0,1.0,0.0
Rater_1,Person_494,4.0,4.0,4.0,3.0
Rater_1,Person_495,,0.0,0.0,1.0
Rater_1,Person_496,4.0,5.0,2.0,3.0
Rater_1,Person_497,5.0,3.0,4.0,2.0
Rater_1,Person_498,3.0,5.0,4.0,1.0
Rater_1,Person_499,3.0,3.0,1.0,0.0
Rater_1,Person_500,,5.0,3.0,3.0
Rater_2,Person_1,3.0,3.0,0.0,
Rater_2,Person_2,5.0,3.0,3.0,3.0
Rater_2,Person_3,4.0,1.0,2.0,1.0
Rater_2,Person_4,,4.0,3.0,2.0
Rater_2,Person_5,5.0,5.0,2.0,2.0
Rater_2,Person_6,4.0,5.0,5.0,2.0
Rater_2,Person_7,4.0,4.0,1.0,2.0
Rater_2,Person_8,3.0,2.0,3.0,0.0
Rater_2,Person_9,3.0,2.0,2.0,0.0
Rater_2,Person_10,2.0,4.0,1.0,0.0
Rater_2,Person_11,,3.0,3.0,1.0
Rater_2,Person_12,2.0,5.0,2.0,1.0
Rater_2,Person_13,5.0,3.0,,
Rater_2,Person_14,4.0,2.0,3.0,1.0
Rater_2,Person_15,,3.0,3.0,2.0
Rater_2,Person_16,4.0,5.0,3.0,
Rater_2,Person_17,4.0,1.0,2.0,0.0
Rater_2,Person_18,3.0,1.0,0.0,0.0
Rater_2,Person_19,4.0,2.0,2.0,1.0
Rater_2,Person_20,3.0,5.0,4.0,4.0
Rater_2,Person_21,3.0,3.0,1.0,1.0
Rater_2,Person_22,4.0,5.0,3.0,2.0
Rater_2,Person_23,3.0,3.0,2.0,0.0
Rater_2,Person_24,5.0,5.0,2.0,3.0
Rater_2,Person_25,,3.0,3.0,2.0
Rater_2,Person_26,5.0,5.0,3.0,1.0
Rater_2,Person_27,2.0,1.0,0.0,0.0
Rater_2,Person_28,3.0,2.0,1.0,0.0
Rater_2,Person_29,4.0,2.0,,0.0
Rater_2,Person_30,5.0,5.0,5.0,3.0
Rater_2,Person_31,,4.0,,1.0
Rater_2,Person_32,4.0,3.0,,1.0
Rater_2,Person_33,4.0,4.0,2.0,0.0
Rater_2,Person_34,2.0,2.0,2.0,1.0
Rater_2,Person_35,5.0,3.0,2.0,
Rater_2,Person_36,,1.0,0.0,0.0
Rater_2,Person_37,4.0,1.0,,
Rater_2,Person_38,3.0,4.0,1.0,2.0
Rater_2,Person_39,,3.0,3.0,1.0
Rater_2,Person_40,5.0,4.0,3.0,4.0
Rater_2,Person_41,3.0,2.0,1.0,0.0
Rater_2,Person_42,4.0,5.0,2.0,3.0
Rater_2,Person_43,5.0,4.0,3.0,2.0
Rater_2,Person_44,3.0,3.0,1.0,0.0
Rater_2,Person_45,,0.0,1.0,0.0
Rater_2,Person_46,3.0,1.0,1.0,
Rater_2,Person_47,,,0.0,0.0
Rater_2,Person_48,5.0,2.0,4.0,1.0
Rater_2,Person_49,2.0,3.0,,0.0
Rater_2,Person_50,,2.0,2.0,0.0
Rater_2,Person_51,5.0,2.0,2.0,3.0
Rater_2,Person_52,3.0,1.0,0.0,0.0
Rater_2,Person_53,5.0,5.0,,2.0
Rater_2,Person_54,,4.0,2.0,4.0
Rater_2,Person_55,5.0,,,2.0
Rater_2,Person_56,5.0,4.0,3.0,3.0
Rater_2,Person_57,4.0,4.0,2.0,
Rater_2,Person_58,,1.0,1.0,0.0
Rater_2,Person_59,5.0,1.0,1.0,0.0
Rater_2,Person_60,3.0,2.0,1.0,0.0
Rater_2,Person_61,4.0,,2.0,2.0
Rater_2,Person_62,5.0,5.0,,2.0
Rater_2,Person_63,,3.0,2.0,0.0
Rater_2,Person_64,4.0,2.0,0.0,1.0
Rater_2,Person_65,3.0,3.0,4.0,2.0
Rater_2,Person_66,3.0,0.0,,2.0
Rater_2,Person_67,2.0,2.0,0.0,0.0
Rater_2,Person_68,4.0,3.0,3.0,2.0
Rater_2,Person_69,3.0,1.0,0.0,2.0
Rater_2,Person_70,4.0,4.0,,1.0
Rater_2,Person_71,5.0,5.0,4.0,2.0
Rater_2,Person_72,3.0,2.0,0.0,0.0
Rater_2,Person_73,5.0,4.0,1.0,1.0
Rater_2,Person_74,3.0,3.0,,2.0
Rater_2,Person_75,5.0,5.0,5.0,2.0
Rater_2,Person_76,2.0,2.0,2.0,1.0
Rater_2,Person_77,5.0,4.0,3.0,2.0
Rater_2,Person_78,2.0,0.0,,1.0
Rater_2,Person_79,4.0,3.0,2.0,1.0
Rater_2,Person_80,4.0,1.0,1.0,0.0
Rater_2,Person_81,5.0,5.0,3.0,3.0
Rater_2,Person_82,5.0,,4.0,3.0
Rater_2,Person_83,3.0,2.0,1.0,1.0
Rater_2,Person_84,1.0,,1.0,0.0
Rater_2,Person_85,3.0,4.0,2.0,3.0
Rater_2,Person_86,3.0,3.0,,0.0
Rater_2,Person_87,3.0,4.0,0.0,0.0
Rater_2,Person_88,5.0,5.0,4.0,1.0
Rater_2,Person_89,4.0,3.0,2.0,0.0
Rater_2,Person_90,4.0,3.0,0.0,2.0
Rater_2,Person_91,2.0,3.0,1.0,0.0
Rater_2,Person_92,,4.0,4.0,2.0
Rater_2,Person_93,3.0,2.0,1.0,
Rater_2,Person_94,4.0,4.0,2.0,2.0
Rater_2,Person_95,4.0,4.0,4.0,
Rater_2,Person_96,3.0,4.0,,3.0
Rater_2,Person_97,4.0,1.0,0.0,2.0
Rater_2,Person_98,3.0,4.0,2.0,1.0
Rater_2,Person_99,2.0,3.0,0.0,0.0
Rater_2,Person_100,,5.0,5.0,2.0
Rater_2,Person_101,4.0,3.0,2.0,1.0
Rater_2,Person_102,3.0,3.0,2.0,1.0
Rater_2,Person_103,3.0,1.0,1.0,
Rater_2,Person_104,5.0,4.0,3.0,3.0
Rater_2,Person_105,4.0,,,0.0
Rater_2,Person_106,3.0,2.0,0.0,1.0
Rater_2,Person_107,3.0,2.0,3.0,1.0
Rater_2,Person_108,4.0,3.0,,2.0
Rater_2,Person_109,4.0,4.0,2.0,0.0
Rater_2,Person_110,5.0,4.0,4.0,2.0
Rater_2,Person_111,3.0,5.0,5.0,3.0
Rater_2,Person_112,2.0,,2.0,
Rater_2,Person_113,,2.0,1.0,0.0
Rater_2,Person_114,2.0,1.0,1.0,0.0
Rater_2,Person_115,5.0,5.0,4.0,3.0
Rater_2,Person_116,4.0,3.0,,2.0
Rater_2,Person_117,3.0,1.0,0.0,0.0
Rater_2,Person_118,2.0,2.0,1.0,0.0
Rater_2,Person_119,2.0,2.0,1.0,
Rater_2,Person_120,5.0,4.0,2.0,0.0
Rater_2,Person_121,3.0,,3.0,1.0
Rater_2,Person_122,4.0,4.0,3.0,
Rater_2,Person_123,5.0,4.0,1.0,2.0
Rater_2,Person_124,5.0,2.0,1.0,1.0
Rater_2,Person_125,4.0,3.0,1.0,1.0
Rater_2,Person_126,5.0,,0.0,0.0
Rater_2,Person_127,5.0,5.0,2.0,
Rater_2,Person_128,,1.0,1.0,0.0
Rater_2,Person_129,4.0,3.0,2.0,0.0
Rater_2,Person_130,,4.0,3.0,2.0
Rater_2,Person_131,4.0,2.0,,0.0
Rater_2,Person_132,4.0,5.0,3.0,2.0
Rater_2,Person_133,4.0,4.0,3.0,
Rater_2,Person_134,2.0,3.0,0.0,0.0
Rater_2,Person_135,3.0,3.0,4.0,1.0
Rater_2,Person_136,4.0,3.0,3.0,2.0
Rater_2,Person_137,4.0,3.0,0.0,2.0
Rater_2,Person_138,4.0,3.0,2.0,1.0
Rater_2,Person_139,3.0,,2.0,0.0
Rater_2,Person_140,5.0,,2.0,3.0
Rater_2,Person_141,4.0,3.0,2.0,1.0
Rater_2,Person_142,4.0,4.0,5.0,3.0
Rater_2,Person_143,3.0,0.0,4.0,1.0
Rater_2,Person_144,5.0,4.0,4.0,3.0
Rater_2,Person_145,3.0,1.0,3.0,
Rater_2,Person_146,5.0,4.0,5.0,3.0
Rater_2,Person_147,5.0,4.0,3.0,3.0
Rater_2,Person_148,3.0,2.0,,0.0
Rater_2,Person_149,5.0,5.0,4.0,2.0
Rater_2,Person_150,5.0,4.0,,1.0
Rater_2,Person_151,5.0,3.0,3.0,1.0
Rater_2,Person_152,5.0,5.0,3.0,4.0
Rater_2,Person_153,2.0,2.0,0.0,0.0
Rater_2,Person_154,5.0,3.0,4.0,2.0
Rater_2,Person_155,3.0,0.0,0.0,0.0
Rater_2,Person_156,4.0,2.0,3.0,0.0
Rater_2,Person_157,5.0,5.0,4.0,
Rater_2,Person_158,5.0,5.0,5.0,2.0
Rater_2,Person_159,4.0,4.0,3.0,
Rater_2,Person_160,3.0,3.0,0.0,1.0
Rater_2,Person_161,2.0,1.0,0.0,0.0
Rater_2,Person_162,3.0,1.0,0.0,0.0
Rater_2,Person_163,2.0,0.0,0.0,0.0
Rater_2,Person_164,1.0,1.0,1.0,0.0
Rater_2,Person_165,5.0,3.0,4.0,2.0
Rater_2,Person_166,2.0,2.0,1.0,1.0
Rater_2,Person_167,5.0,3.0,2.0,
Rater_2,Person_168,5.0,5.0,4.0,3.0
Rater_2,Person_169,4.0,3.0,2.0,1.0
Rater_2,Person_170,3.0,1.0,,1.0
Rater_2,Person_171,2.0,1.0,2.0,0.0
Rater_2,Person_172,4.0,2.0,2.0,0.0
Rater_2,Person_173,3.0,2.0,0.0,0.0
Rater_2,Person_174,,0.0,0.0,1.0
Rater_2,Person_175,3.0,4.0,2.0,0.0
Rater_2,Person_176,2.0,2.0,1.0,0.0
Rater_2,Person_177,4.0,3.0,1.0,2.0
Rater_2,Person_178,5.0,3.0,1.0,2.0
Rater_2,Person_179,4.0,4.0,1.0,2.0
Rater_2,Person_180,2.0,0.0,,0.0
Rater_2,Person_181,4.0,3.0,,2.0
Rater_2,Person_182,5.0,2.0,1.0,2.0
Rater_2,Person_183,3.0,1.0,4.0,
Rater_2,Person_184,4.0,4.0,3.0,2.0
Rater_2,Person_185,5.0,3.0,2.0,1.0
Rater_2,Person_186,4.0,1.0,,0.0
Rater_2,Person_187,2.0,0.0,1.0,1.0
Rater_2,Person_188,4.0,5.0,3.0,1.0
Rater_2,Person_189,1.0,3.0,0.0,0.0
Rater_2,Person_190,3.0,2.0,1.0,1.0
Rater_2,Person_191,4.0,3.0,4.0,3.0
Rater_2,Person_192,5.0,2.0,2.0,1.0
Rater_2,Person_193,1.0,0.0,,0.0
Rater_2,Person_194,1.0,3.0,0.0,0.0
Rater_2,Person_195,3.0,3.0,2.0,2.0
Rater_2,Person_196,5.0,4.0,2.0,2.0
Rater_2,Person_197,3.0,1.0,0.0,0.0
Rater_2,Person_198,,1.0,0.0,1.0
Rater_2,Person_199,3.0,0.0,0.0,0.0
Rater_2,Person_200,3.0,3.0,1.0,0.0
Rater_2,Person_201,0.0,2.0,2.0,
Rater_2,Person_202,5.0,4.0,3.0,1.0
Rater_2,Person_203,5.0,4.0,4.0,0.0
Rater_2,Person_204,3.0,4.0,3.0,
Rater_2,Person_205,5.0,4.0,4.0,2.0
Rater_2,Person_206,4.0,3.0,4.0,0.0
Rater_2,Person_207,2.0,3.0,2.0,2.0
Rater_2,Person_208,2.0,1.0,2.0,
Rater_2,Person_209,5.0,3.0,3.0,
Rater_2,Person_210,2.0,2.0,1.0,1.0
Rater_2,Person_211,4.0,5.0,4.0,3.0
Rater_2,Person_212,3.0,2.0,1.0,
Rater_2,Person_213,4.0,4.0,3.0,2.0
Rater_2,Person_214,1.0,2.0,0.0,0.0
Rater_2,Person_215,3.0,2.0,0.0,0.0
Rater_2,Person_216,3.0,2.0,2.0,1.0
Rater_2,Person_217,5.0,5.0,,
Rater_2,Person_218,4.0,5.0,3.0,2.0
Rater_2,Person_219,5.0,4.0,4.0,3.0
Rater_2,Person_220,4.0,3.0,1.0,3.0
Rater_2,Person_221,5.0,4.0,2.0,2.0
Rater_2,Person_222,5.0,5.0,5.0,1.0
Rater_2,Person_223,5.0,,3.0,0.0
Rater_2,Person_224,4.0,4.0,1.0,3.0
Rater_2,Person_225,2.0,4.0,,1.0
Rater_2,Person_226,4.0,1.0,3.0,0.0
Rater_2,Person_227,4.0,,0.0,
Rater_2,Person_228,1.0,1.0,0.0,1.0
Rater_2,Person_229,3.0,2.0,2.0,1.0
Rater_2,Person_230,5.0,3.0,5.0,
Rater_2,Person_231,2.0,5.0,4.0,2.0
Rater_2,Person_232,4.0,2.0,1.0,0.0
Rater_2,Person_233,4.0,3.0,2.0,2.0
Rater_2,Person_234,3.0,1.0,1.0,1.0
Rater_2,Person_235,5.0,5.0,4.0,5.0
Rater_2,Person_236,3.0,5.0,3.0,4.0
Rater_2,Person_237,5.0,4.0,3.0,1.0
Rater_2,Person_238,1.0,0.0,1.0,0.0
Rater_2,Person_239,5.0,3.0,3.0,3.0
Rater_2,Person_240,4.0,5.0,2.0,0.0
Rater_2,Person_241,4.0,2.0,4.0,2.0
Rater_2,Person_242,3.0,1.0,1.0,1.0
Rater_2,Person_243,2.0,2.0,1.0,0.0
Rater_2,Person_244,5.0,2.0,3.0,1.0
Rater_2,Person_245,2.0,1.0,0.0,0.0
Rater_2,Person_246,4.0,4.0,4.0,2.0
Rater_2,Person_247,5.0,5.0,5.0,3.0
Rater_2,Person_248,3.0,1.0,0.0,0.0
Rater_2,Person_249,5.0,3.0,2.0,1.0
Rater_2,Person_250,4.0,5.0,1.0,3.0
Rater_2,Person_251,4.0,,4.0,2.0
Rater_2,Person_252,5.0,3.0,3.0,3.0
Rater_2,Person_253,5.0,4.0,4.0,2.0
Rater_2,Person_254,5.0,4.0,4.0,2.0
Rater_2,Person_255,4.0,5.0,4.0,4.0
Rater_2,Person_256,4.0,2.0,2.0,1.0
Rater_2,Person_257,5.0,5.0,,1.0
Rater_2,Person_258,2.0,2.0,0.0,1.0
Rater_2,Person_259,4.0,3.0,0.0,0.0
Rater_2,Person_260,3.0,5.0,2.0,0.0
Rater_2,Person_261,5.0,3.0,2.0,2.0
Rater_2,Person_262,3.0,1.0,2.0,0.0
Rater_2,Person_263,4.0,5.0,3.0,4.0
Rater_2,Person_264,2.0,1.0,0.0,0.0
Rater_2,Person_265,2.0,2.0,1.0,
Rater_2,Person_266,4.0,4.0,3.0,1.0
Rater_2,Person_267,3.0,1.0,1.0,1.0
Rater_2,Person_268,4.0,4.0,5.0,0.0
Rater_2,Person_269,1.0,1.0,0.0,0.0
Rater_2,Person_270,,3.0,2.0,2.0
Rater_2,Person_271,3.0,3.0,0.0,0.0
Rater_2,Person_272,4.0,5.0,4.0,2.0
Rater_2,Person_273,4.0,2.0,1.0,0.0
Rater_2,Person_274,3.0,1.0,,2.0
Rater_2,Person_275,,2.0,2.0,1.0
Rater_2,Person_276,1.0,,0.0,0.0
Rater_2,Person_277,3.0,1.0,1.0,0.0
Rater_2,Person_278,5.0,3.0,4.0,3.0
Rater_2,Person_279,3.0,2.0,2.0,0.0
Rater_2,Person_280,4.0,1.0,1.0,1.0
Rater_2,Person_281,5.0,4.0,3.0,
Rater_2,Person_282,5.0,5.0,3.0,3.0
Rater_2,Person_283,,3.0,3.0,1.0
Rater_2,Person_284,3.0,3.0,0.0,0.0
Rater_2,Person_285,1.0,3.0,0.0,0.0
Rater_2,Person_286,5.0,5.0,1.0,
Rater_2,Person_287,3.0,3.0,2.0,
Rater_2,Person_288,3.0,4.0,5.0,1.0
Rater_2,Person_289,5.0,5.0,4.0,
Rater_2,Person_290,5.0,5.0,2.0,3.0
Rater_2,Person_291,3.0,3.0,4.0,2.0
Rater_2,Person_292,3.0,2.0,,1.0
Rater_2,Person_293,5.0,3.0,,1.0
Rater_2,Person_294,3.0,0.0,1.0,2.0
Rater_2,Person_295,4.0,4.0,5.0,2.0
Rater_2,Person_296,2.0,,1.0,1.0
Rater_2,Person_297,,5.0,2.0,1.0
Rater_2,Person_298,4.0,2.0,2.0,2.0
Rater_2,Person_299,4.0,3.0,3.0,2.0
Rater_2,Person_300,,5.0,5.0,
Rater_2,Person_301,1.0,0.0,0.0,0.0
Rater_2,Person_302,3.0,4.0,5.0,3.0
Rater_2,Person_303,5.0,5.0,4.0,2.0
Rater_2,Person_304,2.0,,2.0,
Rater_2,Person_305,2.0,3.0,1.0,0.0
Rater_2,Person_306,5.0,4.0,,2.0
Rater_2,Person_307,,4.0,3.0,4.0
Rater_2,Person_308,4.0,4.0,,3.0
Rater_2,Person_309,,5.0,5.0,4.0
Rater_2,Person_310,1.0,2.0,1.0,1.0
Rater_2,Person_311,3.0,,1.0,2.0
Rater_2,Person_312,4.0,2.0,1.0,0.0
Rater_2,Person_313,4.0,4.0,1.0,2.0
Rater_2,Person_314,3.0,1.0,2.0,
Rater_2,Person_315,5.0,5.0,3.0,4.0
Rater_2,Person_316,3.0,1.0,2.0,0.0
Rater_2,Person_317,,5.0,4.0,2.0
Rater_2,Person_318,,5.0,2.0,2.0
Rater_2,Person_319,4.0,3.0,,1.0
Rater_2,Person_320,5.0,4.0,4.0,3.0
Rater_2,Person_321,,4.0,2.0,
Rater_2,Person_322,3.0,1.0,1.0,0.0
Rater_2,Person_323,5.0,3.0,2.0,0.0
Rater_2,Person_324,3.0,3.0,2.0,0.0
Rater_2,Person_325,4.0,3.0,2.0,3.0
Rater_2,Person_326,2.0,3.0,3.0,0.0
Rater_2,Person_327,3.0,5.0,3.0,3.0
Rater_2,Person_328,,3.0,0.0,0.0
Rater_2,Person_329,5.0,4.0,4.0,4.0
Rater_2,Person_330,4.0,,4.0,2.0
Rater_2,Person_331,5.0,3.0,1.0,0.0
Rater_2,Person_332,2.0,0.0,1.0,
Rater_2,Person_333,2.0,2.0,0.0,0.0
Rater_2,Person_334,5.0,5.0,3.0,
Rater_2,Person_335,3.0,1.0,2.0,0.0
Rater_2,Person_336,5.0,3.0,4.0,3.0
Rater_2,Person_337,4.0,3.0,1.0,
Rater_2,Person_338,4.0,4.0,,3.0
Rater_2,Person_339,,4.0,2.0,2.0
Rater_2,Person_340,2.0,1.0,0.0,0.0
Rater_2,Person_341,5.0,4.0,2.0,1.0
Rater_2,Person_342,5.0,5.0,3.0,3.0
Rater_2,Person_343,4.0,2.0,0.0,2.0
Rater_2,Person_344,2.0,3.0,,
Rater_2,Person_345,5.0,2.0,2.0,0.0
Rater_2,Person_346,4.0,1.0,0.0,0.0
Rater_2,Person_347,5.0,4.0,3.0,1.0
Rater_2,Person_348,5.0,5.0,4.0,2.0
Rater_2,Person_349,0.0,3.0,0.0,0.0
Rater_2,Person_350,5.0,5.0,2.0,1.0
Rater_2,Person_351,5.0,2.0,2.0,0.0
Rater_2,Person_352,1.0,0.0,0.0,0.0
Rater_2,Person_353,4.0,5.0,2.0,
Rater_2,Person_354,4.0,4.0,2.0,2.0
Rater_2,Person_355,4.0,3.0,4.0,0.0
Rater_2,Person_356,3.0,4.0,2.0,2.0
Rater_2,Person_357,,4.0,5.0,2.0
Rater_2,Person_358,,3.0,3.0,
Rater_2,Person_359,3.0,5.0,5.0,3.0
Rater_2,Person_360,3.0,2.0,3.0,0.0
Rater_2,Person_361,3.0,2.0,2.0,
Rater_2,Person_362,3.0,,1.0,0.0
Rater_2,Person_363,4.0,2.0,1.0,1.0
Rater_2,Person_364,5.0,,1.0,
Rater_2,Person_365,2.0,,4.0,
Rater_2,Person_366,3.0,2.0,4.0,1.0
Rater_2,Person_367,3.0,1.0,1.0,1.0
Rater_2,Person_368,5.0,3.0,4.0,3.0
Rater_2,Person_369,,,,
Rater_2,Person_370,3.0,2.0,1.0,1.0
Rater_2,Person_371,5.0,4.0,3.0,2.0
Rater_2,Person_372,3.0,2.0,1.0,0.0
Rater_2,Person_373,5.0,3.0,2.0,
Rater_2,Person_374,,2.0,2.0,0.0
Rater_2,Person_375,,4.0,4.0,2.0
Rater_2,Person_376,5.0,4.0,5.0,2.0
Rater_2,Person_377,2.0,1.0,1.0,
Rater_2,Person_378,2.0,2.0,0.0,0.0
Rater_2,Person_379,3.0,3.0,2.0,2.0
Rater_2,Person_380,3.0,3.0,1.0,0.0
Rater_2,Person_381,5.0,,5.0,
Rater_2,Person_382,4.0,3.0,,2.0
Rater_2,Person_383,4.0,4.0,4.0,
Rater_2,Person_384,,4.0,2.0,1.0
Rater_2,Person_385,4.0,2.0,2.0,1.0
Rater_2,Person_386,3.0,,1.0,2.0
Rater_2,Person_387,4.0,3.0,2.0,0.0
Rater_2,Person_388,5.0,3.0,2.0,2.0
Rater_2,Person_389,5.0,4.0,4.0,1.0
Rater_2,Person_390,4.0,2.0,2.0,1.0
Rater_2,Person_391,4.0,3.0,1.0,2.0
Rater_2,Person_392,2.0,2.0,0.0,1.0
Rater_2,Person_393,1.0,2.0,0.0,1.0
Rater_2,Person_394,3.0,2.0,1.0,
Rater_2,Person_395,2.0,3.0,0.0,2.0
Rater_2,Person_396,2.0,1.0,1.0,0.0
Rater_2,Person_397,2.0,1.0,1.0,0.0
Rater_2,Person_398,4.0,5.0,3.0,3.0
Rater_2,Person_399,4.0,5.0,5.0,0.0
Rater_2,Person_400,1.0,0.0,0.0,
Rater_2,Person_401,3.0,3.0,1.0,1.0
Rater_2,Person_402,2.0,5.0,3.0,2.0
Rater_2,Person_403,,,,3.0
Rater_2,Person_404,3.0,1.0,1.0,0.0
Rater_2,Person_405,5.0,5.0,4.0,1.0
Rater_2,Person_406,5.0,5.0,3.0,1.0
Rater_2,Person_407,3.0,2.0,0.0,0.0
Rater_2,Person_408,4.0,4.0,3.0,0.0
Rater_2,Person_409,5.0,4.0,3.0,4.0
Rater_2,Person_410,4.0,5.0,3.0,2.0
Rater_2,Person_411,4.0,,1.0,2.0
Rater_2,Person_412,5.0,1.0,2.0,1.0
Rater_2,Person_413,5.0,4.0,4.0,4.0
Rater_2,Person_414,3.0,3.0,1.0,1.0
Rater_2,Person_415,5.0,3.0,1.0,3.0
Rater_2,Person_416,5.0,3.0,2.0,2.0
Rater_2,Person_417,3.0,2.0,2.0,1.0
Rater_2,Person_418,2.0,1.0,1.0,0.0
Rater_2,Person_419,4.0,3.0,,0.0
Rater_2,Person_420,4.0,3.0,3.0,3.0
Rater_2,Person_421,3.0,4.0,2.0,1.0
Rater_2,Person_422,3.0,3.0,1.0,0.0
Rater_2,Person_423,3.0,3.0,3.0,1.0
Rater_2,Person_424,3.0,1.0,0.0,0.0
Rater_2,Person_425,4.0,5.0,4.0,1.0
Rater_2,Person_426,4.0,5.0,4.0,3.0
Rater_2,Person_427,5.0,5.0,4.0,
Rater_2,Person_428,4.0,2.0,1.0,
Rater_2,Person_429,,4.0,3.0,2.0
Rater_2,Person_430,5.0,4.0,2.0,3.0
Rater_2,Person_431,,1.0,0.0,0.0
Rater_2,Person_432,,,0.0,1.0
Rater_2,Person_433,3.0,2.0,0.0,0.0
Rater_2,Person_434,4.0,3.0,3.0,0.0
Rater_2,Person_435,4.0,2.0,0.0,1.0
Rater_2,Person_436,4.0,3.0,0.0,0.0
Rater_2,Person_437,5.0,2.0,2.0,0.0
Rater_2,Person_438,5.0,5.0,5.0,2.0
Rater_2,Person_439,5.0,4.0,4.0,3.0
Rater_2,Person_440,4.0,3.0,1.0,2.0
Rater_2,Person_441,0.0,2.0,,0.0
Rater_2,Person_442,5.0,,3.0,3.0
Rater_2,Person_443,,2.0,0.0,0.0
Rater_2,Person_444,3.0,1.0,0.0,
Rater_2,Person_445,,5.0,2.0,0.0
Rater_2,Person_446,,1.0,0.0,1.0
Rater_2,Person_447,5.0,,2.0,4.0
Rater_2,Person_448,3.0,1.0,2.0,1.0
Rater_2,Person_449,5.0,4.0,2.0,1.0
Rater_2,Person_450,4.0,3.0,3.0,3.0
Rater_2,Person_451,5.0,3.0,2.0,1.0
Rater_2,Person_452,5.0,3.0,1.0,0.0
Rater_2,Person_453,4.0,4.0,4.0,4.0
Rater_2,Person_454,3.0,3.0,1.0,0.0
Rater_2,Person_455,3.0,3.0,,0.0
Rater_2,Person_456,2.0,1.0,1.0,1.0
Rater_2,Person_457,4.0,3.0,3.0,2.0
Rater_2,Person_458,4.0,,4.0,2.0
Rater_2,Person_459,3.0,2.0,1.0,0.0
Rater_2,Person_460,2.0,4.0,0.0,
Rater_2,Person_461,4.0,4.0,3.0,2.0
Rater_2,Person_462,1.0,1.0,0.0,0.0
Rater_2,Person_463,5.0,,3.0,2.0
Rater_2,Person_464,5.0,4.0,2.0,2.0
Rater_2,Person_465,2.0,2.0,1.0,2.0
Rater_2,Person_466,4.0,4.0,1.0,1.0
Rater_2,Person_467,4.0,5.0,3.0,3.0
Rater_2,Person_468,3.0,2.0,,1.0
Rater_2,Person_469,5.0,,0.0,1.0
Rater_2,Person_470,5.0,,,2.0
Rater_2,Person_471,2.0,0.0,0.0,0.0
Rater_2,Person_472,0.0,3.0,0.0,0.0
Rater_2,Person_473,1.0,,2.0,0.0
Rater_2,Person_474,3.0,2.0,,0.0
Rater_2,Person_475,5.0,4.0,4.0,3.0
Rater_2,Person_476,4.0,2.0,1.0,1.0
Rater_2,Person_477,5.0,3.0,2.0,1.0
Rater_2,Person_478,4.0,2.0,2.0,1.0
Rater_2,Person_479,2.0,2.0,1.0,1.0
Rater_2,Person_480,5.0,4.0,3.0,3.0
Rater_2,Person_481,5.0,3.0,4.0,1.0
Rater_2,Person_482,4.0,2.0,1.0,0.0
Rater_2,Person_483,3.0,0.0,1.0,0.0
Rater_2,Person_484,3.0,3.0,1.0,1.0
Rater_2,Person_485,4.0,2.0,1.0,2.0
Rater_2,Person_486,5.0,4.0,3.0,1.0
Rater_2,Person_487,5.0,3.0,4.0,3.0
Rater_2,Person_488,4.0,5.0,4.0,1.0
Rater_2,Person_489,,2.0,2.0,0.0
Rater_2,Person_490,0.0,0.0,2.0,0.0
Rater_2,Person_491,5.0,5.0,2.0,3.0
Rater_2,Person_492,4.0,4.0,2.0,2.0
Rater_2,Person_493,3.0,3.0,0.0,1.0
Rater_2,Person_494,5.0,5.0,4.0,3.0
Rater_2,Person_495,,3.0,1.0,0.0
Rater_2,Person_496,5.0,4.0,3.0,3.0
Rater_2,Person_497,5.0,5.0,4.0,3.0
Rater_2,Person_498,2.0,1.0,1.0,2.0
Rater_2,Person_499,4.0,2.0,1.0,2.0
Rater_2,Person_500,,5.0,4.0,4.0
Rater_3,Person_1,3.0,3.0,2.0,
Rater_3,Person_2,4.0,5.0,4.0,4.0
Rater_3,Person_3,3.0,2.0,2.0,2.0
Rater_3,Person_4,,5.0,3.0,3.0
Rater_3,Person_5,4.0,3.0,4.0,2.0
Rater_3,Person_6,4.0,4.0,3.0,2.0
Rater_3,Person_7,3.0,2.0,3.0,2.0
Rater_3,Person_8,3.0,1.0,2.0,2.0
Rater_3,Person_9,2.0,2.0,2.0,1.0
Rater_3,Person_10,3.0,2.0,2.0,1.0
Rater_3,Person_11,,3.0,4.0,2.0
Rater_3,Person_12,4.0,4.0,3.0,3.0
Rater_3,Person_13,4.0,3.0,,
Rater_3,Person_14,3.0,3.0,2.0,1.0
Rater_3,Person_15,,2.0,3.0,1.0
Rater_3,Person_16,3.0,4.0,4.0,
Rater_3,Person_17,4.0,2.0,3.0,2.0
Rater_3,Person_18,1.0,3.0,2.0,1.0
Rater_3,Person_19,3.0,4.0,4.0,2.0
Rater_3,Person_20,4.0,4.0,4.0,3.0
Rater_3,Person_21,3.0,3.0,1.0,2.0
Rater_3,Person_22,4.0,3.0,3.0,3.0
Rater_3,Person_23,4.0,3.0,3.0,1.0
Rater_3,Person_24,4.0,5.0,4.0,4.0
Rater_3,Person_25,,3.0,2.0,1.0
Rater_3,Person_26,5.0,4.0,4.0,4.0
Rater_3,Person_27,1.0,3.0,1.0,1.0
Rater_3,Person_28,1.0,2.0,2.0,0.0
Rater_3,Person_29,2.0,2.0,,2.0
Rater_3,Person_30,4.0,3.0,4.0,3.0
Rater_3,Person_31,,2.0,,2.0
Rater_3,Person_32,1.0,3.0,,2.0
Rater_3,Person_33,2.0,1.0,2.0,1.0
Rater_3,Person_34,4.0,3.0,3.0,4.0
Rater_3,Person_35,4.0,3.0,3.0,
Rater_3,Person_36,,2.0,3.0,1.0
Rater_3,Person_37,3.0,3.0,,
Rater_3,Person_38,3.0,3.0,3.0,2.0
Rater_3,Person_39,,4.0,3.0,5.0
Rater_3,Person_40,3.0,5.0,3.0,4.0
Rater_3,Person_41,3.0,3.0,1.0,2.0
Rater_3,Person_42,4.0,5.0,5.0,3.0
Rater_3,Person_43,4.0,4.0,2.0,2.0
Rater_3,Person_44,0.0,3.0,1.0,1.0
Rater_3,Person_45,,0.0,1.0,0.0
Rater_3,Person_46,3.0,4.0,2.0,
Rater_3,Person_47,,,3.0,3.0
Rater_3,Person_48,5.0,3.0,4.0,2.0
Rater_3,Person_49,2.0,1.0,,1.0
Rater_3,Person_50,,1.0,3.0,3.0
Rater_3,Person_51,5.0,3.0,4.0,2.0
Rater_3,Person_52,2.0,1.0,2.0,2.0
Rater_3,Person_53,4.0,4.0,,3.0
Rater_3,Person_54,,5.0,4.0,4.0
Rater_3,Person_55,3.0,,,2.0
Rater_3,Person_56,5.0,5.0,4.0,4.0
Rater_3,Person_57,5.0,3.0,3.0,
Rater_3,Person_58,,3.0,0.0,3.0
Rater_3,Person_59,3.0,2.0,4.0,3.0
Rater_3,Person_60,3.0,1.0,1.0,1.0
Rater_3,Person_61,3.0,,3.0,2.0
Rater_3,Person_62,4.0,4.0,,4.0
Rater_3,Person_63,,2.0,3.0,3.0
Rater_3,Person_64,4.0,3.0,1.0,3.0
Rater_3,Person_65,5.0,4.0,2.0,3.0
Rater_3,Person_66,1.0,1.0,,1.0
Rater_3,Person_67,2.0,2.0,2.0,0.0
Rater_3,Person_68,4.0,3.0,1.0,3.0
Rater_3,Person_69,2.0,2.0,3.0,3.0
Rater_3,Person_70,4.0,2.0,,2.0
Rater_3,Person_71,5.0,5.0,4.0,4.0
Rater_3,Person_72,1.0,3.0,0.0,2.0
Rater_3,Person_73,2.0,3.0,4.0,4.0
Rater_3,Person_74,4.0,2.0,,2.0
Rater_3,Person_75,5.0,4.0,4.0,3.0
Rater_3,Person_76,3.0,3.0,0.0,2.0
Rater_3,Person_77,5.0,4.0,3.0,3.0
Rater_3,Person_78,1.0,2.0,,0.0
Rater_3,Person_79,4.0,2.0,5.0,2.0
Rater_3,Person_80,2.0,2.0,1.0,2.0
Rater_3,Person_81,3.0,3.0,3.0,4.0
Rater_3,Person_82,5.0,,5.0,3.0
Rater_3,Person_83,2.0,2.0,3.0,1.0
Rater_3,Person_84,4.0,,1.0,2.0
Rater_3,Person_85,5.0,5.0,3.0,2.0
Rater_3,Person_86,3.0,3.0,,2.0
Rater_3,Person_87,3.0,1.0,2.0,1.0
Rater_3,Person_88,4.0,3.0,4.0,4.0
Rater_3,Person_89,3.0,4.0,1.0,2.0
Rater_3,Person_90,2.0,4.0,3.0,2.0
Rater_3,Person_91,3.0,2.0,2.0,0.0
Rater_3,Person_92,,5.0,4.0,3.0
Rater_3,Person_93,4.0,2.0,2.0,
Rater_3,Person_94,4.0,4.0,3.0,3.0
Rater_3,Person_95,4.0,5.0,3.0,
Rater_3,Person_96,3.0,3.0,,2.0
Rater_3,Person_97,2.0,1.0,2.0,2.0
Rater_3,Person_98,3.0,3.0,3.0,2.0
Rater_3,Person_99,2.0,1.0,2.0,1.0
Rater_3,Person_100,,4.0,4.0,3.0
Rater_3,Person_101,3.0,3.0,5.0,3.0
Rater_3,Person_102,3.0,3.0,1.0,2.0
Rater_3,Person_103,2.0,3.0,2.0,
Rater_3,Person_104,4.0,5.0,4.0,2.0
Rater_3,Person_105,3.0,,,2.0
Rater_3,Person_106,3.0,3.0,1.0,2.0
Rater_3,Person_107,3.0,3.0,3.0,3.0
Rater_3,Person_108,5.0,5.0,,2.0
Rater_3,Person_109,3.0,4.0,3.0,2.0
Rater_3,Person_110,4.0,5.0,4.0,4.0
Rater_3,Person_111,5.0,5.0,3.0,2.0
Rater_3,Person_112,3.0,,2.0,
Rater_3,Person_113,,4.0,1.0,0.0
Rater_3,Person_114,2.0,2.0,2.0,2.0
Rater_3,Person_115,5.0,4.0,5.0,3.0
Rater_3,Person_116,4.0,4.0,,1.0
Rater_3,Person_117,3.0,3.0,2.0,1.0
Rater_3,Person_118,0.0,2.0,0.0,2.0
Rater_3,Person_119,2.0,3.0,2.0,
Rater_3,Person_120,3.0,4.0,2.0,1.0
Rater_3,Person_121,3.0,,2.0,2.0
Rater_3,Person_122,3.0,4.0,3.0,
Rater_3,Person_123,4.0,4.0,3.0,2.0
Rater_3,Person_124,2.0,4.0,3.0,3.0
Rater_3,Person_125,3.0,3.0,2.0,1.0
Rater_3,Person_126,5.0,,2.0,2.0
Rater_3,Person_127,5.0,4.0,4.0,
Rater_3,Person_128,,2.0,1.0,1.0
Rater_3,Person_129,2.0,3.0,3.0,2.0
Rater_3,Person_130,,4.0,3.0,3.0
Rater_3,Person_131,4.0,3.0,,1.0
Rater_3,Person_132,4.0,4.0,4.0,3.0
Rater_3,Person_133,5.0,4.0,3.0,
Rater_3,Person_134,2.0,2.0,1.0,2.0
Rater_3,Person_135,3.0,2.0,4.0,3.0
Rater_3,Person_136,5.0,5.0,1.0,2.0
Rater_3,Person_137,4.0,3.0,1.0,2.0
Rater_3,Person_138,3.0,3.0,4.0,2.0
Rater_3,Person_139,5.0,,2.0,1.0
Rater_3,Person_140,3.0,,4.0,2.0
Rater_3,Person_141,2.0,4.0,3.0,2.0
Rater_3,Person_142,5.0,3.0,3.0,4.0
Rater_3,Person_143,3.0,3.0,3.0,1.0
Rater_3,Person_144,5.0,5.0,3.0,4.0
Rater_3,Person_145,2.0,4.0,2.0,
Rater_3,Person_146,4.0,4.0,3.0,2.0
Rater_3,Person_147,4.0,3.0,3.0,2.0
Rater_3,Person_148,2.0,1.0,,1.0
Rater_3,Person_149,4.0,5.0,5.0,2.0
Rater_3,Person_150,4.0,5.0,,3.0
Rater_3,Person_151,4.0,2.0,1.0,2.0
Rater_3,Person_152,4.0,5.0,3.0,4.0
Rater_3,Person_153,4.0,1.0,1.0,2.0
Rater_3,Person_154,4.0,4.0,4.0,4.0
Rater_3,Person_155,3.0,2.0,2.0,1.0
Rater_3,Person_156,5.0,2.0,3.0,2.0
Rater_3,Person_157,5.0,4.0,3.0,
Rater_3,Person_158,5.0,4.0,4.0,3.0
Rater_3,Person_159,5.0,5.0,3.0,
Rater_3,Person_160,3.0,2.0,3.0,2.0
Rater_3,Person_161,3.0,4.0,1.0,2.0
Rater_3,Person_162,3.0,0.0,1.0,2.0
Rater_3,Person_163,3.0,2.0,1.0,0.0
Rater_3,Person_164,3.0,3.0,2.0,0.0
Rater_3,Person_165,3.0,4.0,3.0,3.0
Rater_3,Person_166,3.0,1.0,2.0,3.0
Rater_3,Person_167,4.0,4.0,3.0,
Rater_3,Person_168,4.0,5.0,5.0,4.0
Rater_3,Person_169,5.0,3.0,2.0,3.0
Rater_3,Person_170,4.0,3.0,,1.0
Rater_3,Person_171,1.0,3.0,1.0,1.0
Rater_3,Person_172,1.0,3.0,3.0,2.0
Rater_3,Person_173,2.0,2.0,2.0,2.0
Rater_3,Person_174,,1.0,2.0,1.0
Rater_3,Person_175,3.0,3.0,2.0,1.0
Rater_3,Person_176,1.0,2.0,2.0,2.0
Rater_3,Person_177,5.0,4.0,4.0,3.0
Rater_3,Person_178,5.0,4.0,2.0,3.0
Rater_3,Person_179,3.0,2.0,2.0,3.0
Rater_3,Person_180,2.0,2.0,,2.0
Rater_3,Person_181,4.0,4.0,,3.0
Rater_3,Person_182,5.0,3.0,2.0,3.0
Rater_3,Person_183,3.0,3.0,2.0,
Rater_3,Person_184,4.0,4.0,2.0,2.0
Rater_3,Person_185,4.0,5.0,4.0,2.0
Rater_3,Person_186,3.0,3.0,,2.0
Rater_3,Person_187,3.0,3.0,1.0,1.0
Rater_3,Person_188,3.0,4.0,3.0,2.0
Rater_3,Person_189,3.0,2.0,0.0,1.0
Rater_3,Person_190,3.0,1.0,4.0,1.0
Rater_3,Person_191,4.0,4.0,2.0,3.0
Rater_3,Person_192,4.0,4.0,2.0,2.0
Rater_3,Person_193,3.0,1.0,,1.0
Rater_3,Person_194,5.0,2.0,4.0,2.0
Rater_3,Person_195,3.0,4.0,3.0,2.0
Rater_3,Person_196,4.0,1.0,2.0,2.0
Rater_3,Person_197,1.0,1.0,2.0,1.0
Rater_3,Person_198,,1.0,1.0,3.0
Rater_3,Person_199,3.0,1.0,2.0,2.0
Rater_3,Person_200,4.0,3.0,2.0,1.0
Rater_3,Person_201,3.0,3.0,3.0,
Rater_3,Person_202,3.0,3.0,3.0,2.0
Rater_3,Person_203,4.0,3.0,3.0,2.0
Rater_3,Person_204,3.0,1.0,2.0,
Rater_3,Person_205,5.0,4.0,4.0,3.0
Rater_3,Person_206,3.0,4.0,2.0,2.0
Rater_3,Person_207,4.0,3.0,4.0,3.0
Rater_3,Person_208,2.0,1.0,2.0,
Rater_3,Person_209,4.0,3.0,4.0,
Rater_3,Person_210,3.0,4.0,2.0,2.0
Rater_3,Person_211,4.0,4.0,4.0,4.0
Rater_3,Person_212,3.0,3.0,3.0,
Rater_3,Person_213,5.0,3.0,4.0,2.0
Rater_3,Person_214,1.0,3.0,2.0,0.0
Rater_3,Person_215,3.0,2.0,3.0,2.0
Rater_3,Person_216,3.0,1.0,2.0,1.0
Rater_3,Person_217,4.0,5.0,,
Rater_3,Person_218,4.0,4.0,4.0,4.0
Rater_3,Person_219,4.0,4.0,3.0,3.0
Rater_3,Person_220,4.0,2.0,2.0,2.0
Rater_3,Person_221,4.0,3.0,3.0,3.0
Rater_3,Person_222,3.0,3.0,4.0,3.0
Rater_3,Person_223,4.0,,3.0,3.0
Rater_3,Person_224,4.0,4.0,3.0,3.0
Rater_3,Person_225,4.0,3.0,,1.0
Rater_3,Person_226,3.0,3.0,3.0,1.0
Rater_3,Person_227,3.0,,2.0,
Rater_3,Person_228,2.0,3.0,3.0,1.0
Rater_3,Person_229,3.0,1.0,3.0,1.0
Rater_3,Person_230,4.0,3.0,2.0,
Rater_3,Person_231,4.0,5.0,4.0,2.0
Rater_3,Person_232,3.0,3.0,2.0,1.0
Rater_3,Person_233,3.0,4.0,2.0,2.0
Rater_3,Person_234,2.0,3.0,2.0,3.0
Rater_3,Person_235,5.0,4.0,3.0,4.0
Rater_3,Person_236,4.0,5.0,4.0,2.0
Rater_3,Person_237,4.0,3.0,3.0,2.0
Rater_3,Person_238,2.0,1.0,2.0,0.0
Rater_3,Person_239,5.0,2.0,4.0,4.0
Rater_3,Person_240,2.0,3.0,2.0,1.0
Rater_3,Person_241,5.0,4.0,3.0,3.0
Rater_3,Person_242,3.0,4.0,2.0,2.0
Rater_3,Person_243,4.0,2.0,1.0,2.0
Rater_3,Person_244,4.0,3.0,3.0,3.0
Rater_3,Person_245,3.0,3.0,1.0,0.0
Rater_3,Person_246,3.0,4.0,4.0,4.0
Rater_3,Person_247,5.0,5.0,4.0,4.0
Rater_3,Person_248,1.0,3.0,3.0,0.0
Rater_3,Person_249,3.0,4.0,3.0,3.0
Rater_3,Person_250,5.0,4.0,4.0,3.0
Rater_3,Person_251,5.0,,3.0,4.0
Rater_3,Person_252,5.0,4.0,3.0,3.0
Rater_3,Person_253,4.0,4.0,4.0,3.0
Rater_3,Person_254,5.0,4.0,5.0,4.0
Rater_3,Person_255,5.0,4.0,4.0,4.0
Rater_3,Person_256,2.0,2.0,1.0,2.0
Rater_3,Person_257,4.0,4.0,,4.0
Rater_3,Person_258,2.0,4.0,3.0,0.0
Rater_3,Person_259,4.0,3.0,2.0,3.0
Rater_3,Person_260,2.0,3.0,1.0,1.0
Rater_3,Person_261,5.0,5.0,4.0,3.0
Rater_3,Person_262,4.0,0.0,3.0,1.0
Rater_3,Person_263,5.0,3.0,5.0,4.0
Rater_3,Person_264,2.0,3.0,1.0,2.0
Rater_3,Person_265,2.0,2.0,1.0,
Rater_3,Person_266,5.0,4.0,4.0,4.0
Rater_3,Person_267,1.0,2.0,1.0,1.0
Rater_3,Person_268,4.0,4.0,4.0,3.0
Rater_3,Person_269,2.0,2.0,0.0,2.0
Rater_3,Person_270,,4.0,3.0,2.0
Rater_3,Person_271,3.0,2.0,2.0,2.0
Rater_3,Person_272,3.0,4.0,3.0,3.0
Rater_3,Person_273,3.0,4.0,3.0,2.0
Rater_3,Person_274,4.0,3.0,,2.0
Rater_3,Person_275,,2.0,1.0,1.0
Rater_3,Person_276,2.0,,3.0,1.0
Rater_3,Person_277,2.0,2.0,3.0,2.0
Rater_3,Person_278,4.0,3.0,4.0,3.0
Rater_3,Person_279,2.0,1.0,3.0,1.0
Rater_3,Person_280,2.0,2.0,3.0,1.0
Rater_3,Person_281,4.0,4.0,3.0,
Rater_3,Person_282,4.0,5.0,4.0,4.0
Rater_3,Person_283,,2.0,4.0,4.0
Rater_3,Person_284,3.0,2.0,1.0,1.0
Rater_3,Person_285,4.0,3.0,2.0,0.0
Rater_3,Person_286,4.0,4.0,4.0,
Rater_3,Person_287,4.0,2.0,2.0,
Rater_3,Person_288,2.0,3.0,2.0,3.0
Rater_3,Person_289,4.0,4.0,5.0,
Rater_3,Person_290,5.0,4.0,4.0,4.0
Rater_3,Person_291,3.0,3.0,4.0,3.0
Rater_3,Person_292,3.0,2.0,,1.0
Rater_3,Person_293,4.0,4.0,,2.0
Rater_3,Person_294,2.0,4.0,3.0,3.0
Rater_3,Person_295,5.0,5.0,3.0,3.0
Rater_3,Person_296,3.0,,4.0,1.0
Rater_3,Person_297,,3.0,5.0,3.0
Rater_3,Person_298,2.0,2.0,2.0,1.0
Rater_3,Person_299,5.0,3.0,2.0,1.0
Rater_3,Person_300,,5.0,3.0,
Rater_3,Person_301,3.0,2.0,2.0,1.0
Rater_3,Person_302,5.0,5.0,4.0,1.0
Rater_3,Person_303,5.0,5.0,4.0,4.0
Rater_3,Person_304,1.0,,2.0,
Rater_3,Person_305,2.0,3.0,2.0,2.0
Rater_3,Person_306,5.0,4.0,,5.0
Rater_3,Person_307,,4.0,5.0,5.0
Rater_3,Person_308,5.0,4.0,,2.0
Rater_3,Person_309,,4.0,3.0,3.0
Rater_3,Person_310,3.0,3.0,2.0,1.0
Rater_3,Person_311,4.0,,3.0,3.0
Rater_3,Person_312,3.0,2.0,2.0,2.0
Rater_3,Person_313,5.0,3.0,3.0,4.0
Rater_3,Person_314,3.0,1.0,1.0,
Rater_3,Person_315,4.0,4.0,4.0,4.0
Rater_3,Person_316,2.0,2.0,2.0,0.0
Rater_3,Person_317,,5.0,4.0,2.0
Rater_3,Person_318,,4.0,2.0,2.0
Rater_3,Person_319,3.0,2.0,,2.0
Rater_3,Person_320,4.0,3.0,4.0,3.0
Rater_3,Person_321,,3.0,0.0,
Rater_3,Person_322,3.0,3.0,1.0,1.0
Rater_3,Person_323,4.0,3.0,3.0,2.0
Rater_3,Person_324,2.0,2.0,2.0,2.0
Rater_3,Person_325,2.0,4.0,3.0,4.0
Rater_3,Person_326,3.0,3.0,2.0,3.0
Rater_3,Person_327,5.0,3.0,0.0,3.0
Rater_3,Person_328,,3.0,2.0,2.0
Rater_3,Person_329,5.0,4.0,4.0,4.0
Rater_3,Person_330,5.0,,3.0,3.0
Rater_3,Person_331,4.0,3.0,2.0,3.0
Rater_3,Person_332,3.0,3.0,1.0,
Rater_3,Person_333,2.0,2.0,1.0,1.0
Rater_3,Person_334,5.0,5.0,4.0,
Rater_3,Person_335,3.0,2.0,1.0,2.0
Rater_3,Person_336,5.0,5.0,3.0,3.0
Rater_3,Person_337,4.0,4.0,2.0,
Rater_3,Person_338,4.0,4.0,,2.0
Rater_3,Person_339,,3.0,2.0,1.0
Rater_3,Person_340,2.0,2.0,2.0,0.0
Rater_3,Person_341,4.0,5.0,4.0,2.0
Rater_3,Person_342,4.0,3.0,4.0,3.0
Rater_3,Person_343,2.0,3.0,3.0,0.0
Rater_3,Person_344,4.0,2.0,,
Rater_3,Person_345,4.0,3.0,3.0,2.0
Rater_3,Person_346,4.0,2.0,2.0,2.0
Rater_3,Person_347,5.0,4.0,5.0,4.0
Rater_3,Person_348,4.0,3.0,3.0,3.0
Rater_3,Person_349,1.0,2.0,1.0,1.0
Rater_3,Person_350,4.0,4.0,3.0,4.0
Rater_3,Person_351,3.0,3.0,3.0,3.0
Rater_3,Person_352,2.0,1.0,2.0,2.0
Rater_3,Person_353,4.0,3.0,3.0,
Rater_3,Person_354,4.0,4.0,2.0,2.0
Rater_3,Person_355,5.0,2.0,4.0,3.0
Rater_3,Person_356,4.0,3.0,2.0,4.0
Rater_3,Person_357,,4.0,3.0,3.0
Rater_3,Person_358,,4.0,4.0,
Rater_3,Person_359,4.0,4.0,4.0,5.0
Rater_3,Person_360,1.0,2.0,0.0,2.0
Rater_3,Person_361,3.0,1.0,1.0,
Rater_3,Person_362,2.0,,2.0,2.0
Rater_3,Person_363,3.0,3.0,4.0,2.0
Rater_3,Person_364,4.0,,2.0,
Rater_3,Person_365,4.0,,3.0,
Rater_3,Person_366,3.0,4.0,3.0,1.0
Rater_3,Person_367,4.0,2.0,1.0,2.0
Rater_3,Person_368,5.0,5.0,4.0,5.0
Rater_3,Person_369,,,,
Rater_3,Person_370,4.0,3.0,3.0,0.0
Rater_3,Person_371,5.0,5.0,4.0,4.0
Rater_3,Person_372,2.0,2.0,1.0,3.0
Rater_3,Person_373,4.0,3.0,3.0,
Rater_3,Person_374,,3.0,1.0,2.0
Rater_3,Person_375,,5.0,5.0,4.0
Rater_3,Person_376,5.0,4.0,5.0,3.0
Rater_3,Person_377,1.0,2.0,2.0,
Rater_3,Person_378,2.0,2.0,3.0,1.0
Rater_3,Person_379,4.0,4.0,5.0,2.0
Rater_3,Person_380,3.0,3.0,3.0,1.0
Rater_3,Person_381,5.0,,4.0,
Rater_3,Person_382,4.0,2.0,,3.0
Rater_3,Person_383,3.0,3.0,3.0,
Rater_3,Person_384,,4.0,2.0,2.0
Rater_3,Person_385,4.0,2.0,2.0,4.0
Rater_3,Person_386,3.0,,3.0,2.0
Rater_3,Person_387,3.0,3.0,1.0,2.0
Rater_3,Person_388,4.0,4.0,4.0,4.0
Rater_3,Person_389,5.0,5.0,3.0,2.0
Rater_3,Person_390,4.0,4.0,3.0,3.0
Rater_3,Person_391,2.0,3.0,4.0,3.0
Rater_3,Person_392,2.0,3.0,2.0,3.0
Rater_3,Person_393,3.0,1.0,2.0,3.0
Rater_3,Person_394,3.0,1.0,2.0,
Rater_3,Person_395,1.0,2.0,1.0,1.0
Rater_3,Person_396,2.0,3.0,2.0,1.0
Rater_3,Person_397,2.0,1.0,2.0,2.0
Rater_3,Person_398,5.0,4.0,4.0,3.0
Rater_3,Person_399,4.0,5.0,4.0,3.0
Rater_3,Person_400,1.0,2.0,1.0,
Rater_3,Person_401,2.0,3.0,1.0,0.0
Rater_3,Person_402,3.0,3.0,4.0,2.0
Rater_3,Person_403,,,,3.0
Rater_3,Person_404,4.0,2.0,2.0,3.0
Rater_3,Person_405,5.0,3.0,3.0,4.0
Rater_3,Person_406,4.0,4.0,3.0,3.0
Rater_3,Person_407,5.0,2.0,1.0,1.0
Rater_3,Person_408,5.0,4.0,3.0,3.0
Rater_3,Person_409,4.0,5.0,4.0,3.0
Rater_3,Person_410,5.0,4.0,5.0,3.0
Rater_3,Person_411,4.0,,2.0,2.0
Rater_3,Person_412,3.0,3.0,2.0,3.0
Rater_3,Person_413,5.0,5.0,3.0,4.0
Rater_3,Person_414,2.0,3.0,2.0,2.0
Rater_3,Person_415,2.0,2.0,4.0,2.0
Rater_3,Person_416,4.0,5.0,3.0,4.0
Rater_3,Person_417,3.0,2.0,2.0,0.0
Rater_3,Person_418,2.0,1.0,1.0,0.0
Rater_3,Person_419,4.0,3.0,,1.0
Rater_3,Person_420,4.0,3.0,2.0,2.0
Rater_3,Person_421,3.0,3.0,3.0,2.0
Rater_3,Person_422,3.0,4.0,3.0,2.0
Rater_3,Person_423,3.0,2.0,2.0,3.0
Rater_3,Person_424,2.0,1.0,1.0,1.0
Rater_3,Person_425,4.0,2.0,2.0,3.0
Rater_3,Person_426,4.0,5.0,5.0,3.0
Rater_3,Person_427,5.0,5.0,3.0,
Rater_3,Person_428,5.0,3.0,2.0,
Rater_3,Person_429,,4.0,5.0,4.0
Rater_3,Person_430,4.0,2.0,5.0,4.0
Rater_3,Person_431,,3.0,2.0,0.0
Rater_3,Person_432,,,1.0,1.0
Rater_3,Person_433,2.0,3.0,3.0,1.0
Rater_3,Person_434,3.0,2.0,3.0,1.0
Rater_3,Person_435,3.0,2.0,1.0,2.0
Rater_3,Person_436,2.0,2.0,1.0,1.0
Rater_3,Person_437,3.0,4.0,3.0,1.0
Rater_3,Person_438,3.0,3.0,5.0,3.0
Rater_3,Person_439,4.0,4.0,5.0,3.0
Rater_3,Person_440,4.0,3.0,3.0,3.0
Rater_3,Person_441,3.0,1.0,,0.0
Rater_3,Person_442,4.0,,4.0,3.0
Rater_3,Person_443,,2.0,1.0,1.0
Rater_3,Person_444,3.0,2.0,3.0,
Rater_3,Person_445,,3.0,3.0,4.0
Rater_3,Person_446,,0.0,2.0,0.0
Rater_3,Person_447,5.0,,3.0,3.0
Rater_3,Person_448,2.0,2.0,1.0,1.0
Rater_3,Person_449,5.0,4.0,2.0,2.0
Rater_3,Person_450,4.0,3.0,3.0,3.0
Rater_3,Person_451,3.0,2.0,1.0,1.0
Rater_3,Person_452,3.0,2.0,2.0,1.0
Rater_3,Person_453,5.0,4.0,4.0,5.0
Rater_3,Person_454,2.0,2.0,2.0,1.0
Rater_3,Person_455,3.0,3.0,,2.0
Rater_3,Person_456,2.0,1.0,1.0,2.0
Rater_3,Person_457,4.0,4.0,3.0,3.0
Rater_3,Person_458,5.0,,3.0,4.0
Rater_3,Person_459,3.0,2.0,2.0,2.0
Rater_3,Person_460,2.0,2.0,2.0,
Rater_3,Person_461,4.0,4.0,4.0,3.0
Rater_3,Person_462,2.0,1.0,0.0,2.0
Rater_3,Person_463,5.0,,1.0,2.0
Rater_3,Person_464,5.0,4.0,5.0,2.0
Rater_3,Person_465,3.0,2.0,2.0,2.0
Rater_3,Person_466,3.0,4.0,2.0,1.0
Rater_3,Person_467,4.0,4.0,3.0,3.0
Rater_3,Person_468,4.0,3.0,,2.0
Rater_3,Person_469,5.0,,4.0,2.0
Rater_3,Person_470,4.0,,,3.0
Rater_3,Person_471,3.0,3.0,1.0,0.0
Rater_3,Person_472,2.0,3.0,2.0,2.0
Rater_3,Person_473,2.0,,0.0,1.0
Rater_3,Person_474,3.0,2.0,,1.0
Rater_3,Person_475,5.0,3.0,4.0,4.0
Rater_3,Person_476,2.0,4.0,3.0,1.0
Rater_3,Person_477,4.0,3.0,3.0,3.0
Rater_3,Person_478,4.0,4.0,1.0,3.0
Rater_3,Person_479,2.0,3.0,2.0,1.0
Rater_3,Person_480,4.0,4.0,3.0,4.0
Rater_3,Person_481,5.0,5.0,3.0,4.0
Rater_3,Person_482,3.0,3.0,1.0,1.0
Rater_3,Person_483,1.0,3.0,0.0,2.0
Rater_3,Person_484,3.0,3.0,2.0,1.0
Rater_3,Person_485,4.0,3.0,2.0,1.0
Rater_3,Person_486,3.0,3.0,3.0,2.0
Rater_3,Person_487,5.0,4.0,5.0,3.0
Rater_3,Person_488,5.0,4.0,4.0,3.0
Rater_3,Person_489,,4.0,2.0,1.0
Rater_3,Person_490,2.0,3.0,1.0,1.0
Rater_3,Person_491,5.0,5.0,3.0,3.0
Rater_3,Person_492,3.0,4.0,2.0,3.0
Rater_3,Person_493,2.0,1.0,2.0,3.0
Rater_3,Person_494,4.0,2.0,2.0,4.0
Rater_3,Person_495,,2.0,2.0,1.0
Rater_3,Person_496,4.0,4.0,3.0,4.0
Rater_3,Person_497,4.0,4.0,5.0,4.0
Rater_3,Person_498,3.0,4.0,4.0,2.0
Rater_3,Person_499,1.0,1.0,2.0,1.0
Rater_3,Person_500,,4.0,3.0,3.0
Rater_4,Person_1,4.0,3.0,1.0,
Rater_4,Person_2,5.0,4.0,2.0,0.0
Rater_4,Person_3,2.0,0.0,0.0,0.0
Rater_4,Person_4,,3.0,3.0,2.0
Rater_4,Person_5,5.0,2.0,1.0,0.0
Rater_4,Person_6,2.0,2.0,2.0,0.0
Rater_4,Person_7,3.0,1.0,2.0,1.0
Rater_4,Person_8,2.0,2.0,1.0,0.0
Rater_4,Person_9,3.0,3.0,0.0,0.0
Rater_4,Person_10,2.0,2.0,1.0,0.0
Rater_4,Person_11,,5.0,1.0,0.0
Rater_4,Person_12,4.0,3.0,1.0,1.0
Rater_4,Person_13,4.0,2.0,,
Rater_4,Person_14,3.0,3.0,3.0,1.0
Rater_4,Person_15,,2.0,0.0,0.0
Rater_4,Person_16,4.0,4.0,3.0,
Rater_4,Person_17,4.0,1.0,1.0,0.0
Rater_4,Person_18,3.0,2.0,0.0,1.0
Rater_4,Person_19,5.0,3.0,0.0,0.0
Rater_4,Person_20,4.0,4.0,3.0,0.0
Rater_4,Person_21,4.0,3.0,0.0,1.0
Rater_4,Person_22,5.0,3.0,2.0,1.0
Rater_4,Person_23,4.0,1.0,2.0,1.0
Rater_4,Person_24,5.0,3.0,0.0,1.0
Rater_4,Person_25,,2.0,1.0,1.0
Rater_4,Person_26,5.0,5.0,2.0,0.0
Rater_4,Person_27,2.0,0.0,0.0,0.0
Rater_4,Person_28,3.0,1.0,1.0,0.0
Rater_4,Person_29,3.0,0.0,,0.0
Rater_4,Person_30,5.0,5.0,1.0,4.0
Rater_4,Person_31,,2.0,,0.0
Rater_4,Person_32,5.0,2.0,,2.0
Rater_4,Person_33,3.0,3.0,1.0,0.0
Rater_4,Person_34,3.0,3.0,1.0,1.0
Rater_4,Person_35,3.0,4.0,3.0,
Rater_4,Person_36,,2.0,1.0,0.0
Rater_4,Person_37,3.0,1.0,,
Rater_4,Person_38,2.0,1.0,0.0,0.0
Rater_4,Person_39,,4.0,2.0,2.0
Rater_4,Person_40,5.0,5.0,4.0,0.0
Rater_4,Person_41,2.0,1.0,0.0,0.0
Rater_4,Person_42,4.0,3.0,2.0,1.0
Rater_4,Person_43,5.0,2.0,0.0,0.0
Rater_4,Person_44,3.0,1.0,0.0,0.0
Rater_4,Person_45,,1.0,0.0,0.0
Rater_4,Person_46,5.0,2.0,0.0,
Rater_4,Person_47,,,0.0,0.0
Rater_4,Person_48,4.0,2.0,0.0,1.0
Rater_4,Person_49,3.0,1.0,,0.0
Rater_4,Person_50,,2.0,0.0,0.0
Rater_4,Person_51,4.0,3.0,1.0,1.0
Rater_4,Person_52,3.0,0.0,0.0,0.0
Rater_4,Person_53,5.0,2.0,,0.0
Rater_4,Person_54,,4.0,3.0,2.0
Rater_4,Person_55,4.0,,,0.0
Rater_4,Person_56,4.0,4.0,1.0,1.0
Rater_4,Person_57,4.0,4.0,2.0,
Rater_4,Person_58,,1.0,0.0,0.0
Rater_4,Person_59,2.0,3.0,1.0,1.0
Rater_4,Person_60,2.0,0.0,0.0,0.0
Rater_4,Person_61,3.0,,2.0,0.0
Rater_4,Person_62,5.0,4.0,,0.0
Rater_4,Person_63,,2.0,0.0,1.0
Rater_4,Person_64,3.0,2.0,0.0,0.0
Rater_4,Person_65,4.0,4.0,2.0,1.0
Rater_4,Person_66,2.0,2.0,,0.0
Rater_4,Person_67,2.0,0.0,1.0,0.0
Rater_4,Person_68,5.0,5.0,2.0,1.0
Rater_4,Person_69,3.0,4.0,2.0,0.0
Rater_4,Person_70,5.0,2.0,,1.0
Rater_4,Person_71,4.0,5.0,3.0,2.0
Rater_4,Person_72,1.0,1.0,0.0,0.0
Rater_4,Person_73,5.0,2.0,1.0,0.0
Rater_4,Person_74,2.0,0.0,,0.0
Rater_4,Person_75,4.0,4.0,3.0,0.0
Rater_4,Person_76,4.0,2.0,1.0,1.0
Rater_4,Person_77,4.0,4.0,1.0,0.0
Rater_4,Person_78,2.0,0.0,,0.0
Rater_4,Person_79,2.0,3.0,0.0,0.0
Rater_4,Person_80,3.0,1.0,0.0,0.0
Rater_4,Person_81,5.0,3.0,0.0,1.0
Rater_4,Person_82,5.0,,1.0,1.0
Rater_4,Person_83,3.0,2.0,1.0,0.0
Rater_4,Person_84,2.0,,0.0,0.0
Rater_4,Person_85,4.0,3.0,2.0,0.0
Rater_4,Person_86,1.0,0.0,,0.0
Rater_4,Person_87,4.0,1.0,0.0,0.0
Rater_4,Person_88,4.0,2.0,1.0,0.0
Rater_4,Person_89,3.0,2.0,1.0,0.0
Rater_4,Person_90,4.0,1.0,1.0,0.0
Rater_4,Person_91,3.0,1.0,0.0,0.0
Rater_4,Person_92,,4.0,2.0,1.0
Rater_4,Person_93,3.0,1.0,0.0,
Rater_4,Person_94,2.0,2.0,2.0,1.0
Rater_4,Person_95,5.0,2.0,3.0,
Rater_4,Person_96,3.0,1.0,,0.0
Rater_4,Person_97,3.0,0.0,1.0,0.0
Rater_4,Person_98,2.0,3.0,2.0,0.0
Rater_4,Person_99,2.0,1.0,0.0,0.0
Rater_4,Person_100,,5.0,2.0,0.0
Rater_4,Person_101,5.0,4.0,4.0,0.0
Rater_4,Person_102,4.0,2.0,0.0,1.0
Rater_4,Person_103,2.0,2.0,2.0,
Rater_4,Person_104,5.0,2.0,2.0,1.0
Rater_4,Person_105,3.0,,,0.0
Rater_4,Person_106,2.0,1.0,0.0,0.0
Rater_4,Person_107,5.0,4.0,2.0,0.0
Rater_4,Person_108,5.0,4.0,,1.0
Rater_4,Person_109,5.0,1.0,1.0,0.0
Rater_4,Person_110,5.0,4.0,1.0,1.0
Rater_4,Person_111,5.0,3.0,2.0,0.0
Rater_4,Person_112,3.0,,0.0,
Rater_4,Person_113,,1.0,1.0,0.0
Rater_4,Person_114,2.0,2.0,0.0,0.0
Rater_4,Person_115,5.0,3.0,2.0,1.0
Rater_4,Person_116,5.0,2.0,,1.0
Rater_4,Person_117,2.0,0.0,1.0,0.0
Rater_4,Person_118,1.0,0.0,0.0,0.0
Rater_4,Person_119,0.0,1.0,1.0,
Rater_4,Person_120,3.0,2.0,1.0,0.0
Rater_4,Person_121,3.0,,0.0,0.0
Rater_4,Person_122,3.0,2.0,3.0,
Rater_4,Person_123,5.0,1.0,2.0,0.0
Rater_4,Person_124,3.0,4.0,0.0,2.0
Rater_4,Person_125,4.0,2.0,1.0,0.0
Rater_4,Person_126,2.0,,0.0,0.0
Rater_4,Person_127,4.0,5.0,1.0,
Rater_4,Person_128,,1.0,0.0,0.0
Rater_4,Person_129,3.0,0.0,1.0,0.0
Rater_4,Person_130,,3.0,2.0,1.0
Rater_4,Person_131,1.0,2.0,,0.0
Rater_4,Person_132,5.0,1.0,3.0,3.0
Rater_4,Person_133,5.0,5.0,3.0,
Rater_4,Person_134,1.0,2.0,0.0,0.0
Rater_4,Person_135,5.0,2.0,1.0,0.0
Rater_4,Person_136,3.0,3.0,0.0,0.0
Rater_4,Person_137,4.0,1.0,2.0,0.0
Rater_4,Person_138,3.0,3.0,0.0,0.0
Rater_4,Person_139,2.0,,1.0,0.0
Rater_4,Person_140,3.0,,0.0,1.0
Rater_4,Person_141,4.0,3.0,2.0,0.0
Rater_4,Person_142,5.0,3.0,2.0,0.0
Rater_4,Person_143,3.0,1.0,0.0,0.0
Rater_4,Person_144,5.0,4.0,3.0,1.0
Rater_4,Person_145,3.0,1.0,0.0,
Rater_4,Person_146,4.0,4.0,2.0,2.0
Rater_4,Person_147,4.0,4.0,4.0,0.0
Rater_4,Person_148,2.0,1.0,,0.0
Rater_4,Person_149,5.0,3.0,0.0,2.0
Rater_4,Person_150,5.0,4.0,,1.0
Rater_4,Person_151,5.0,4.0,2.0,1.0
Rater_4,Person_152,4.0,5.0,2.0,2.0
Rater_4,Person_153,4.0,3.0,0.0,0.0
Rater_4,Person_154,5.0,5.0,0.0,2.0
Rater_4,Person_155,2.0,0.0,0.0,0.0
Rater_4,Person_156,4.0,4.0,4.0,1.0
Rater_4,Person_157,5.0,3.0,2.0,
Rater_4,Person_158,5.0,3.0,2.0,2.0
Rater_4,Person_159,4.0,3.0,1.0,
Rater_4,Person_160,4.0,1.0,0.0,0.0
Rater_4,Person_161,4.0,0.0,0.0,0.0
Rater_4,Person_162,2.0,2.0,1.0,1.0
Rater_4,Person_163,1.0,1.0,0.0,0.0
Rater_4,Person_164,2.0,1.0,0.0,0.0
Rater_4,Person_165,4.0,1.0,1.0,0.0
Rater_4,Person_166,3.0,0.0,1.0,0.0
Rater_4,Person_167,5.0,3.0,1.0,
Rater_4,Person_168,5.0,3.0,3.0,2.0
Rater_4,Person_169,4.0,2.0,0.0,1.0
Rater_4,Person_170,3.0,0.0,,0.0
Rater_4,Person_171,2.0,0.0,0.0,0.0
Rater_4,Person_172,4.0,2.0,0.0,0.0
Rater_4,Person_173,2.0,1.0,0.0,1.0
Rater_4,Person_174,,0.0,0.0,0.0
Rater_4,Person_175,4.0,3.0,0.0,0.0
Rater_4,Person_176,3.0,1.0,0.0,0.0
Rater_4,Person_177,4.0,3.0,2.0,0.0
Rater_4,Person_178,4.0,4.0,2.0,0.0
Rater_4,Person_179,4.0,2.0,0.0,0.0
Rater_4,Person_180,1.0,0.0,,0.0
Rater_4,Person_181,5.0,3.0,,1.0
Rater_4,Person_182,4.0,2.0,2.0,0.0
Rater_4,Person_183,2.0,1.0,0.0,
Rater_4,Person_184,3.0,2.0,3.0,0.0
Rater_4,Person_185,5.0,3.0,1.0,1.0
Rater_4,Person_186,2.0,1.0,,1.0
Rater_4,Person_187,3.0,2.0,0.0,0.0
Rater_4,Person_188,4.0,2.0,3.0,0.0
Rater_4,Person_189,1.0,0.0,0.0,0.0
Rater_4,Person_190,3.0,1.0,1.0,0.0
Rater_4,Person_191,5.0,3.0,1.0,0.0
Rater_4,Person_192,4.0,2.0,0.0,0.0
Rater_4,Person_193,1.0,1.0,,0.0
Rater_4,Person_194,2.0,0.0,0.0,0.0
Rater_4,Person_195,4.0,2.0,1.0,0.0
Rater_4,Person_196,4.0,3.0,1.0,1.0
Rater_4,Person_197,2.0,1.0,0.0,0.0
Rater_4,Person_198,,0.0,0.0,0.0
Rater_4,Person_199,2.0,1.0,0.0,0.0
Rater_4,Person_200,3.0,3.0,1.0,1.0
Rater_4,Person_201,3.0,1.0,0.0,
Rater_4,Person_202,3.0,2.0,1.0,0.0
Rater_4,Person_203,4.0,2.0,2.0,1.0
Rater_4,Person_204,4.0,3.0,0.0,
Rater_4,Person_205,5.0,5.0,4.0,0.0
Rater_4,Person_206,3.0,1.0,1.0,1.0
Rater_4,Person_207,4.0,2.0,3.0,0.0
Rater_4,Person_208,3.0,1.0,0.0,
Rater_4,Person_209,5.0,2.0,2.0,
Rater_4,Person_210,4.0,0.0,0.0,0.0
Rater_4,Person_211,4.0,2.0,2.0,1.0
Rater_4,Person_212,2.0,2.0,1.0,
Rater_4,Person_213,5.0,2.0,0.0,1.0
Rater_4,Person_214,1.0,1.0,1.0,0.0
Rater_4,Person_215,3.0,2.0,1.0,0.0
Rater_4,Person_216,4.0,0.0,1.0,0.0
Rater_4,Person_217,4.0,4.0,,
Rater_4,Person_218,4.0,3.0,2.0,1.0
Rater_4,Person_219,5.0,3.0,2.0,0.0
Rater_4,Person_220,5.0,2.0,0.0,1.0
Rater_4,Person_221,5.0,2.0,1.0,0.0
Rater_4,Person_222,3.0,2.0,2.0,1.0
Rater_4,Person_223,4.0,,1.0,0.0
Rater_4,Person_224,5.0,4.0,3.0,1.0
Rater_4,Person_225,2.0,4.0,,0.0
Rater_4,Person_226,4.0,2.0,0.0,0.0
Rater_4,Person_227,4.0,,0.0,
Rater_4,Person_228,0.0,1.0,0.0,0.0
Rater_4,Person_229,3.0,1.0,0.0,0.0
Rater_4,Person_230,5.0,3.0,2.0,
Rater_4,Person_231,4.0,3.0,2.0,1.0
Rater_4,Person_232,3.0,2.0,1.0,0.0
Rater_4,Person_233,4.0,1.0,2.0,0.0
Rater_4,Person_234,3.0,1.0,0.0,0.0
Rater_4,Person_235,4.0,4.0,4.0,1.0
Rater_4,Person_236,4.0,4.0,2.0,1.0
Rater_4,Person_237,5.0,2.0,1.0,0.0
Rater_4,Person_238,1.0,0.0,0.0,0.0
Rater_4,Person_239,5.0,3.0,1.0,1.0
Rater_4,Person_240,4.0,1.0,1.0,0.0
Rater_4,Person_241,5.0,4.0,1.0,1.0
Rater_4,Person_242,3.0,1.0,0.0,0.0
Rater_4,Person_243,2.0,1.0,0.0,0.0
Rater_4,Person_244,5.0,1.0,1.0,2.0
Rater_4,Person_245,2.0,2.0,0.0,0.0
Rater_4,Person_246,3.0,1.0,2.0,0.0
Rater_4,Person_247,5.0,4.0,2.0,2.0
Rater_4,Person_248,5.0,2.0,1.0,0.0
Rater_4,Person_249,3.0,3.0,0.0,0.0
Rater_4,Person_250,4.0,3.0,1.0,0.0
Rater_4,Person_251,4.0,,2.0,1.0
Rater_4,Person_252,4.0,3.0,1.0,2.0
Rater_4,Person_253,5.0,4.0,4.0,0.0
Rater_4,Person_254,5.0,4.0,3.0,0.0
Rater_4,Person_255,5.0,5.0,4.0,1.0
Rater_4,Person_256,1.0,0.0,1.0,0.0
Rater_4,Person_257,5.0,4.0,,1.0
Rater_4,Person_258,2.0,0.0,2.0,0.0
Rater_4,Person_259,4.0,3.0,1.0,0.0
Rater_4,Person_260,4.0,1.0,0.0,0.0
Rater_4,Person_261,4.0,4.0,3.0,1.0
Rater_4,Person_262,2.0,0.0,1.0,0.0
Rater_4,Person_263,5.0,5.0,1.0,2.0
Rater_4,Person_264,3.0,1.0,1.0,0.0
Rater_4,Person_265,1.0,2.0,0.0,
Rater_4,Person_266,5.0,5.0,2.0,2.0
Rater_4,Person_267,2.0,0.0,0.0,0.0
Rater_4,Person_268,4.0,2.0,1.0,1.0
Rater_4,Person_269,3.0,1.0,0.0,0.0
Rater_4,Person_270,,0.0,2.0,0.0
Rater_4,Person_271,1.0,0.0,0.0,0.0
Rater_4,Person_272,4.0,3.0,1.0,1.0
Rater_4,Person_273,5.0,3.0,1.0,0.0
Rater_4,Person_274,2.0,1.0,,0.0
Rater_4,Person_275,,2.0,1.0,1.0
Rater_4,Person_276,3.0,,0.0,0.0
Rater_4,Person_277,3.0,3.0,0.0,0.0
Rater_4,Person_278,5.0,4.0,0.0,0.0
Rater_4,Person_279,3.0,2.0,0.0,0.0
Rater_4,Person_280,3.0,1.0,1.0,0.0
Rater_4,Person_281,5.0,5.0,0.0,
Rater_4,Person_282,5.0,1.0,2.0,1.0
Rater_4,Person_283,,4.0,2.0,0.0
Rater_4,Person_284,3.0,1.0,0.0,0.0
Rater_4,Person_285,3.0,1.0,0.0,0.0
Rater_4,Person_286,5.0,3.0,1.0,
Rater_4,Person_287,3.0,2.0,1.0,
Rater_4,Person_288,3.0,2.0,1.0,0.0
Rater_4,Person_289,2.0,3.0,1.0,
Rater_4,Person_290,4.0,2.0,3.0,2.0
Rater_4,Person_291,5.0,4.0,2.0,0.0
Rater_4,Person_292,2.0,2.0,,0.0
Rater_4,Person_293,4.0,4.0,,0.0
Rater_4,Person_294,2.0,1.0,1.0,1.0
Rater_4,Person_295,5.0,1.0,0.0,1.0
Rater_4,Person_296,3.0,,0.0,0.0
Rater_4,Person_297,,3.0,2.0,1.0
Rater_4,Person_298,4.0,1.0,0.0,0.0
Rater_4,Person_299,4.0,3.0,1.0,0.0
Rater_4,Person_300,,3.0,2.0,
Rater_4,Person_301,2.0,1.0,2.0,0.0
Rater_4,Person_302,4.0,3.0,1.0,2.0
Rater_4,Person_303,5.0,3.0,2.0,0.0
Rater_4,Person_304,2.0,,0.0,
Rater_4,Person_305,1.0,0.0,0.0,0.0
Rater_4,Person_306,5.0,5.0,,2.0
Rater_4,Person_307,,5.0,5.0,2.0
Rater_4,Person_308,5.0,1.0,,1.0
Rater_4,Person_309,,4.0,2.0,0.0
Rater_4,Person_310,3.0,1.0,0.0,0.0
Rater_4,Person_311,4.0,,1.0,0.0
Rater_4,Person_312,3.0,0.0,0.0,0.0
Rater_4,Person_313,4.0,3.0,2.0,0.0
Rater_4,Person_314,1.0,0.0,0.0,
Rater_4,Person_315,5.0,2.0,2.0,2.0
Rater_4,Person_316,1.0,0.0,0.0,1.0
Rater_4,Person_317,,5.0,3.0,0.0
Rater_4,Person_318,,4.0,1.0,0.0
Rater_4,Person_319,5.0,3.0,,0.0
Rater_4,Person_320,5.0,3.0,2.0,0.0
Rater_4,Person_321,,3.0,1.0,
Rater_4,Person_322,1.0,0.0,0.0,0.0
Rater_4,Person_323,3.0,3.0,1.0,0.0
Rater_4,Person_324,2.0,3.0,0.0,0.0
Rater_4,Person_325,4.0,4.0,0.0,0.0
Rater_4,Person_326,4.0,2.0,0.0,0.0
Rater_4,Person_327,4.0,2.0,2.0,0.0
Rater_4,Person_328,,1.0,0.0,0.0
Rater_4,Person_329,5.0,4.0,3.0,2.0
Rater_4,Person_330,3.0,,2.0,1.0
Rater_4,Person_331,5.0,4.0,1.0,0.0
Rater_4,Person_332,1.0,1.0,0.0,
Rater_4,Person_333,3.0,1.0,1.0,0.0
Rater_4,Person_334,5.0,3.0,2.0,
Rater_4,Person_335,3.0,2.0,1.0,0.0
Rater_4,Person_336,5.0,4.0,1.0,2.0
Rater_4,Person_337,4.0,2.0,1.0,
Rater_4,Person_338,5.0,4.0,,1.0
Rater_4,Person_339,,2.0,1.0,0.0
Rater_4,Person_340,2.0,2.0,0.0,0.0
Rater_4,Person_341,4.0,2.0,0.0,0.0
Rater_4,Person_342,5.0,5.0,4.0,1.0
Rater_4,Person_343,2.0,0.0,1.0,0.0
Rater_4,Person_344,2.0,0.0,,
Rater_4,Person_345,5.0,1.0,1.0,0.0
Rater_4,Person_346,3.0,2.0,0.0,1.0
Rater_4,Person_347,5.0,3.0,2.0,2.0
Rater_4,Person_348,5.0,4.0,2.0,2.0
Rater_4,Person_349,3.0,0.0,0.0,0.0
Rater_4,Person_350,4.0,3.0,0.0,0.0
Rater_4,Person_351,3.0,2.0,1.0,0.0
Rater_4,Person_352,2.0,3.0,0.0,0.0
Rater_4,Person_353,4.0,3.0,1.0,
Rater_4,Person_354,5.0,2.0,0.0,0.0
Rater_4,Person_355,5.0,1.0,1.0,1.0
Rater_4,Person_356,5.0,3.0,2.0,0.0
Rater_4,Person_357,,5.0,0.0,2.0
Rater_4,Person_358,,2.0,1.0,
Rater_4,Person_359,5.0,5.0,5.0,1.0
Rater_4,Person_360,3.0,1.0,0.0,0.0
Rater_4,Person_361,1.0,0.0,0.0,
Rater_4,Person_362,5.0,,0.0,0.0
Rater_4,Person_363,3.0,2.0,1.0,0.0
Rater_4,Person_364,5.0,,0.0,
Rater_4,Person_365,3.0,,2.0,
Rater_4,Person_366,3.0,1.0,2.0,0.0
Rater_4,Person_367,1.0,4.0,1.0,0.0
Rater_4,Person_368,4.0,4.0,4.0,0.0
Rater_4,Person_369,,,,
Rater_4,Person_370,4.0,3.0,1.0,0.0
Rater_4,Person_371,5.0,2.0,2.0,0.0
Rater_4,Person_372,4.0,1.0,1.0,1.0
Rater_4,Person_373,5.0,5.0,0.0,
Rater_4,Person_374,,3.0,0.0,0.0
Rater_4,Person_375,,4.0,2.0,3.0
Rater_4,Person_376,5.0,3.0,3.0,1.0
Rater_4,Person_377,2.0,0.0,0.0,
Rater_4,Person_378,2.0,1.0,0.0,0.0
Rater_4,Person_379,5.0,3.0,2.0,1.0
Rater_4,Person_380,2.0,1.0,0.0,1.0
Rater_4,Person_381,5.0,,2.0,
Rater_4,Person_382,4.0,3.0,,0.0
Rater_4,Person_383,4.0,4.0,3.0,
Rater_4,Person_384,,4.0,2.0,0.0
Rater_4,Person_385,3.0,1.0,1.0,0.0
Rater_4,Person_386,3.0,,1.0,0.0
Rater_4,Person_387,4.0,3.0,1.0,1.0
Rater_4,Person_388,5.0,5.0,1.0,0.0
Rater_4,Person_389,5.0,4.0,1.0,0.0
Rater_4,Person_390,5.0,3.0,0.0,0.0
Rater_4,Person_391,3.0,3.0,2.0,0.0
Rater_4,Person_392,4.0,1.0,2.0,0.0
Rater_4,Person_393,1.0,0.0,0.0,0.0
Rater_4,Person_394,4.0,2.0,2.0,
Rater_4,Person_395,2.0,3.0,2.0,0.0
Rater_4,Person_396,3.0,0.0,1.0,0.0
Rater_4,Person_397,3.0,2.0,1.0,0.0
Rater_4,Person_398,5.0,4.0,3.0,0.0
Rater_4,Person_399,4.0,3.0,2.0,0.0
Rater_4,Person_400,3.0,0.0,0.0,
Rater_4,Person_401,0.0,0.0,0.0,0.0
Rater_4,Person_402,2.0,0.0,0.0,1.0
Rater_4,Person_403,,,,0.0
Rater_4,Person_404,3.0,2.0,1.0,0.0
Rater_4,Person_405,5.0,3.0,2.0,0.0
Rater_4,Person_406,5.0,3.0,3.0,2.0
Rater_4,Person_407,3.0,3.0,0.0,0.0
Rater_4,Person_408,5.0,1.0,1.0,0.0
Rater_4,Person_409,4.0,3.0,3.0,3.0
Rater_4,Person_410,5.0,2.0,2.0,1.0
Rater_4,Person_411,5.0,,1.0,0.0
Rater_4,Person_412,2.0,2.0,2.0,0.0
Rater_4,Person_413,5.0,4.0,2.0,2.0
Rater_4,Person_414,3.0,3.0,1.0,0.0
Rater_4,Person_415,3.0,2.0,2.0,0.0
Rater_4,Person_416,5.0,1.0,1.0,0.0
Rater_4,Person_417,4.0,1.0,0.0,0.0
Rater_4,Person_418,1.0,1.0,0.0,0.0
Rater_4,Person_419,2.0,3.0,,0.0
Rater_4,Person_420,4.0,1.0,0.0,0.0
Rater_4,Person_421,1.0,2.0,1.0,0.0
Rater_4,Person_422,4.0,0.0,0.0,0.0
Rater_4,Person_423,4.0,2.0,2.0,0.0
Rater_4,Person_424,2.0,1.0,0.0,0.0
Rater_4,Person_425,4.0,1.0,2.0,0.0
Rater_4,Person_426,5.0,4.0,3.0,1.0
Rater_4,Person_427,5.0,4.0,4.0,
Rater_4,Person_428,4.0,2.0,1.0,
Rater_4,Person_429,,4.0,3.0,2.0
Rater_4,Person_430,5.0,3.0,2.0,1.0
Rater_4,Person_431,,0.0,1.0,0.0
Rater_4,Person_432,,,1.0,0.0
Rater_4,Person_433,3.0,3.0,0.0,0.0
Rater_4,Person_434,4.0,3.0,0.0,0.0
Rater_4,Person_435,2.0,2.0,1.0,0.0
Rater_4,Person_436,3.0,1.0,0.0,0.0
Rater_4,Person_437,3.0,2.0,1.0,0.0
Rater_4,Person_438,5.0,3.0,1.0,1.0
Rater_4,Person_439,4.0,3.0,3.0,0.0
Rater_4,Person_440,5.0,4.0,1.0,0.0
Rater_4,Person_441,2.0,0.0,,0.0
Rater_4,Person_442,4.0,,2.0,1.0
Rater_4,Person_443,,1.0,1.0,0.0
Rater_4,Person_444,4.0,0.0,0.0,
Rater_4,Person_445,,2.0,2.0,0.0
Rater_4,Person_446,,1.0,0.0,0.0
Rater_4,Person_447,5.0,,2.0,0.0
Rater_4,Person_448,3.0,2.0,0.0,0.0
Rater_4,Person_449,5.0,3.0,1.0,0.0
Rater_4,Person_450,5.0,2.0,2.0,1.0
Rater_4,Person_451,4.0,1.0,1.0,0.0
Rater_4,Person_452,4.0,1.0,0.0,0.0
Rater_4,Person_453,4.0,5.0,4.0,1.0
Rater_4,Person_454,2.0,2.0,0.0,0.0
Rater_4,Person_455,3.0,1.0,,0.0
Rater_4,Person_456,2.0,1.0,0.0,0.0
Rater_4,Person_457,2.0,3.0,0.0,1.0
Rater_4,Person_458,4.0,,1.0,1.0
Rater_4,Person_459,4.0,0.0,0.0,0.0
Rater_4,Person_460,3.0,1.0,0.0,
Rater_4,Person_461,4.0,4.0,3.0,0.0
Rater_4,Person_462,3.0,1.0,0.0,0.0
Rater_4,Person_463,5.0,,1.0,0.0
Rater_4,Person_464,4.0,3.0,2.0,0.0
Rater_4,Person_465,4.0,2.0,0.0,0.0
Rater_4,Person_466,3.0,4.0,2.0,0.0
Rater_4,Person_467,4.0,4.0,4.0,2.0
Rater_4,Person_468,3.0,1.0,,1.0
Rater_4,Person_469,4.0,,1.0,1.0
Rater_4,Person_470,4.0,,,0.0
Rater_4,Person_471,3.0,3.0,0.0,0.0
Rater_4,Person_472,3.0,1.0,0.0,0.0
Rater_4,Person_473,2.0,,0.0,0.0
Rater_4,Person_474,4.0,2.0,,0.0
Rater_4,Person_475,5.0,5.0,1.0,1.0
Rater_4,Person_476,3.0,1.0,0.0,0.0
Rater_4,Person_477,3.0,4.0,1.0,0.0
Rater_4,Person_478,3.0,2.0,0.0,1.0
Rater_4,Person_479,3.0,0.0,0.0,0.0
Rater_4,Person_480,4.0,5.0,1.0,1.0
Rater_4,Person_481,5.0,4.0,2.0,1.0
Rater_4,Person_482,2.0,2.0,1.0,0.0
Rater_4,Person_483,5.0,0.0,0.0,0.0
Rater_4,Person_484,4.0,2.0,0.0,0.0
Rater_4,Person_485,4.0,2.0,1.0,0.0
Rater_4,Person_486,5.0,3.0,0.0,0.0
Rater_4,Person_487,4.0,4.0,1.0,1.0
Rater_4,Person_488,5.0,3.0,2.0,1.0
Rater_4,Person_489,,3.0,0.0,0.0
Rater_4,Person_490,2.0,1.0,1.0,0.0
Rater_4,Person_491,5.0,4.0,1.0,0.0
Rater_4,Person_492,5.0,1.0,1.0,0.0
Rater_4,Person_493,4.0,3.0,0.0,0.0
Rater_4,Person_494,4.0,5.0,1.0,0.0
Rater_4,Person_495,,0.0,0.0,0.0
Rater_4,Person_496,5.0,2.0,1.0,0.0
Rater_4,Person_497,4.0,5.0,1.0,0.0
Rater_4,Person_498,4.0,2.0,1.0,0.0
Rater_4,Person_499,4.0,0.0,1.0,0.0
Rater_4,Person_500,,4.0,3.0,0.0
Rater_5,Person_1,3.0,1.0,2.0,
Rater_5,Person_2,4.0,4.0,3.0,1.0
Rater_5,Person_3,1.0,1.0,0.0,0.0
Rater_5,Person_4,,4.0,5.0,2.0
Rater_5,Person_5,3.0,2.0,2.0,0.0
Rater_5,Person_6,5.0,4.0,0.0,1.0
Rater_5,Person_7,5.0,3.0,2.0,0.0
Rater_5,Person_8,1.0,1.0,0.0,0.0
Rater_5,Person_9,1.0,1.0,3.0,0.0
Rater_5,Person_10,3.0,1.0,2.0,0.0
Rater_5,Person_11,,4.0,2.0,2.0
Rater_5,Person_12,2.0,4.0,1.0,0.0
Rater_5,Person_13,3.0,2.0,,
Rater_5,Person_14,2.0,2.0,0.0,0.0
Rater_5,Person_15,,3.0,1.0,0.0
Rater_5,Person_16,5.0,5.0,3.0,
Rater_5,Person_17,1.0,3.0,2.0,0.0
Rater_5,Person_18,3.0,0.0,0.0,0.0
Rater_5,Person_19,4.0,2.0,0.0,0.0
Rater_5,Person_20,5.0,5.0,1.0,0.0
Rater_5,Person_21,3.0,1.0,2.0,0.0
Rater_5,Person_22,5.0,3.0,1.0,3.0
Rater_5,Person_23,3.0,3.0,1.0,1.0
Rater_5,Person_24,5.0,2.0,5.0,1.0
Rater_5,Person_25,,3.0,2.0,0.0
Rater_5,Person_26,5.0,5.0,3.0,2.0
Rater_5,Person_27,1.0,2.0,0.0,0.0
Rater_5,Person_28,1.0,0.0,0.0,0.0
Rater_5,Person_29,1.0,1.0,,0.0
Rater_5,Person_30,5.0,5.0,3.0,1.0
Rater_5,Person_31,,1.0,,1.0
Rater_5,Person_32,1.0,2.0,,0.0
Rater_5,Person_33,2.0,2.0,0.0,0.0
Rater_5,Person_34,3.0,2.0,2.0,1.0
Rater_5,Person_35,4.0,5.0,2.0,
Rater_5,Person_36,,1.0,0.0,0.0
Rater_5,Person_37,3.0,1.0,,
Rater_5,Person_38,2.0,3.0,1.0,0.0
Rater_5,Person_39,,3.0,3.0,0.0
Rater_5,Person_40,4.0,5.0,3.0,2.0
Rater_5,Person_41,2.0,1.0,1.0,0.0
Rater_5,Person_42,5.0,4.0,3.0,0.0
Rater_5,Person_43,5.0,4.0,0.0,0.0
Rater_5,Person_44,2.0,1.0,1.0,0.0
Rater_5,Person_45,,0.0,0.0,0.0
Rater_5,Person_46,5.0,2.0,1.0,
Rater_5,Person_47,,,1.0,0.0
Rater_5,Person_48,4.0,2.0,1.0,0.0
Rater_5,Person_49,3.0,0.0,,0.0
Rater_5,Person_50,,2.0,0.0,1.0
Rater_5,Person_51,5.0,1.0,3.0,1.0
Rater_5,Person_52,2.0,1.0,0.0,0.0
Rater_5,Person_53,4.0,1.0,,0.0
Rater_5,Person_54,,4.0,4.0,4.0
Rater_5,Person_55,3.0,,,0.0
Rater_5,Person_56,5.0,3.0,3.0,0.0
Rater_5,Person_57,5.0,5.0,2.0,
Rater_5,Person_58,,0.0,1.0,0.0
Rater_5,Person_59,2.0,2.0,0.0,1.0
Rater_5,Person_60,0.0,0.0,0.0,0.0
Rater_5,Person_61,5.0,,0.0,1.0
Rater_5,Person_62,3.0,5.0,,3.0
Rater_5,Person_63,,4.0,1.0,1.0
Rater_5,Person_64,2.0,1.0,0.0,1.0
Rater_5,Person_65,4.0,4.0,2.0,1.0
Rater_5,Person_66,3.0,3.0,,0.0
Rater_5,Person_67,1.0,0.0,0.0,0.0
Rater_5,Person_68,4.0,4.0,3.0,3.0
Rater_5,Person_69,1.0,1.0,1.0,0.0
Rater_5,Person_70,4.0,2.0,,1.0
Rater_5,Person_71,5.0,4.0,4.0,2.0
Rater_5,Person_72,3.0,1.0,0.0,0.0
Rater_5,Person_73,5.0,4.0,1.0,0.0
Rater_5,Person_74,2.0,4.0,,0.0
Rater_5,Person_75,5.0,5.0,5.0,3.0
Rater_5,Person_76,3.0,3.0,2.0,0.0
Rater_5,Person_77,4.0,5.0,1.0,1.0
Rater_5,Person_78,2.0,0.0,,0.0
Rater_5,Person_79,5.0,2.0,2.0,0.0
Rater_5,Person_80,1.0,0.0,1.0,0.0
Rater_5,Person_81,5.0,3.0,4.0,0.0
Rater_5,Person_82,4.0,,3.0,2.0
Rater_5,Person_83,2.0,2.0,2.0,0.0
Rater_5,Person_84,3.0,,1.0,0.0
Rater_5,Person_85,3.0,4.0,2.0,0.0
Rater_5,Person_86,2.0,0.0,,0.0
Rater_5,Person_87,2.0,2.0,0.0,1.0
Rater_5,Person_88,5.0,5.0,1.0,0.0
Rater_5,Person_89,2.0,3.0,1.0,0.0
Rater_5,Person_90,3.0,4.0,0.0,2.0
Rater_5,Person_91,3.0,0.0,0.0,0.0
Rater_5,Person_92,,2.0,4.0,1.0
Rater_5,Person_93,3.0,2.0,1.0,
Rater_5,Person_94,5.0,3.0,1.0,0.0
Rater_5,Person_95,4.0,3.0,3.0,
Rater_5,Person_96,4.0,2.0,,1.0
Rater_5,Person_97,3.0,1.0,0.0,0.0
Rater_5,Person_98,4.0,2.0,1.0,1.0
Rater_5,Person_99,1.0,0.0,1.0,0.0
Rater_5,Person_100,,4.0,1.0,1.0
Rater_5,Person_101,4.0,4.0,2.0,0.0
Rater_5,Person_102,2.0,1.0,2.0,0.0
Rater_5,Person_103,1.0,1.0,0.0,
Rater_5,Person_104,4.0,4.0,4.0,0.0
Rater_5,Person_105,1.0,,,1.0
Rater_5,Person_106,2.0,0.0,0.0,0.0
Rater_5,Person_107,4.0,2.0,0.0,1.0
Rater_5,Person_108,3.0,4.0,,4.0
Rater_5,Person_109,3.0,3.0,1.0,0.0
Rater_5,Person_110,5.0,4.0,2.0,3.0
Rater_5,Person_111,5.0,5.0,4.0,3.0
Rater_5,Person_112,0.0,,0.0,
Rater_5,Person_113,,1.0,0.0,1.0
Rater_5,Person_114,3.0,0.0,1.0,1.0
Rater_5,Person_115,4.0,3.0,3.0,2.0
Rater_5,Person_116,3.0,3.0,,0.0
Rater_5,Person_117,1.0,1.0,0.0,0.0
Rater_5,Person_118,1.0,1.0,0.0,0.0
Rater_5,Person_119,2.0,3.0,1.0,
Rater_5,Person_120,3.0,2.0,2.0,0.0
Rater_5,Person_121,5.0,,0.0,0.0
Rater_5,Person_122,4.0,3.0,1.0,
Rater_5,Person_123,4.0,3.0,3.0,0.0
Rater_5,Person_124,4.0,2.0,2.0,1.0
Rater_5,Person_125,4.0,1.0,1.0,3.0
Rater_5,Person_126,5.0,,1.0,0.0
Rater_5,Person_127,4.0,5.0,3.0,
Rater_5,Person_128,,0.0,0.0,0.0
Rater_5,Person_129,2.0,0.0,0.0,0.0
Rater_5,Person_130,,4.0,2.0,2.0
Rater_5,Person_131,2.0,2.0,,0.0
Rater_5,Person_132,5.0,4.0,3.0,2.0
Rater_5,Person_133,4.0,5.0,3.0,
Rater_5,Person_134,2.0,0.0,0.0,0.0
Rater_5,Person_135,5.0,1.0,3.0,1.0
Rater_5,Person_136,5.0,5.0,2.0,0.0
Rater_5,Person_137,4.0,2.0,0.0,0.0
Rater_5,Person_138,3.0,2.0,1.0,0.0
Rater_5,Person_139,1.0,,0.0,1.0
Rater_5,Person_140,3.0,,2.0,0.0
Rater_5,Person_141,5.0,4.0,1.0,1.0
Rater_5,Person_142,5.0,4.0,1.0,1.0
Rater_5,Person_143,2.0,1.0,0.0,0.0
Rater_5,Person_144,4.0,5.0,2.0,2.0
Rater_5,Person_145,5.0,2.0,0.0,
Rater_5,Person_146,5.0,5.0,3.0,5.0
Rater_5,Person_147,3.0,4.0,3.0,1.0
Rater_5,Person_148,2.0,1.0,,1.0
Rater_5,Person_149,4.0,5.0,5.0,2.0
Rater_5,Person_150,4.0,4.0,,2.0
Rater_5,Person_151,4.0,5.0,3.0,0.0
Rater_5,Person_152,5.0,5.0,4.0,2.0
Rater_5,Person_153,3.0,2.0,1.0,0.0
Rater_5,Person_154,4.0,5.0,4.0,1.0
Rater_5,Person_155,1.0,0.0,1.0,0.0
Rater_5,Person_156,3.0,3.0,3.0,1.0
Rater_5,Person_157,5.0,5.0,4.0,
Rater_5,Person_158,5.0,3.0,3.0,2.0
Rater_5,Person_159,5.0,4.0,5.0,
Rater_5,Person_160,3.0,1.0,0.0,2.0
Rater_5,Person_161,2.0,0.0,1.0,0.0
Rater_5,Person_162,2.0,1.0,0.0,0.0
Rater_5,Person_163,1.0,0.0,0.0,0.0
Rater_5,Person_164,0.0,2.0,0.0,0.0
Rater_5,Person_165,5.0,3.0,2.0,1.0
Rater_5,Person_166,3.0,2.0,0.0,0.0
Rater_5,Person_167,5.0,3.0,3.0,
Rater_5,Person_168,5.0,3.0,5.0,3.0
Rater_5,Person_169,1.0,3.0,2.0,0.0
Rater_5,Person_170,1.0,1.0,,0.0
Rater_5,Person_171,3.0,0.0,0.0,0.0
Rater_5,Person_172,3.0,3.0,0.0,0.0
Rater_5,Person_173,4.0,0.0,0.0,0.0
Rater_5,Person_174,,2.0,0.0,0.0
Rater_5,Person_175,4.0,2.0,2.0,1.0
Rater_5,Person_176,3.0,1.0,1.0,0.0
Rater_5,Person_177,4.0,3.0,3.0,2.0
Rater_5,Person_178,5.0,4.0,1.0,2.0
Rater_5,Person_179,2.0,2.0,4.0,2.0
Rater_5,Person_180,2.0,2.0,,1.0
Rater_5,Person_181,4.0,3.0,,0.0
Rater_5,Person_182,4.0,1.0,0.0,1.0
Rater_5,Person_183,4.0,2.0,1.0,
Rater_5,Person_184,5.0,3.0,1.0,2.0
Rater_5,Person_185,4.0,4.0,1.0,1.0
Rater_5,Person_186,4.0,0.0,,0.0
Rater_5,Person_187,1.0,1.0,0.0,0.0
Rater_5,Person_188,3.0,2.0,1.0,1.0
Rater_5,Person_189,1.0,0.0,1.0,0.0
Rater_5,Person_190,4.0,3.0,1.0,1.0
Rater_5,Person_191,4.0,5.0,4.0,1.0
Rater_5,Person_192,4.0,3.0,0.0,0.0
Rater_5,Person_193,1.0,2.0,,0.0
Rater_5,Person_194,1.0,0.0,0.0,0.0
Rater_5,Person_195,3.0,1.0,0.0,1.0
Rater_5,Person_196,4.0,4.0,0.0,1.0
Rater_5,Person_197,1.0,2.0,0.0,0.0
Rater_5,Person_198,,0.0,0.0,0.0
Rater_5,Person_199,3.0,1.0,0.0,0.0
Rater_5,Person_200,3.0,2.0,2.0,0.0
Rater_5,Person_201,3.0,2.0,1.0,
Rater_5,Person_202,3.0,3.0,4.0,0.0
Rater_5,Person_203,3.0,2.0,1.0,0.0
Rater_5,Person_204,3.0,0.0,0.0,
Rater_5,Person_205,4.0,4.0,3.0,1.0
Rater_5,Person_206,4.0,3.0,1.0,0.0
Rater_5,Person_207,3.0,2.0,1.0,0.0
Rater_5,Person_208,3.0,0.0,2.0,
Rater_5,Person_209,5.0,4.0,3.0,
Rater_5,Person_210,1.0,0.0,1.0,0.0
Rater_5,Person_211,5.0,5.0,5.0,2.0
Rater_5,Person_212,1.0,1.0,0.0,
Rater_5,Person_213,4.0,1.0,3.0,2.0
Rater_5,Person_214,2.0,0.0,0.0,0.0
Rater_5,Person_215,1.0,0.0,1.0,0.0
Rater_5,Person_216,3.0,1.0,0.0,0.0
Rater_5,Person_217,5.0,4.0,,
Rater_5,Person_218,5.0,4.0,3.0,1.0
Rater_5,Person_219,5.0,3.0,5.0,2.0
Rater_5,Person_220,1.0,1.0,1.0,0.0
Rater_5,Person_221,3.0,1.0,1.0,3.0
Rater_5,Person_222,5.0,5.0,5.0,1.0
Rater_5,Person_223,3.0,,1.0,0.0
Rater_5,Person_224,4.0,4.0,3.0,3.0
Rater_5,Person_225,4.0,3.0,,1.0
Rater_5,Person_226,4.0,1.0,0.0,1.0
Rater_5,Person_227,2.0,,2.0,
Rater_5,Person_228,2.0,1.0,0.0,0.0
Rater_5,Person_229,3.0,2.0,1.0,1.0
Rater_5,Person_230,4.0,4.0,1.0,
Rater_5,Person_231,5.0,3.0,5.0,2.0
Rater_5,Person_232,2.0,1.0,0.0,0.0
Rater_5,Person_233,4.0,3.0,1.0,1.0
Rater_5,Person_234,4.0,0.0,0.0,0.0
Rater_5,Person_235,5.0,5.0,3.0,0.0
Rater_5,Person_236,5.0,5.0,5.0,2.0
Rater_5,Person_237,4.0,3.0,4.0,1.0
Rater_5,Person_238,1.0,1.0,0.0,0.0
Rater_5,Person_239,5.0,2.0,3.0,2.0
Rater_5,Person_240,2.0,1.0,4.0,0.0
Rater_5,Person_241,5.0,4.0,2.0,1.0
Rater_5,Person_242,2.0,2.0,0.0,0.0
Rater_5,Person_243,0.0,1.0,0.0,0.0
Rater_5,Person_244,3.0,5.0,3.0,2.0
Rater_5,Person_245,4.0,0.0,0.0,0.0
Rater_5,Person_246,4.0,3.0,2.0,0.0
Rater_5,Person_247,5.0,4.0,4.0,0.0
Rater_5,Person_248,4.0,1.0,0.0,0.0
Rater_5,Person_249,5.0,3.0,2.0,0.0
Rater_5,Person_250,4.0,4.0,0.0,1.0
Rater_5,Person_251,4.0,,3.0,4.0
Rater_5,Person_252,5.0,3.0,4.0,1.0
Rater_5,Person_253,5.0,5.0,4.0,2.0
Rater_5,Person_254,4.0,5.0,2.0,1.0
Rater_5,Person_255,5.0,5.0,3.0,2.0
Rater_5,Person_256,4.0,0.0,0.0,0.0
Rater_5,Person_257,4.0,4.0,,1.0
Rater_5,Person_258,4.0,2.0,0.0,0.0
Rater_5,Person_259,3.0,0.0,1.0,1.0
Rater_5,Person_260,1.0,1.0,1.0,1.0
Rater_5,Person_261,5.0,5.0,3.0,1.0
Rater_5,Person_262,4.0,4.0,1.0,0.0
Rater_5,Person_263,3.0,5.0,5.0,2.0
Rater_5,Person_264,0.0,0.0,0.0,0.0
Rater_5,Person_265,1.0,0.0,1.0,
Rater_5,Person_266,3.0,2.0,2.0,0.0
Rater_5,Person_267,2.0,0.0,0.0,0.0
Rater_5,Person_268,4.0,4.0,3.0,2.0
Rater_5,Person_269,1.0,0.0,0.0,0.0
Rater_5,Person_270,,2.0,4.0,1.0
Rater_5,Person_271,2.0,1.0,1.0,0.0
Rater_5,Person_272,5.0,5.0,4.0,1.0
Rater_5,Person_273,4.0,3.0,1.0,1.0
Rater_5,Person_274,4.0,3.0,,0.0
Rater_5,Person_275,,1.0,0.0,0.0
Rater_5,Person_276,2.0,,0.0,0.0
Rater_5,Person_277,1.0,0.0,1.0,0.0
Rater_5,Person_278,4.0,4.0,0.0,2.0
Rater_5,Person_279,3.0,2.0,1.0,0.0
Rater_5,Person_280,3.0,1.0,0.0,0.0
Rater_5,Person_281,4.0,1.0,1.0,
Rater_5,Person_282,4.0,2.0,4.0,1.0
Rater_5,Person_283,,3.0,4.0,1.0
Rater_5,Person_284,2.0,0.0,2.0,0.0
Rater_5,Person_285,2.0,0.0,0.0,0.0
Rater_5,Person_286,5.0,2.0,4.0,
Rater_5,Person_287,5.0,2.0,2.0,
Rater_5,Person_288,4.0,4.0,2.0,1.0
Rater_5,Person_289,5.0,2.0,3.0,
Rater_5,Person_290,5.0,5.0,4.0,2.0
Rater_5,Person_291,5.0,3.0,2.0,2.0
Rater_5,Person_292,3.0,2.0,,1.0
Rater_5,Person_293,5.0,3.0,,0.0
Rater_5,Person_294,5.0,2.0,0.0,0.0
Rater_5,Person_295,4.0,4.0,1.0,3.0
Rater_5,Person_296,3.0,,1.0,0.0
Rater_5,Person_297,,1.0,1.0,1.0
Rater_5,Person_298,1.0,1.0,0.0,0.0
Rater_5,Person_299,4.0,4.0,2.0,2.0
Rater_5,Person_300,,5.0,4.0,
Rater_5,Person_301,2.0,0.0,0.0,0.0
Rater_5,Person_302,5.0,2.0,2.0,1.0
Rater_5,Person_303,5.0,4.0,1.0,2.0
Rater_5,Person_304,3.0,,2.0,
Rater_5,Person_305,0.0,0.0,0.0,0.0
Rater_5,Person_306,3.0,5.0,,2.0
Rater_5,Person_307,,4.0,1.0,2.0
Rater_5,Person_308,4.0,4.0,,0.0
Rater_5,Person_309,,3.0,5.0,3.0
Rater_5,Person_310,2.0,0.0,0.0,0.0
Rater_5,Person_311,4.0,,4.0,1.0
Rater_5,Person_312,2.0,1.0,0.0,0.0
Rater_5,Person_313,4.0,2.0,3.0,2.0
Rater_5,Person_314,1.0,0.0,0.0,
Rater_5,Person_315,5.0,3.0,4.0,2.0
Rater_5,Person_316,0.0,1.0,0.0,0.0
Rater_5,Person_317,,4.0,3.0,1.0
Rater_5,Person_318,,3.0,5.0,1.0
Rater_5,Person_319,2.0,3.0,,2.0
Rater_5,Person_320,4.0,5.0,3.0,0.0
Rater_5,Person_321,,0.0,0.0,
Rater_5,Person_322,2.0,2.0,0.0,0.0
Rater_5,Person_323,4.0,4.0,1.0,0.0
Rater_5,Person_324,2.0,3.0,2.0,0.0
Rater_5,Person_325,5.0,1.0,1.0,2.0
Rater_5,Person_326,3.0,3.0,2.0,0.0
Rater_5,Person_327,5.0,3.0,0.0,0.0
Rater_5,Person_328,,0.0,1.0,0.0
Rater_5,Person_329,5.0,4.0,4.0,0.0
Rater_5,Person_330,3.0,,1.0,2.0
Rater_5,Person_331,3.0,3.0,2.0,0.0
Rater_5,Person_332,1.0,0.0,0.0,
Rater_5,Person_333,3.0,0.0,0.0,1.0
Rater_5,Person_334,5.0,4.0,2.0,
Rater_5,Person_335,3.0,1.0,0.0,0.0
Rater_5,Person_336,5.0,5.0,2.0,3.0
Rater_5,Person_337,4.0,3.0,2.0,
Rater_5,Person_338,4.0,5.0,,1.0
Rater_5,Person_339,,2.0,1.0,1.0
Rater_5,Person_340,0.0,0.0,0.0,1.0
Rater_5,Person_341,5.0,3.0,2.0,1.0
Rater_5,Person_342,5.0,5.0,3.0,2.0
Rater_5,Person_343,2.0,1.0,0.0,1.0
Rater_5,Person_344,1.0,0.0,,
Rater_5,Person_345,1.0,4.0,2.0,2.0
Rater_5,Person_346,3.0,2.0,1.0,0.0
Rater_5,Person_347,5.0,4.0,2.0,1.0
Rater_5,Person_348,5.0,5.0,2.0,0.0
Rater_5,Person_349,1.0,1.0,0.0,0.0
Rater_5,Person_350,4.0,2.0,1.0,1.0
Rater_5,Person_351,3.0,1.0,1.0,0.0
Rater_5,Person_352,1.0,0.0,0.0,0.0
Rater_5,Person_353,4.0,3.0,2.0,
Rater_5,Person_354,4.0,0.0,0.0,0.0
Rater_5,Person_355,4.0,2.0,2.0,0.0
Rater_5,Person_356,5.0,5.0,1.0,2.0
Rater_5,Person_357,,4.0,5.0,2.0
Rater_5,Person_358,,3.0,3.0,
Rater_5,Person_359,5.0,5.0,3.0,2.0
Rater_5,Person_360,2.0,0.0,0.0,0.0
Rater_5,Person_361,1.0,0.0,0.0,
Rater_5,Person_362,3.0,,1.0,0.0
Rater_5,Person_363,4.0,2.0,0.0,1.0
Rater_5,Person_364,4.0,,3.0,
Rater_5,Person_365,4.0,,1.0,
Rater_5,Person_366,1.0,4.0,1.0,1.0
Rater_5,Person_367,0.0,2.0,1.0,0.0
Rater_5,Person_368,5.0,5.0,3.0,4.0
Rater_5,Person_369,,,,
Rater_5,Person_370,4.0,2.0,2.0,0.0
Rater_5,Person_371,3.0,5.0,0.0,2.0
Rater_5,Person_372,2.0,3.0,1.0,0.0
Rater_5,Person_373,2.0,1.0,2.0,
Rater_5,Person_374,,1.0,2.0,1.0
Rater_5,Person_375,,5.0,1.0,3.0
Rater_5,Person_376,4.0,4.0,3.0,3.0
Rater_5,Person_377,1.0,0.0,0.0,
Rater_5,Person_378,1.0,2.0,0.0,0.0
Rater_5,Person_379,5.0,3.0,4.0,0.0
Rater_5,Person_380,1.0,1.0,1.0,1.0
Rater_5,Person_381,4.0,,5.0,
Rater_5,Person_382,5.0,2.0,,1.0
Rater_5,Person_383,3.0,4.0,2.0,
Rater_5,Person_384,,3.0,0.0,1.0
Rater_5,Person_385,2.0,2.0,0.0,1.0
Rater_5,Person_386,2.0,,2.0,1.0
Rater_5,Person_387,3.0,3.0,1.0,0.0
Rater_5,Person_388,5.0,5.0,1.0,3.0
Rater_5,Person_389,4.0,5.0,4.0,4.0
Rater_5,Person_390,4.0,3.0,2.0,0.0
Rater_5,Person_391,3.0,4.0,3.0,0.0
Rater_5,Person_392,2.0,1.0,1.0,0.0
Rater_5,Person_393,3.0,0.0,1.0,0.0
Rater_5,Person_394,2.0,0.0,2.0,
Rater_5,Person_395,4.0,1.0,1.0,1.0
Rater_5,Person_396,2.0,3.0,1.0,0.0
Rater_5,Person_397,1.0,0.0,1.0,0.0
Rater_5,Person_398,4.0,5.0,3.0,4.0
Rater_5,Person_399,4.0,4.0,3.0,2.0
Rater_5,Person_400,3.0,1.0,0.0,
Rater_5,Person_401,2.0,2.0,0.0,0.0
Rater_5,Person_402,4.0,0.0,1.0,0.0
Rater_5,Person_403,,,,1.0
Rater_5,Person_404,3.0,3.0,3.0,0.0
Rater_5,Person_405,5.0,5.0,3.0,1.0
Rater_5,Person_406,5.0,3.0,1.0,1.0
Rater_5,Person_407,2.0,1.0,1.0,0.0
Rater_5,Person_408,2.0,2.0,1.0,0.0
Rater_5,Person_409,5.0,4.0,2.0,4.0
Rater_5,Person_410,5.0,3.0,3.0,3.0
Rater_5,Person_411,3.0,,0.0,2.0
Rater_5,Person_412,1.0,1.0,1.0,0.0
Rater_5,Person_413,5.0,5.0,3.0,2.0
Rater_5,Person_414,3.0,1.0,0.0,0.0
Rater_5,Person_415,4.0,4.0,0.0,1.0
Rater_5,Person_416,5.0,3.0,3.0,0.0
Rater_5,Person_417,4.0,0.0,0.0,0.0
Rater_5,Person_418,0.0,0.0,0.0,0.0
Rater_5,Person_419,2.0,3.0,,2.0
Rater_5,Person_420,3.0,2.0,2.0,1.0
Rater_5,Person_421,3.0,4.0,0.0,1.0
Rater_5,Person_422,3.0,3.0,0.0,0.0
Rater_5,Person_423,5.0,3.0,1.0,1.0
Rater_5,Person_424,0.0,2.0,0.0,0.0
Rater_5,Person_425,4.0,3.0,2.0,1.0
Rater_5,Person_426,5.0,5.0,2.0,3.0
Rater_5,Person_427,5.0,5.0,3.0,
Rater_5,Person_428,2.0,2.0,0.0,
Rater_5,Person_429,,3.0,5.0,2.0
Rater_5,Person_430,5.0,5.0,2.0,5.0
Rater_5,Person_431,,0.0,0.0,0.0
Rater_5,Person_432,,,1.0,0.0
Rater_5,Person_433,3.0,1.0,2.0,1.0
Rater_5,Person_434,1.0,3.0,3.0,0.0
Rater_5,Person_435,5.0,2.0,0.0,0.0
Rater_5,Person_436,2.0,2.0,0.0,0.0
Rater_5,Person_437,2.0,1.0,1.0,0.0
Rater_5,Person_438,4.0,5.0,1.0,1.0
Rater_5,Person_439,5.0,5.0,4.0,3.0
Rater_5,Person_440,3.0,2.0,3.0,1.0
Rater_5,Person_441,0.0,2.0,,0.0
Rater_5,Person_442,5.0,,4.0,1.0
Rater_5,Person_443,,2.0,1.0,0.0
Rater_5,Person_444,2.0,1.0,0.0,
Rater_5,Person_445,,3.0,1.0,0.0
Rater_5,Person_446,,1.0,0.0,0.0
Rater_5,Person_447,5.0,,5.0,3.0
Rater_5,Person_448,3.0,0.0,1.0,1.0
Rater_5,Person_449,5.0,5.0,3.0,0.0
Rater_5,Person_450,5.0,4.0,4.0,2.0
Rater_5,Person_451,4.0,1.0,0.0,0.0
Rater_5,Person_452,4.0,0.0,0.0,1.0
Rater_5,Person_453,5.0,4.0,4.0,3.0
Rater_5,Person_454,2.0,3.0,0.0,0.0
Rater_5,Person_455,5.0,4.0,,0.0
Rater_5,Person_456,0.0,0.0,0.0,0.0
Rater_5,Person_457,4.0,5.0,0.0,1.0
Rater_5,Person_458,5.0,,3.0,3.0
Rater_5,Person_459,1.0,0.0,0.0,2.0
Rater_5,Person_460,3.0,1.0,0.0,
Rater_5,Person_461,4.0,5.0,4.0,1.0
Rater_5,Person_462,2.0,0.0,0.0,0.0
Rater_5,Person_463,5.0,,3.0,1.0
Rater_5,Person_464,5.0,4.0,4.0,2.0
Rater_5,Person_465,2.0,1.0,0.0,0.0
Rater_5,Person_466,4.0,2.0,3.0,0.0
Rater_5,Person_467,5.0,4.0,5.0,1.0
Rater_5,Person_468,4.0,0.0,,0.0
Rater_5,Person_469,3.0,,2.0,1.0
Rater_5,Person_470,4.0,,,2.0
Rater_5,Person_471,2.0,2.0,0.0,0.0
Rater_5,Person_472,2.0,0.0,0.0,0.0
Rater_5,Person_473,4.0,,0.0,0.0
Rater_5,Person_474,5.0,0.0,,0.0
Rater_5,Person_475,5.0,3.0,3.0,0.0
Rater_5,Person_476,4.0,3.0,0.0,0.0
Rater_5,Person_477,4.0,3.0,2.0,0.0
Rater_5,Person_478,4.0,1.0,2.0,0.0
Rater_5,Person_479,0.0,1.0,1.0,0.0
Rater_5,Person_480,5.0,4.0,5.0,1.0
Rater_5,Person_481,5.0,4.0,3.0,4.0
Rater_5,Person_482,4.0,0.0,0.0,1.0
Rater_5,Person_483,1.0,1.0,1.0,0.0
Rater_5,Person_484,2.0,2.0,0.0,0.0
Rater_5,Person_485,4.0,2.0,0.0,0.0
Rater_5,Person_486,2.0,3.0,0.0,0.0
Rater_5,Person_487,5.0,5.0,2.0,2.0
Rater_5,Person_488,5.0,4.0,5.0,0.0
Rater_5,Person_489,,1.0,0.0,0.0
Rater_5,Person_490,1.0,2.0,0.0,0.0
Rater_5,Person_491,5.0,4.0,4.0,0.0
Rater_5,Person_492,5.0,5.0,2.0,0.0
Rater_5,Person_493,3.0,1.0,0.0,1.0
Rater_5,Person_494,2.0,4.0,2.0,3.0
Rater_5,Person_495,,0.0,1.0,1.0
Rater_5,Person_496,5.0,5.0,1.0,2.0
Rater_5,Person_497,5.0,3.0,2.0,1.0
Rater_5,Person_498,5.0,4.0,3.0,2.0
Rater_5,Person_499,2.0,2.0,0.0,0.0
Rater_5,Person_500,,5.0,4.0,2.0
