,lambda,lambda,omega,omega,Overall statistics,Overall statistics,Overall statistics
,Estimate,SE,Estimate,SE,Count,Infit MS,Outfit MS
Rater_1,0.604,0.037,1.449,0.057,2400.0,0.941,0.944
Rater_2,-0.908,0.041,0.515,0.062,2400.0,0.965,0.975
Rater_3,0.435,0.04,1.063,0.053,2400.0,0.979,0.973
Rater_4,0.611,0.039,1.073,0.054,2400.0,0.974,0.98
Rater_5,-0.89,0.041,1.09,0.061,2400.0,0.95,0.954
Rater_6,0.972,0.04,1.161,0.059,2400.0,0.941,0.948
Rater_7,-1.028,0.041,0.965,0.063,2400.0,0.936,0.918
Rater_8,0.203,0.039,0.722,0.054,2400.0,0.945,0.95
