,Item_1,Item_1,Item_2,Item_2,Item_3,Item_3,Item_4,Item_4,Item_5,Item_5,Item_6,Item_6,Item_7,Item_7,Item_8,Item_8,Item_9,Item_9,Item_10,Item_10,Item_11,Item_11,Item_12,Item_12,Overall statistics,Overall statistics,Overall statistics
,Estimate,SE,Estimate,SE,Estimate,SE,Estimate,SE,Estimate,SE,Estimate,SE,Estimate,SE,Estimate,SE,Estimate,SE,Estimate,SE,Estimate,SE,Estimate,SE,Count,Infit MS,Outfit MS
Rater_1,1.029,0.068,0.728,0.042,0.418,0.049,0.93,0.057,0.991,0.063,0.515,0.043,0.527,0.043,0.141,0.071,0.232,0.063,0.528,0.044,0.198,0.068,1.008,0.066,2400.0,0.941,0.944
Rater_2,-1.367,0.078,-1.042,0.05,-0.708,0.053,-1.26,0.066,-1.326,0.072,-0.812,0.051,-0.825,0.049,-0.408,0.075,-0.506,0.067,-0.827,0.048,-0.47,0.066,-1.345,0.069,2400.0,0.965,0.975
Rater_3,0.494,0.06,0.452,0.041,0.409,0.048,0.48,0.052,0.489,0.056,0.422,0.043,0.424,0.042,0.37,0.071,0.383,0.063,0.424,0.042,0.378,0.066,0.491,0.058,2400.0,0.979,0.973
Rater_4,0.68,0.058,0.631,0.039,0.581,0.048,0.664,0.05,0.674,0.056,0.596,0.043,0.598,0.042,0.536,0.074,0.551,0.065,0.599,0.042,0.545,0.068,0.676,0.056,2400.0,0.974,0.98
Rater_5,-0.805,0.074,-0.865,0.047,-0.927,0.047,-0.825,0.063,-0.812,0.069,-0.908,0.042,-0.905,0.042,-0.983,0.073,-0.965,0.063,-0.905,0.042,-0.971,0.066,-0.809,0.071,2400.0,0.95,0.954
Rater_6,1.125,0.07,1.016,0.044,0.905,0.048,1.089,0.06,1.111,0.066,0.94,0.043,0.944,0.041,0.806,0.073,0.838,0.063,0.945,0.042,0.826,0.067,1.117,0.067,2400.0,0.941,0.948
Rater_7,-1.061,0.075,-1.037,0.046,-1.013,0.047,-1.053,0.064,-1.058,0.071,-1.021,0.042,-1.022,0.042,-0.992,0.074,-0.999,0.064,-1.022,0.042,-0.996,0.068,-1.059,0.073,2400.0,0.936,0.918
Rater_8,-0.061,0.062,0.126,0.042,0.318,0.048,0.001,0.054,-0.037,0.058,0.258,0.041,0.25,0.042,0.49,0.074,0.434,0.063,0.25,0.044,0.454,0.067,-0.048,0.059,2400.0,0.945,0.95
